candidate,selected,n,days,mae,rmse,wape,daily_peak_mae,peak_underprediction,peak_day_recall,alarm_precision,false_alarm_days,interval_tp,interval_fn,interval_fp,interval_tn,interval_recall,interval_precision,interval_f1,interval_false_positive_rate,interval_peak_rate,zero_production_mae,positive_production_mae
naive,True,2784,29,12.177083333333334,26.3811924146425,0.1201447364690539,16.620689655172413,10.620689655172415,0.95,1.0,0,282,160,87,2255,0.6380090497737556,0.7642276422764228,0.6954377311960542,0.037147736976942784,0.15876436781609196,5.080392156862745,16.28061224489796
B1_LGB_medium_a0.25,False,2784,29,15.829077227895196,26.91861845202988,0.15617699740034385,22.186368753394017,16.589285057128723,0.75,1.0,0,146,296,53,2289,0.33031674208144796,0.7336683417085427,0.45553822152886114,0.022630230572160546,0.15876436781609196,9.604268251322512,19.42845656809029
B1_LGB_medium_a0.5,False,2784,29,21.782166911122722,32.22460720394844,0.21491293371525352,31.14882870527712,24.061981396436117,0.6,1.0,0,100,342,49,2293,0.22624434389140272,0.6711409395973155,0.338409475465313,0.020922288642186166,0.15876436781609196,15.240198023545545,25.56493803659252
B1_LGB_medium_a1.0,False,2784,29,35.33119906900851,50.21511367526769,0.3485939518588915,51.63773362321491,38.422415613651744,0.35,1.0,0,60,382,76,2266,0.13574660633484162,0.4411764705882353,0.20761245674740483,0.032450896669513236,0.15876436781609196,27.248230823604025,40.00502424492268
B1_LGB_smooth_a0.25,False,2784,29,14.701717490062087,26.264716177153772,0.1450539447858469,19.91606354046019,14.099409412396616,0.9,1.0,0,172,270,56,2286,0.3891402714932127,0.7543859649122807,0.5134328358208955,0.02391118701964133,0.15876436781609196,9.142810723707406,17.91605133455289
B1_LGB_smooth_a0.5,False,2784,29,18.7015088973178,29.194669409231473,0.1845177368451871,25.3224578516579,18.616398003265434,0.7,1.0,0,104,338,47,2295,0.23529411764705882,0.6887417218543046,0.35075885328836426,0.020068317677198976,0.15876436781609196,14.27813782610837,21.259240469105563
B1_LGB_smooth_a1.0,False,2784,29,28.31495665144377,41.02671988118869,0.27936845892383066,40.05830835638037,29.22399736545226,0.35,1.0,0,59,383,75,2267,0.1334841628959276,0.44029850746268656,0.2048611111111111,0.03202391118701964,0.15876436781609196,25.214299461021323,30.107853666313893
B3_LGB_medium_a0.25,False,2784,29,15.799453986765775,26.729749458748213,0.15588472080163562,21.6303284798391,16.674605352157606,0.85,1.0,0,130,312,37,2305,0.29411764705882354,0.7784431137724551,0.4269293924466338,0.015798462852263023,0.15876436781609196,9.303409901440284,19.55566995447099
B3_LGB_medium_a0.5,False,2784,29,22.190587032962114,32.14611195356489,0.2189425955450885,31.752230331083773,25.07952958651518,0.55,1.0,0,80,362,37,2305,0.18099547511312217,0.6837606837606838,0.28622540250447226,0.015798462852263023,0.15876436781609196,14.479710293018314,26.649257256739144
B3_LGB_medium_a1.0,False,2784,29,36.581473914648306,50.71785654996014,0.3609297417792977,54.23822689906124,41.089498032749816,0.25,1.0,0,69,373,63,2279,0.15610859728506787,0.5227272727272727,0.24041811846689895,0.0269000853970965,0.15876436781609196,25.457068156070257,43.01395343491452
B3_LGB_smooth_a0.25,False,2784,29,14.335390526801286,25.966253627925422,0.14143959352802152,19.39998144001662,13.762007618192268,0.9,1.0,0,179,263,49,2293,0.40497737556561086,0.7850877192982456,0.5343283582089552,0.020922288642186166,0.15876436781609196,8.810111507771646,17.53027975549189
B3_LGB_smooth_a0.5,False,2784,29,17.897878847541474,28.28283145795075,0.17658875106870894,24.97084804396741,18.262458995677065,0.7,1.0,0,98,344,43,2299,0.22171945701357465,0.6950354609929078,0.3361921097770154,0.018360375747224593,0.15876436781609196,13.466936413932771,20.459988417995483
B3_LGB_smooth_a1.0,False,2784,29,26.696120377614335,38.645085736355455,0.26339627148109745,39.09757404943551,28.424153552563393,0.3,1.0,0,52,390,68,2274,0.11764705882352941,0.43333333333333335,0.18505338078291814,0.029035012809564473,0.15876436781609196,23.351413265766013,28.630134693989206
