candidate,fold,n,days,mae,rmse,wape,daily_peak_mae,peak_underprediction,peak_day_recall,alarm_precision,false_alarm_days,interval_tp,interval_fn,interval_fp,interval_tn,interval_recall,interval_precision,interval_f1,interval_false_positive_rate,interval_peak_rate,zero_production_mae,positive_production_mae
naive,2021-04-01,2880,30,23.688194444444445,43.80039954155669,0.25044143505857047,21.466666666666665,11.5,0.8333333333333334,0.625,6,16,39,98,2727,0.2909090909090909,0.14035087719298245,0.1893491124260355,0.034690265486725665,0.019097222222222224,28.36,21.203191489361704
mixture,2021-04-01,2880,30,20.818560539713822,33.141367944831124,0.2201024729701359,21.60173064229672,16.341286042348923,0.25,0.75,1,2,53,10,2815,0.03636363636363636,0.16666666666666666,0.05970149253731343,0.0035398230088495575,0.019097222222222224,22.36279102543736,19.997161345180025
predicted_state_0.5,2021-04-01,2880,30,20.16178360401885,35.46055967911809,0.2131587542888923,18.1206179205385,12.103516030980312,0.3333333333333333,0.6666666666666666,2,2,53,32,2793,0.03636363636363636,0.058823529411764705,0.0449438202247191,0.011327433628318584,0.019097222222222224,22.228223092465445,19.062613663355773
predicted_state_0.75,2021-04-01,2880,30,22.535875799714,40.75327646547873,0.23825864351201076,21.134675684233798,15.017573794675616,0.3333333333333333,0.6666666666666666,2,3,52,33,2792,0.05454545454545454,0.08333333333333333,0.06593406593406594,0.01168141592920354,0.019097222222222224,28.083708473449207,19.5849009732591
predicted_state_0.9,2021-04-01,2880,30,22.07324628510222,41.34694482102677,0.23336753204247462,17.555320627505182,11.004885404613658,0.4166666666666667,0.625,3,4,51,39,2786,0.07272727272727272,0.09302325581395349,0.08163265306122448,0.013805309734513275,0.019097222222222224,28.38094616841471,18.718086772701955
naive,2021-05-01,2976,31,25.22076612903226,47.38397331819436,0.29346538369806185,24.677419354838708,12.064516129032258,0.36363636363636365,0.36363636363636365,7,6,47,47,2876,0.11320754716981132,0.11320754716981132,0.11320754716981132,0.016079370509750255,0.017809139784946238,31.525974025974026,20.766628440366972
mixture,2021-05-01,2976,31,22.918124526392994,34.413505844624815,0.2666721610822039,22.72390809015235,13.941646788415975,0.0,0.0,2,0,53,24,2899,0.0,0.0,0.0,0.008210742387957578,0.017809139784946238,34.61241375791901,14.657021124305817
predicted_state_0.5,2021-05-01,2976,31,22.432960310794186,42.50462218685533,0.26102685665493763,27.140407927720087,16.13742016731082,0.0,0.0,4,0,53,32,2891,0.0,0.0,0.0,0.01094765651727677,0.017809139784946238,31.596009210195714,15.95998081305182
predicted_state_0.75,2021-05-01,2976,31,23.18056680048025,44.19023213382032,0.2697259034732787,27.849612816163823,16.846625055754565,0.0,0.0,4,0,53,32,2891,0.0,0.0,0.0,0.01094765651727677,0.017809139784946238,31.536156607321704,17.277994184638114
predicted_state_0.9,2021-05-01,2976,31,23.7725489836665,44.77637318523938,0.27661412715539707,27.653117996876215,16.650130236466957,0.0,0.0,4,0,53,32,2891,0.0,0.0,0.0,0.01094765651727677,0.017809139784946238,31.80373083403643,18.09914529120334
naive,2021-06-01,2880,30,8.136458333333334,11.687318031857343,0.0791030064070971,10.433333333333334,7.8,0.8571428571428571,0.9473684210526315,1,92,176,96,2516,0.34328358208955223,0.48936170212765956,0.40350877192982454,0.036753445635528334,0.09305555555555556,2.678251121076233,10.585513078470825
mixture,2021-06-01,2880,30,7.947272328534783,11.60774909118193,0.07726373173295495,14.47590384353513,14.309532296672945,0.42857142857142855,1.0,0,62,206,13,2599,0.23134328358208955,0.8266666666666667,0.36151603498542273,0.0049770290964777945,0.09305555555555556,3.510987124653346,9.937798687620418
predicted_state_0.5,2021-06-01,2880,30,7.653860498321137,11.519984432736255,0.07441116899196201,14.37958639636281,14.37958639636281,0.42857142857142855,1.0,0,62,206,13,2599,0.23134328358208955,0.8266666666666667,0.36151603498542273,0.0049770290964777945,0.09305555555555556,2.5810723578937598,9.929980730343884
predicted_state_0.75,2021-06-01,2880,30,7.457923775181793,11.087354581406004,0.07250626353667561,14.37958639636281,14.37958639636281,0.42857142857142855,1.0,0,62,206,13,2599,0.23134328358208955,0.8266666666666667,0.36151603498542273,0.0049770290964777945,0.09305555555555556,2.556775392978598,9.65703059456069
predicted_state_0.9,2021-06-01,2880,30,7.177792089127403,10.539508755648777,0.06978281094231899,13.994970531407954,13.994970531407954,0.42857142857142855,1.0,0,62,206,13,2599,0.23134328358208955,0.8266666666666667,0.36151603498542273,0.0049770290964777945,0.09305555555555556,2.5176789487971796,9.268748286901326
