rule,days,executed_days,mean_reduction,executed_mean_reduction,worsened_days,worsened_rate_executed,mean_harm,missed_positive_gain_sum,period_max_reduction,model
always,30,30,8.702593693209137,8.702593693209137,2,0.06666666666666667,0.06187464894985529,0.0,21.0137543585046,AI
never,30,0,0.0,,0,0.0,0.0,262.9340502647698,0.0,AI
peak_only,30,1,0.496507676141753,14.895230284252591,0,0.0,0.0,248.03881998051722,0.0,AI
agree_q25,30,10,3.54539318813747,10.63617956441241,0,0.0,0.0,156.57225462064568,0.0,AI
agree_q25_peak,30,1,0.496507676141753,14.895230284252591,0,0.0,0.0,248.03881998051722,0.0,AI
agree_q50,30,20,6.321246597635641,9.481869896453462,1,0.05,0.01823248677472596,72.74967773245876,14.0,AI
agree_q50_peak,30,1,0.496507676141753,14.895230284252591,0,0.0,0.0,248.03881998051722,0.0,AI
agree_q75,30,28,8.395040591010206,8.994686347510934,2,0.07142857142857142,0.06187464894985529,9.22659306596799,21.0137543585046,AI
agree_q75_peak,30,1,0.496507676141753,14.895230284252591,0,0.0,0.0,248.03881998051722,0.0,AI
always,30,30,0.022387795659881013,0.022387795659881013,15,0.5,1.5302678847037952,0.0,0.0,SeasonalNaive
never,30,0,0.0,,0,0.0,0.0,46.57967041091028,0.0,SeasonalNaive
peak_only,30,19,0.43873290534642234,0.6927361663364563,10,0.5263157894736842,0.9443552268893417,5.08702644383736,0.0,SeasonalNaive
agree_q25,30,10,0.24816597167128548,0.7444979150138564,5,0.5,0.7034493189009368,18.031211693743614,0.0,SeasonalNaive
agree_q25_peak,30,7,0.6253986821986435,2.680280066565615,4,0.5714285714285714,0.2601127710777424,20.014326812618705,0.0,SeasonalNaive
agree_q50,30,20,-0.2759824317339209,-0.4139736476008814,10,0.5,1.3256960569931522,15.088261653133344,0.0,SeasonalNaive
agree_q50_peak,30,13,0.1176107957462212,0.27140952864512585,7,0.5384615384615384,0.8296101073714927,18.163043317378865,0.0,SeasonalNaive
agree_q75,30,28,0.07272732154498247,0.07792213022676694,14,0.5,1.4799283588186936,0.0,0.0,SeasonalNaive
agree_q75_peak,30,19,0.43873290534642234,0.6927361663364563,10,0.5263157894736842,0.9443552268893417,5.08702644383736,0.0,SeasonalNaive
