candidate,fold,n,days,mae,rmse,wape,daily_peak_mae,peak_underprediction,peak_day_recall,alarm_precision,false_alarm_days,daily_mean_mae,interval_tp,interval_fn,interval_fp,interval_tn,interval_recall,interval_precision,interval_f1,interval_false_positive_rate,interval_peak_rate,day_tp,day_fn,day_fp,day_tn,day_recall,day_precision,day_f1,day_false_positive_rate,day_peak_rate
Ridge_F2,2021-04,2880,30,51.61796705890122,60.30420040562599,0.5457265970758296,44.19145919263709,3.3855731471869945,0.8333333333333334,0.47619047619047616,11,49.87677174432015,39,16,700,2125,0.7090909090909091,0.05277401894451962,0.0982367758186398,0.24778761061946902,0.019097222222222224,10,2,11,7,0.8333333333333334,0.47619047619047616,0.6060606060606061,0.6111111111111112,0.4
ExtraTrees_F2,2021-04,2880,30,23.36288949756041,32.90787706296727,0.2470021759829005,25.160175362296524,19.500931946888684,0.0,0.0,1,17.335822475899345,0,55,1,2824,0.0,0.0,0.0,0.00035398230088495576,0.019097222222222224,0,12,1,17,0.0,0.0,0.0,0.05555555555555555,0.4
LGB_F0,2021-04,2880,30,37.87049959421528,59.510885513251175,0.40038265841678083,48.32503566945683,27.39851913700945,0.3333333333333333,0.5714285714285714,3,35.78724871633197,11,44,40,2785,0.2,0.21568627450980393,0.20754716981132076,0.01415929203539823,0.019097222222222224,4,8,3,15,0.3333333333333333,0.5714285714285714,0.42105263157894735,0.16666666666666666,0.4
LGB_F1,2021-04,2880,30,24.05392298200197,34.6608735302729,0.2543080691324587,24.02774850110696,15.881692878598468,0.3333333333333333,0.6666666666666666,2,17.66577240053668,10,45,42,2783,0.18181818181818182,0.19230769230769232,0.18691588785046728,0.014867256637168142,0.019097222222222224,4,8,2,16,0.3333333333333333,0.6666666666666666,0.4444444444444444,0.1111111111111111,0.4
LGB_F2,2021-04,2880,30,23.252086136764866,35.6143864935584,0.2458307168093434,22.913972525219265,17.80176788184894,0.25,0.6,2,15.691243522778874,3,52,34,2791,0.05454545454545454,0.08108108108108109,0.06521739130434782,0.012035398230088496,0.019097222222222224,3,9,2,16,0.25,0.6,0.35294117647058826,0.1111111111111111,0.4
LGB_F3,2021-04,2880,30,22.652301090865887,35.311857665739936,0.23948954006943196,21.169114996328354,15.451315278807007,0.3333333333333333,1.0,0,16.719055915398076,7,48,17,2808,0.12727272727272726,0.2916666666666667,0.17721518987341772,0.006017699115044248,0.019097222222222224,4,8,0,18,0.3333333333333333,1.0,0.5,0.0,0.4
LGB_B1,2021-04,2880,30,23.919689792427505,37.392910440850976,0.25288890007302023,22.407448935501385,16.72626224617321,0.25,0.6,2,16.765463964657496,5,50,33,2792,0.09090909090909091,0.13157894736842105,0.10752688172043011,0.01168141592920354,0.019097222222222224,3,9,2,16,0.25,0.6,0.35294117647058826,0.1111111111111111,0.4
Mixture_B1,2021-04,2880,30,20.826603649503696,33.153261243972544,0.22018750806906812,21.594813010916653,16.334639425631206,0.25,0.75,1,15.360106164740845,2,53,10,2815,0.03636363636363636,0.16666666666666666,0.05970149253731343,0.0035398230088495575,0.019097222222222224,3,9,1,17,0.25,0.75,0.375,0.05555555555555555,0.4
Ridge_F2,2021-05,2976,31,29.05805524788766,39.93974952984717,0.33811555482545685,32.33314287563419,26.490348448522948,0.09090909090909091,0.3333333333333333,2,23.691761411413093,3,50,40,2883,0.05660377358490566,0.06976744186046512,0.0625,0.013684570646595963,0.017809139784946238,1,10,2,18,0.09090909090909091,0.3333333333333333,0.14285714285714285,0.1,0.3548387096774194
ExtraTrees_F2,2021-05,2976,31,22.030293527740444,35.467140567151446,0.2563414810645703,25.616263012386003,18.238154651227397,0.0,0.0,0,16.887284076354256,0,53,0,2923,0.0,,0.0,0.0,0.017809139784946238,0,11,0,20,0.0,,0.0,0.0,0.3548387096774194
LGB_F0,2021-05,2976,31,25.822484721505457,42.18654965229586,0.3004668989064018,27.756091266218956,22.58092192467288,0.0,0.0,0,20.810877469298802,0,53,0,2923,0.0,,0.0,0.0,0.017809139784946238,0,11,0,20,0.0,,0.0,0.0,0.3548387096774194
LGB_F1,2021-05,2976,31,24.080250532935718,40.925275060778155,0.28019450027962317,26.58229238537203,19.01408639828773,0.0,0.0,0,19.688577714413668,0,53,0,2923,0.0,,0.0,0.0,0.017809139784946238,0,11,0,20,0.0,,0.0,0.0,0.3548387096774194
LGB_F2,2021-05,2976,31,25.642161166142966,40.666047330652624,0.29836867869003275,23.158766593265394,11.818126454983101,0.09090909090909091,0.25,3,19.639009760493877,1,52,25,2898,0.018867924528301886,0.038461538461538464,0.02531645569620253,0.008552856654122478,0.017809139784946238,1,10,3,17,0.09090909090909091,0.25,0.13333333333333333,0.15,0.3548387096774194
LGB_F3,2021-05,2976,31,26.76440860118533,42.55196532329788,0.31142699628609344,22.78636222457301,10.604961136042293,0.18181818181818182,0.6666666666666666,1,20.303742304486846,1,52,4,2919,0.018867924528301886,0.2,0.034482758620689655,0.0013684570646595963,0.017809139784946238,2,9,1,19,0.18181818181818182,0.6666666666666666,0.2857142857142857,0.05,0.3548387096774194
LGB_B1,2021-05,2976,31,24.77086468726576,40.897485013639695,0.28823039208207235,24.40525578959469,11.67480418722513,0.0,0.0,0,18.76140915242097,0,53,0,2923,0.0,,0.0,0.0,0.017809139784946238,0,11,0,20,0.0,,0.0,0.0,0.3548387096774194
Mixture_B1,2021-05,2976,31,22.978114544177615,34.52327751819923,0.2673701967206594,22.618575230033453,13.838468048689316,0.0,0.0,2,17.018545444492613,0,53,24,2899,0.0,0.0,0.0,0.008210742387957578,0.017809139784946238,0,11,2,18,0.0,0.0,0.0,0.1,0.3548387096774194
Ridge_F2,2021-06,2880,30,14.467142533176625,18.43633287730218,0.14065019712642263,26.9547242872988,26.290550089105047,0.14285714285714285,1.0,0,9.312136288729858,5,263,1,2611,0.018656716417910446,0.8333333333333334,0.0364963503649635,0.00038284839203675346,0.09305555555555556,3,18,0,9,0.14285714285714285,1.0,0.25,0.0,0.7
ExtraTrees_F2,2021-06,2880,30,13.332177430931155,16.94244172002499,0.1296160163960981,23.12653798535867,21.109474104448562,0.09523809523809523,1.0,0,10.934266589483313,7,261,0,2612,0.026119402985074626,1.0,0.05090909090909091,0.0,0.09305555555555556,2,19,0,9,0.09523809523809523,1.0,0.17391304347826086,0.0,0.7
LGB_F0,2021-06,2880,30,40.78020512894221,56.016256691456974,0.3964669510297723,41.34235507526084,20.196958221299344,0.0,0.0,1,30.100044626971158,0,268,4,2608,0.0,0.0,0.0,0.0015313935681470138,0.09305555555555556,0,21,1,8,0.0,0.0,0.0,0.1111111111111111,0.7
LGB_F1,2021-06,2880,30,19.457513307365428,26.40582622245855,0.1891668016676426,20.673268740046336,14.232236130892966,0.38095238095238093,1.0,0,13.806757789232961,25,243,29,2583,0.09328358208955224,0.46296296296296297,0.15527950310559005,0.01110260336906585,0.09305555555555556,8,13,0,9,0.38095238095238093,1.0,0.5517241379310345,0.0,0.7
LGB_F2,2021-06,2880,30,11.722459139045277,17.151050968163194,0.11396626423857625,26.124881746631566,25.72388898448399,0.047619047619047616,1.0,0,9.969577442420038,3,265,0,2612,0.011194029850746268,1.0,0.02214022140221402,0.0,0.09305555555555556,1,20,0,9,0.047619047619047616,1.0,0.09090909090909091,0.0,0.7
LGB_F3,2021-06,2880,30,12.759532290333741,17.29975230139421,0.12404873510860055,24.992178320159507,24.741976013048312,0.0,0.0,0,11.052758653260964,0,268,0,2612,0.0,,0.0,0.0,0.09305555555555556,0,21,0,9,0.0,,0.0,0.0,0.7
LGB_B1,2021-06,2880,30,11.044800397965458,17.14123775063642,0.10737803610031435,18.712285192164135,18.330678984151792,0.47619047619047616,1.0,0,8.475254819961835,67,201,14,2598,0.25,0.8271604938271605,0.3839541547277937,0.005359877488514548,0.09305555555555556,10,11,0,9,0.47619047619047616,1.0,0.6451612903225806,0.0,0.7
Mixture_B1,2021-06,2880,30,8.090042375012082,11.940793277266662,0.07865174841522174,14.710686300569856,14.512559132280066,0.42857142857142855,1.0,0,5.401324252646193,61,207,13,2599,0.22761194029850745,0.8243243243243243,0.3567251461988304,0.0049770290964777945,0.09305555555555556,9,12,0,9,0.42857142857142855,1.0,0.6,0.0,0.7
reference,2021-04,2880,30,20.128959768906107,35.41791587089747,0.21281172706446455,18.119353840760308,12.102254244261287,0.3333333333333333,0.6666666666666666,2,15.59222032629354,2,53,32,2793,0.03636363636363636,0.058823529411764705,0.0449438202247191,0.011327433628318584,0.019097222222222224,4,8,2,16,0.3333333333333333,0.6666666666666666,0.4444444444444444,0.1111111111111111,0.4
reference,2021-05,2976,31,22.644060153896145,43.00856277578204,0.26348318554429695,27.035274592608538,16.034264241109444,0.0,0.0,4,17.828344996737453,0,53,32,2891,0.0,0.0,0.0,0.01094765651727677,0.017809139784946238,0,11,4,16,0.0,0.0,0.0,0.2,0.3548387096774194
reference,2021-06,2880,30,7.768407214315837,11.816167728144485,0.07552479721176371,14.588974795633536,14.588974795633536,0.42857142857142855,1.0,0,5.172406805713629,61,207,13,2599,0.22761194029850745,0.8243243243243243,0.3567251461988304,0.0049770290964777945,0.09305555555555556,9,12,0,9,0.42857142857142855,1.0,0.6,0.0,0.7
naive,2021-04,2880,30,23.688194444444445,43.80039954155669,0.25044143505857047,21.466666666666665,11.5,0.8333333333333334,0.625,6,18.968750000000007,16,39,98,2727,0.2909090909090909,0.14035087719298245,0.1893491124260355,0.034690265486725665,0.019097222222222224,10,2,6,12,0.8333333333333334,0.625,0.7142857142857143,0.3333333333333333,0.4
naive,2021-05,2976,31,25.22076612903226,47.38397331819436,0.29346538369806185,24.677419354838708,12.064516129032258,0.36363636363636365,0.36363636363636365,7,20.287298387096772,6,47,47,2876,0.11320754716981132,0.11320754716981132,0.11320754716981132,0.016079370509750255,0.017809139784946238,4,7,7,13,0.36363636363636365,0.36363636363636365,0.36363636363636365,0.35,0.3548387096774194
naive,2021-06,2880,30,8.136458333333334,11.687318031857343,0.0791030064070971,10.433333333333334,7.8,0.8571428571428571,0.9473684210526315,1,4.157291666666664,92,176,96,2516,0.34328358208955223,0.48936170212765956,0.40350877192982454,0.036753445635528334,0.09305555555555556,18,3,1,8,0.8571428571428571,0.9473684210526315,0.9,0.1111111111111111,0.7
