date,production_before,production_after,conservation_error,moved_production,changed_slots,fraction,window_minutes
2021-04-01,14821.0,14821.0,0.0,213.14236645240564,37,0.1,60
2021-04-02,2134.0,2134.0,0.0,0.0,0,0.1,60
2021-04-03,56.0,56.0,0.0,0.0,0,0.1,60
2021-04-04,0.0,0.0,0.0,0.0,0,0.1,60
2021-04-05,17709.0,17709.0,0.0,684.2933779402384,43,0.1,60
2021-04-06,18060.0,18060.0,0.0,637.6384759514779,45,0.1,60
2021-04-07,16556.0,16556.0,0.0,511.9027124358059,44,0.1,60
2021-04-08,15068.0,15068.0,0.0,461.00228082123726,44,0.1,60
2021-04-09,15895.0,15895.000000000002,1.8189894035458565e-12,340.74821661542956,41,0.1,60
2021-04-10,3055.0,3055.0,0.0,19.937984517703114,16,0.1,60
2021-04-11,0.0,0.0,0.0,0.0,0,0.1,60
2021-04-12,16126.0,16126.0,0.0,630.9244838852125,44,0.1,60
2021-04-13,20850.0,20850.0,0.0,637.8506000847644,53,0.1,60
2021-04-14,17711.0,17711.0,0.0,461.4869099810863,37,0.1,60
2021-04-15,16202.0,16202.0,0.0,458.51678448892983,38,0.1,60
2021-04-16,19753.0,19753.0,0.0,86.51663937751158,19,0.1,60
2021-04-17,2978.0,2978.0,0.0,27.72672356721216,20,0.1,60
2021-04-18,0.0,0.0,0.0,0.0,0,0.1,60
2021-04-19,14814.0,14814.0,0.0,651.0575579895392,40,0.1,60
2021-04-20,15647.0,15647.0,0.0,378.5486272294099,43,0.1,60
2021-04-21,15654.0,15654.0,0.0,441.6355803941136,40,0.1,60
2021-04-22,17361.0,17361.0,0.0,467.367436917016,42,0.1,60
2021-04-23,13853.0,13853.0,0.0,261.08399825759795,41,0.1,60
2021-04-24,2904.0,2904.0,0.0,64.82893862133447,24,0.1,60
2021-04-25,0.0,0.0,0.0,0.0,0,0.1,60
2021-04-26,14427.0,14427.0,0.0,547.2519676640736,46,0.1,60
2021-04-27,26142.0,26142.0,0.0,619.1821164216004,42,0.1,60
2021-04-28,18926.0,18926.0,0.0,493.05624568777534,40,0.1,60
2021-04-29,20601.0,20601.0,0.0,630.5337054872438,43,0.1,60
2021-04-30,15617.0,15617.0,0.0,2.6174947592312714,9,0.1,60
2021-05-01,2792.0,2792.0,0.0,49.97173466201515,28,0.1,60
2021-05-02,0.0,0.0,0.0,0.0,0,0.1,60
2021-05-03,14606.0,14606.0,0.0,540.2720466047725,43,0.1,60
2021-05-04,16356.0,16356.0,0.0,633.6058144779084,40,0.1,60
2021-05-05,2190.0,2190.0,0.0,0.0,0,0.1,60
2021-05-06,21648.0,21648.0,0.0,331.5945367790588,33,0.1,60
2021-05-07,15641.0,15641.0,0.0,527.2250164011011,38,0.1,60
2021-05-08,2848.0,2848.0,0.0,83.48165940288729,21,0.1,60
2021-05-09,0.0,0.0,0.0,0.0,0,0.1,60
2021-05-10,16646.0,16646.0,0.0,488.4630577645022,39,0.1,60
2021-05-11,22088.0,22088.0,0.0,521.1564691049787,36,0.1,60
2021-05-12,20189.0,20189.0,0.0,19.22969194908649,5,0.1,60
2021-05-13,17668.0,17668.0,0.0,350.9028941299737,37,0.1,60
2021-05-14,17374.0,17374.0,0.0,53.82659014642268,28,0.1,60
2021-05-15,742.0,742.0,0.0,3.211895061199227,15,0.1,60
2021-05-16,0.0,0.0,0.0,0.0,0,0.1,60
2021-05-17,13391.0,13391.0,0.0,445.9034147872499,41,0.1,60
2021-05-18,23411.0,23411.0,0.0,810.6743143534029,40,0.1,60
2021-05-19,2990.0,2990.0,0.0,37.18150687993301,5,0.1,60
2021-05-20,15890.0,15890.0,0.0,117.55571085697912,28,0.1,60
2021-05-21,24516.0,24516.0,0.0,427.3136704596294,32,0.1,60
2021-05-22,2543.0,2543.0,0.0,26.022932263880435,21,0.1,60
2021-05-23,0.0,0.0,0.0,0.0,0,0.1,60
2021-05-24,16585.0,16585.0,0.0,540.1111455706098,41,0.1,60
2021-05-25,22021.0,22021.0,0.0,406.1897840367452,38,0.1,60
2021-05-26,19944.0,19944.0,0.0,489.17995956392787,45,0.1,60
2021-05-27,20617.0,20617.0,0.0,776.8408764714909,36,0.1,60
2021-05-28,18873.0,18873.0,0.0,201.20701591244762,28,0.1,60
2021-05-29,3071.0,3071.0,0.0,49.250684410633866,24,0.1,60
2021-05-30,0.0,0.0,0.0,0.0,0,0.1,60
2021-05-31,17276.0,17276.0,0.0,373.2063565049035,37,0.1,60
2021-06-01,17704.0,17704.0,0.0,512.2807300331434,42,0.1,60
2021-06-02,23620.0,23620.0,0.0,354.08586892204096,22,0.1,60
2021-06-03,22814.0,22814.0,0.0,609.1537844093997,38,0.1,60
2021-06-04,16443.0,16443.0,0.0,528.3762130310887,34,0.1,60
2021-06-05,1321.0,1321.0,0.0,30.350008773566515,28,0.1,60
2021-06-06,0.0,0.0,0.0,0.0,0,0.1,60
2021-06-07,16624.0,16624.0,0.0,763.4636132111397,43,0.1,60
2021-06-08,17157.0,17157.0,0.0,699.6288165647394,41,0.1,60
2021-06-09,16670.0,16670.0,0.0,698.5684040846769,40,0.1,60
2021-06-10,13267.0,13267.0,0.0,471.4421720282289,42,0.1,60
2021-06-11,16121.0,16121.0,0.0,548.9177410194843,38,0.1,60
2021-06-12,2422.0,2422.0,0.0,118.77537103342219,29,0.1,60
2021-06-13,0.0,0.0,0.0,0.0,0,0.1,60
2021-06-14,13133.0,13133.0,0.0,463.7667860867456,41,0.1,60
2021-06-15,21534.0,21534.0,0.0,548.2836278103224,36,0.1,60
2021-06-16,16985.0,16985.0,0.0,523.057354680696,42,0.1,60
2021-06-17,16681.0,16681.0,0.0,559.9584299965977,38,0.1,60
2021-06-18,16376.0,16376.0,0.0,405.2286938361538,37,0.1,60
2021-06-19,1559.0,1559.0,0.0,52.62672026821043,26,0.1,60
2021-06-20,0.0,0.0,0.0,0.0,0,0.1,60
2021-06-21,15640.0,15639.999999999998,-1.8189894035458565e-12,518.2928728781528,41,0.1,60
2021-06-22,19284.0,19284.0,0.0,620.7682016832193,38,0.1,60
2021-06-23,18895.0,18895.0,0.0,637.0239738265061,40,0.1,60
2021-06-24,17643.0,17643.0,0.0,631.7249033483407,42,0.1,60
2021-06-25,17958.0,17958.0,0.0,582.6034637352974,45,0.1,60
2021-06-26,3813.0,3813.0,0.0,97.96914848976485,23,0.1,60
2021-06-27,0.0,0.0,0.0,0.0,0,0.1,60
2021-06-28,17807.0,17807.0,0.0,585.8372978470964,40,0.1,60
2021-06-29,21196.0,21196.0,0.0,625.1283361533358,37,0.1,60
2021-06-30,18575.0,18575.0,0.0,519.6844386612783,40,0.1,60
2021-07-01,18353.0,18353.0,0.0,427.01461618572284,40,0.1,60
2021-07-02,19849.0,19849.0,0.0,567.1633533883612,41,0.1,60
2021-07-03,1735.0,1735.0000000000002,2.2737367544323206e-13,86.23612642089509,27,0.1,60
2021-07-04,0.0,0.0,0.0,0.0,0,0.1,60
2021-07-05,15715.0,15715.0,0.0,496.82401239750453,39,0.1,60
2021-07-06,16581.0,16581.0,0.0,430.19299069603306,38,0.1,60
2021-07-07,19407.0,19407.0,0.0,713.5970309845981,46,0.1,60
2021-07-08,19519.0,19519.0,0.0,287.86241775701455,41,0.1,60
2021-07-09,16527.0,16527.0,0.0,570.7138966712962,41,0.1,60
2021-07-10,487.0,487.0,0.0,28.615250126149903,26,0.1,60
2021-07-11,0.0,0.0,0.0,0.0,0,0.1,60
2021-07-12,17043.0,17043.0,0.0,497.9737346839779,48,0.1,60
2021-07-14,17253.0,17253.0,0.0,222.9978382427713,35,0.1,60
2021-07-16,24412.0,24411.999999999996,-3.637978807091713e-12,827.506854669906,39,0.1,60
2021-07-17,1867.0,1867.0,0.0,44.3964552772339,27,0.1,60
2021-07-18,0.0,0.0,0.0,0.0,0,0.1,60
2021-07-19,13584.0,13584.0,0.0,407.4210381094701,36,0.1,60
2021-07-20,23473.0,23473.0,0.0,608.5782889218845,41,0.1,60
2021-07-21,19461.0,19461.0,0.0,411.99481016494246,33,0.1,60
2021-07-22,15801.0,15801.0,0.0,376.6004838632404,46,0.1,60
2021-07-23,23560.0,23560.0,0.0,629.4654018326155,41,0.1,60
2021-07-24,2319.0,2319.0,0.0,100.93537816129853,27,0.1,60
2021-07-25,0.0,0.0,0.0,0.0,0,0.1,60
2021-07-26,24022.0,24022.0,0.0,639.3315174221611,39,0.1,60
2021-07-27,20776.0,20776.0,0.0,436.7671593676358,37,0.1,60
2021-07-28,24285.0,24285.0,0.0,708.8619760285335,33,0.1,60
2021-07-29,25698.0,25698.0,0.0,522.8265896006641,40,0.1,60
2021-07-30,12688.0,12688.0,0.0,492.9851234672419,38,0.1,60
2021-07-31,0.0,0.0,0.0,0.0,0,0.1,60
