month,model,date,alarms,false_alarms,n,positives,TP,FP,FN,TN,recall,precision,FPR,AP,Brier,early_entries,early_entry_warnings
4,F0,2021-04-01,2,1,21,4,1,1,3,16,0.25,0.5,0.058823529411764705,0.6916666666666667,0.1437025100097103,1,0
4,F0,2021-04-02,2,1,23,3,1,1,2,19,0.3333333333333333,0.5,0.05,0.38690476190476186,0.12399457109134335,1,0
4,F0,2021-04-03,0,0,24,0,0,0,0,24,,,0.0,,0.000175423417140947,0,0
4,F0,2021-04-04,3,3,24,0,0,3,0,21,,0.0,0.125,,0.01298537041446484,0,0
4,F0,2021-04-05,4,2,21,4,2,2,2,15,0.5,0.5,0.11764705882352941,0.775,0.14185973112992156,1,1
4,F0,2021-04-06,4,3,23,3,1,3,2,17,0.3333333333333333,0.25,0.15,0.373015873015873,0.12384604529701147,1,0
4,F0,2021-04-07,2,2,22,2,0,2,2,18,0.0,0.0,0.1,0.26785714285714285,0.08932402916666965,1,0
4,F0,2021-04-08,6,4,23,2,2,4,0,17,1.0,0.3333333333333333,0.19047619047619047,1.0,0.03176571569137753,0,0
4,F0,2021-04-09,2,2,23,1,0,2,1,20,0.0,0.0,0.09090909090909091,0.2,0.05136403897544261,1,0
4,F0,2021-04-10,0,0,24,0,0,0,0,24,,,0.0,,0.00026834988961093453,0,0
4,F0,2021-04-11,0,0,24,0,0,0,0,24,,,0.0,,7.632890624268934e-06,0,0
4,F0,2021-04-12,8,3,23,5,5,3,0,15,1.0,0.625,0.16666666666666666,0.6961904761904762,0.12073239285902745,1,1
4,F0,2021-04-13,5,3,23,5,2,3,3,15,0.4,0.4,0.16666666666666666,0.45460317460317456,0.176919643575223,1,0
4,F0,2021-04-14,6,3,23,5,3,3,2,15,0.6,0.5,0.16666666666666666,0.4720634920634921,0.19078574795324568,1,0
4,F0,2021-04-15,5,2,23,5,3,2,2,16,0.6,0.6,0.1111111111111111,0.6199999999999999,0.15758908218841053,1,0
4,F0,2021-04-16,5,2,23,5,3,2,2,16,0.6,0.6,0.1111111111111111,0.5088888888888888,0.1640302459419111,1,0
4,F0,2021-04-17,0,0,24,0,0,0,0,24,,,0.0,,0.0011951363794191242,0,0
4,F0,2021-04-18,0,0,24,0,0,0,0,24,,,0.0,,8.177767941176719e-06,0,0
4,F0,2021-04-19,3,3,24,0,0,3,0,21,,0.0,0.125,,0.015344296229743074,0,0
4,F0,2021-04-20,3,3,24,0,0,3,0,21,,0.0,0.125,,0.0061960114915349295,0,0
4,F0,2021-04-21,4,4,24,0,0,4,0,20,,0.0,0.16666666666666666,,0.0319789722901413,0,0
4,F0,2021-04-22,4,4,24,0,0,4,0,20,,0.0,0.16666666666666666,,0.022107505335147663,0,0
4,F0,2021-04-23,4,4,24,0,0,4,0,20,,0.0,0.16666666666666666,,0.02227378986240333,0,0
4,F0,2021-04-24,0,0,24,0,0,0,0,24,,,0.0,,0.00017271727277208386,0,0
4,F0,2021-04-25,0,0,24,0,0,0,0,24,,,0.0,,7.010441186672271e-05,0,0
4,F0,2021-04-26,2,2,24,0,0,2,0,22,,0.0,0.08333333333333333,,0.004608005505254764,0,0
4,F0,2021-04-27,0,0,24,0,0,0,0,24,,,0.0,,0.0012000699098520748,0,0
4,F0,2021-04-28,4,4,24,0,0,4,0,20,,0.0,0.16666666666666666,,0.008637444609653988,0,0
4,F0,2021-04-29,4,4,24,0,0,4,0,20,,0.0,0.16666666666666666,,0.00715401544766511,0,0
4,F0,2021-04-30,3,3,23,0,0,3,0,20,,0.0,0.13043478260869565,,0.009937907410133728,0,0
4,F1,2021-04-01,3,2,21,4,1,2,3,15,0.25,0.3333333333333333,0.11764705882352941,0.5666666666666667,0.16269134664138726,1,1
4,F1,2021-04-02,2,1,23,3,1,1,2,19,0.3333333333333333,0.5,0.05,0.5277777777777778,0.08981597778370161,1,0
4,F1,2021-04-03,0,0,24,0,0,0,0,24,,,0.0,,8.520116834437944e-05,0,0
4,F1,2021-04-04,4,4,24,0,0,4,0,20,,0.0,0.16666666666666666,,0.006220107489772013,0,0
4,F1,2021-04-05,2,1,21,4,1,1,3,16,0.25,0.5,0.058823529411764705,0.5666666666666667,0.16103734861816724,1,1
4,F1,2021-04-06,4,3,23,3,1,3,2,17,0.3333333333333333,0.25,0.15,0.5555555555555556,0.10323151665479592,1,1
4,F1,2021-04-07,3,2,22,2,1,2,1,18,0.5,0.3333333333333333,0.1,0.625,0.06316958137578678,1,0
4,F1,2021-04-08,6,4,23,2,2,4,0,17,1.0,0.3333333333333333,0.19047619047619047,1.0,0.03476715152824641,0,0
4,F1,2021-04-09,1,1,23,1,0,1,1,21,0.0,0.0,0.045454545454545456,0.14285714285714285,0.04721655102122655,1,1
4,F1,2021-04-10,0,0,24,0,0,0,0,24,,,0.0,,8.263566759011494e-05,0,0
4,F1,2021-04-11,0,0,24,0,0,0,0,24,,,0.0,,3.861051781420013e-06,0,0
4,F1,2021-04-12,5,1,23,5,4,1,1,17,0.8,0.8,0.05555555555555555,0.9666666666666666,0.11014142442315163,1,0
4,F1,2021-04-13,5,1,23,5,4,1,1,17,0.8,0.8,0.05555555555555555,0.835,0.14140644640455566,1,0
4,F1,2021-04-14,4,1,23,5,3,1,2,17,0.6,0.75,0.05555555555555555,0.7683333333333333,0.14479411244480297,1,0
4,F1,2021-04-15,3,0,23,5,3,0,2,18,0.6,1.0,0.0,0.9028571428571428,0.13954136509736673,1,0
4,F1,2021-04-16,4,1,23,5,3,1,2,17,0.6,0.75,0.05555555555555555,0.8766666666666667,0.14480858413191128,1,0
4,F1,2021-04-17,1,1,24,0,0,1,0,23,,0.0,0.041666666666666664,,0.0008276001698279679,0,0
4,F1,2021-04-18,0,0,24,0,0,0,0,24,,,0.0,,4.0450910314609585e-06,0,0
4,F1,2021-04-19,4,4,24,0,0,4,0,20,,0.0,0.16666666666666666,,0.017975219271600375,0,0
4,F1,2021-04-20,4,4,24,0,0,4,0,20,,0.0,0.16666666666666666,,0.012495416723108553,0,0
4,F1,2021-04-21,4,4,24,0,0,4,0,20,,0.0,0.16666666666666666,,0.030424745979742453,0,0
4,F1,2021-04-22,4,4,24,0,0,4,0,20,,0.0,0.16666666666666666,,0.022076674185654538,0,0
4,F1,2021-04-23,4,4,24,0,0,4,0,20,,0.0,0.16666666666666666,,0.022076674185654538,0,0
4,F1,2021-04-24,0,0,24,0,0,0,0,24,,,0.0,,4.0400006191218476e-05,0,0
4,F1,2021-04-25,0,0,24,0,0,0,0,24,,,0.0,,1.556166451732151e-05,0,0
4,F1,2021-04-26,2,2,24,0,0,2,0,22,,0.0,0.08333333333333333,,0.010107457241592076,0,0
4,F1,2021-04-27,1,1,24,0,0,1,0,23,,0.0,0.041666666666666664,,0.003207959364717933,0,0
4,F1,2021-04-28,2,2,24,0,0,2,0,22,,0.0,0.08333333333333333,,0.007302937045687438,0,0
4,F1,2021-04-29,3,3,24,0,0,3,0,21,,0.0,0.125,,0.005389719359527807,0,0
4,F1,2021-04-30,4,4,23,0,0,4,0,19,,0.0,0.17391304347826086,,0.00995283311153391,0,0
4,day,2021-04-01,0,0,21,4,0,0,4,17,0.0,,0.0,0.1994047619047619,0.16596952521701339,1,0
4,day,2021-04-02,0,0,23,3,0,0,3,20,0.0,,0.0,0.09229980969111404,0.1252769694284601,1,0
4,day,2021-04-03,0,0,24,0,0,0,0,24,,,0.0,,0.0059691351698415674,0,0
4,day,2021-04-04,0,0,24,0,0,0,0,24,,,0.0,,0.00605818536447159,0,0
4,day,2021-04-05,0,0,21,4,0,0,4,17,0.0,,0.0,0.16428571428571426,0.16597594714684968,1,0
4,day,2021-04-06,0,0,23,3,0,0,3,20,0.0,,0.0,0.09229980969111404,0.1252769694284601,1,0
4,day,2021-04-07,0,0,22,2,0,0,2,20,0.0,,0.0,0.07323232323232323,0.08701118714763799,1,0
4,day,2021-04-08,0,0,23,2,0,0,2,21,0.0,,0.0,0.5434782608695652,0.06874623937780464,0,0
4,day,2021-04-09,0,0,23,1,0,0,1,22,0.0,,0.0,0.043478260869565216,0.042668955196936295,1,0
4,day,2021-04-10,0,0,24,0,0,0,0,24,,,0.0,,0.006682608406389931,0,0
4,day,2021-04-11,0,0,24,0,0,0,0,24,,,0.0,,0.006010218425242239,0,0
4,day,2021-04-12,0,0,23,5,0,0,5,18,0.0,,0.0,0.4714285714285714,0.18782830792044317,1,0
4,day,2021-04-13,0,0,23,5,0,0,5,18,0.0,,0.0,0.1889328063241107,0.19969684053064754,1,0
4,day,2021-04-14,0,0,23,5,0,0,5,18,0.0,,0.0,0.1889328063241107,0.19969684053064754,1,0
4,day,2021-04-15,0,0,23,5,0,0,5,18,0.0,,0.0,0.1889328063241107,0.19969684053064754,1,0
4,day,2021-04-16,0,0,23,5,0,0,5,18,0.0,,0.0,0.1889328063241107,0.19969684053064754,1,0
4,day,2021-04-17,0,0,24,0,0,0,0,24,,,0.0,,0.006133654671435504,0,0
4,day,2021-04-18,0,0,24,0,0,0,0,24,,,0.0,,0.006010218425242239,0,0
4,day,2021-04-19,0,0,24,0,0,0,0,24,,,0.0,,0.006880528384745108,0,0
4,day,2021-04-20,0,0,24,0,0,0,0,24,,,0.0,,0.004507181914563357,0,0
4,day,2021-04-21,0,0,24,0,0,0,0,24,,,0.0,,0.004507181914563357,0,0
4,day,2021-04-22,0,0,24,0,0,0,0,24,,,0.0,,0.0038822990793793122,0,0
4,day,2021-04-23,0,0,24,0,0,0,0,24,,,0.0,,0.0038822990793793122,0,0
4,day,2021-04-24,0,0,24,0,0,0,0,24,,,0.0,,0.0038822990793793122,0,0
4,day,2021-04-25,0,0,24,0,0,0,0,24,,,0.0,,0.006121290656844035,0,0
4,day,2021-04-26,0,0,24,0,0,0,0,24,,,0.0,,0.0068100057753587824,0,0
4,day,2021-04-27,0,0,24,0,0,0,0,24,,,0.0,,0.003933022537611879,0,0
4,day,2021-04-28,0,0,24,0,0,0,0,24,,,0.0,,0.003933022537611879,0,0
4,day,2021-04-29,0,0,24,0,0,0,0,24,,,0.0,,0.0038936934903925093,0,0
4,day,2021-04-30,0,0,23,0,0,0,0,23,,,0.0,,0.0038624366349284227,0,0
4,week,2021-04-01,1,0,21,4,1,0,3,17,0.25,1.0,0.0,0.4452380952380952,0.17138314366013524,1,0
4,week,2021-04-02,0,0,23,3,0,0,3,20,0.0,,0.0,0.13741765480895915,0.11691802700460761,1,0
4,week,2021-04-03,0,0,24,0,0,0,0,24,,,0.0,,0.005365283289133463,0,0
4,week,2021-04-04,5,5,24,0,0,5,0,19,,0.0,0.20833333333333334,,0.005755995326307019,0,0
4,week,2021-04-05,2,0,21,4,2,0,2,17,0.5,1.0,0.0,0.5952380952380952,0.16479863185236754,1,0
4,week,2021-04-06,6,4,23,3,2,4,1,16,0.6666666666666666,0.3333333333333333,0.2,0.47619047619047616,0.11453333579875227,1,1
4,week,2021-04-07,0,0,22,2,0,0,2,20,0.0,,0.0,0.10795454545454546,0.08302688059880779,1,0
4,week,2021-04-08,3,2,23,2,1,2,1,19,0.5,0.3333333333333333,0.09523809523809523,0.5434782608695652,0.08137376742771307,0,0
4,week,2021-04-09,1,0,23,1,1,0,0,22,1.0,1.0,0.0,1.0,0.04243137086952216,1,0
4,week,2021-04-10,0,0,24,0,0,0,0,24,,,0.0,,0.00534961354748924,0,0
4,week,2021-04-11,0,0,24,0,0,0,0,24,,,0.0,,0.005098617901090088,0,0
4,week,2021-04-12,3,1,23,5,2,1,3,17,0.4,0.6666666666666666,0.05555555555555555,0.6053830227743271,0.1904894271980377,1,1
4,week,2021-04-13,1,0,23,5,1,0,4,18,0.2,1.0,0.0,0.5857004830917873,0.19075933109380666,1,0
4,week,2021-04-14,1,0,23,5,1,0,4,18,0.2,1.0,0.0,0.6434782608695653,0.18771109778480974,1,0
4,week,2021-04-15,2,0,23,5,2,0,3,18,0.4,1.0,0.0,0.7892857142857143,0.1881481694063105,1,0
4,week,2021-04-16,1,0,23,5,1,0,4,18,0.2,1.0,0.0,0.4651449275362319,0.1908895242759047,1,0
4,week,2021-04-17,0,0,24,0,0,0,0,24,,,0.0,,0.005363652298067044,0,0
4,week,2021-04-18,0,0,24,0,0,0,0,24,,,0.0,,0.005099932257919445,0,0
4,week,2021-04-19,1,1,24,0,0,1,0,23,,0.0,0.041666666666666664,,0.006104764062756567,0,0
4,week,2021-04-20,1,1,24,0,0,1,0,23,,0.0,0.041666666666666664,,0.006104764062756567,0,0
4,week,2021-04-21,1,1,24,0,0,1,0,23,,0.0,0.041666666666666664,,0.006104764062756567,0,0
4,week,2021-04-22,1,1,24,0,0,1,0,23,,0.0,0.041666666666666664,,0.006104764062756567,0,0
4,week,2021-04-23,1,1,24,0,0,1,0,23,,0.0,0.041666666666666664,,0.006104764062756567,0,0
4,week,2021-04-24,0,0,24,0,0,0,0,24,,,0.0,,0.005363652298067044,0,0
4,week,2021-04-25,0,0,24,0,0,0,0,24,,,0.0,,0.00507756909333746,0,0
4,week,2021-04-26,0,0,24,0,0,0,0,24,,,0.0,,0.006013041321608809,0,0
4,week,2021-04-27,0,0,24,0,0,0,0,24,,,0.0,,0.006013041321608809,0,0
4,week,2021-04-28,0,0,24,0,0,0,0,24,,,0.0,,0.00622448366376592,0,0
4,week,2021-04-29,0,0,24,0,0,0,0,24,,,0.0,,0.00622448366376592,0,0
4,week,2021-04-30,0,0,23,0,0,0,0,23,,,0.0,,0.006243300821304566,0,0
5,F0,2021-05-01,0,0,24,0,0,0,0,24,,,0.0,,0.00033499292488934555,0,0
5,F0,2021-05-02,0,0,24,0,0,0,0,24,,,0.0,,0.0017225794719826833,0,0
5,F0,2021-05-03,3,0,21,3,3,0,0,18,1.0,1.0,0.0,1.0,0.03978790463562942,2,0
5,F0,2021-05-04,4,0,23,5,4,0,1,18,0.8,1.0,0.0,0.9428571428571428,0.04861389952534749,2,0
5,F0,2021-05-05,0,0,24,0,0,0,0,24,,,0.0,,0.0005340898940736715,0,0
5,F0,2021-05-06,1,1,21,1,0,1,1,19,0.0,0.0,0.05,0.5,0.05926658181915144,1,0
5,F0,2021-05-07,1,0,23,2,1,0,1,21,0.5,1.0,0.0,0.7,0.03990917023485304,0,0
5,F0,2021-05-08,0,0,24,0,0,0,0,24,,,0.0,,0.005294470614364631,0,0
5,F0,2021-05-09,0,0,23,1,0,0,1,22,0.0,,0.0,0.3333333333333333,0.04266130894813456,1,0
5,F0,2021-05-10,4,3,23,1,1,3,0,19,1.0,0.25,0.13636363636363635,1.0,0.04546200308816229,1,0
5,F0,2021-05-11,2,0,23,4,2,0,2,19,0.5,1.0,0.0,0.8166666666666667,0.07914929964122837,1,0
5,F0,2021-05-12,3,2,23,3,1,2,2,18,0.3333333333333333,0.3333333333333333,0.1,0.5666666666666667,0.10412291005001002,3,1
5,F0,2021-05-13,4,4,24,0,0,4,0,20,,0.0,0.16666666666666666,,0.07609528468474516,0,0
5,F0,2021-05-14,0,0,24,0,0,0,0,24,,,0.0,,0.0047914293005414926,0,0
5,F0,2021-05-15,0,0,24,0,0,0,0,24,,,0.0,,0.0002608051835663597,0,0
5,F0,2021-05-16,1,1,24,0,0,1,0,23,,0.0,0.041666666666666664,,0.03088456549256201,0,0
5,F0,2021-05-17,2,0,21,2,2,0,0,19,1.0,1.0,0.0,1.0,0.026920831148388374,1,0
5,F0,2021-05-18,4,1,23,5,3,1,2,17,0.6,0.75,0.05555555555555555,0.8083333333333333,0.09509115983650845,1,0
5,F0,2021-05-19,0,0,24,0,0,0,0,24,,,0.0,,0.0025699007354795665,0,0
5,F0,2021-05-20,3,2,24,3,1,2,2,19,0.3333333333333333,0.3333333333333333,0.09523809523809523,0.611111111111111,0.08533019945783032,1,0
5,F0,2021-05-21,0,0,24,0,0,0,0,24,,,0.0,,0.0011622358778354354,0,0
5,F0,2021-05-22,0,0,24,0,0,0,0,24,,,0.0,,0.0003900907955312161,0,0
5,F0,2021-05-23,0,0,24,0,0,0,0,24,,,0.0,,0.004132619827959125,0,0
5,F0,2021-05-24,5,5,24,0,0,5,0,19,,0.0,0.20833333333333334,,0.06605554422331969,0,0
5,F0,2021-05-25,2,2,24,0,0,2,0,22,,0.0,0.08333333333333333,,0.026095825276120754,0,0
5,F0,2021-05-26,0,0,24,0,0,0,0,24,,,0.0,,0.004731426513826335,0,0
5,F0,2021-05-27,3,3,24,0,0,3,0,21,,0.0,0.125,,0.04293972153871081,0,0
5,F0,2021-05-28,0,0,24,0,0,0,0,24,,,0.0,,0.009365004840950902,0,0
5,F0,2021-05-29,0,0,24,0,0,0,0,24,,,0.0,,0.0007696386065020481,0,0
5,F0,2021-05-30,0,0,24,0,0,0,0,24,,,0.0,,0.0038201983792536137,0,0
5,F0,2021-05-31,5,5,23,0,0,5,0,18,,0.0,0.21739130434782608,,0.10481412565159844,0,0
5,F1,2021-05-01,0,0,24,0,0,0,0,24,,,0.0,,9.177870487384338e-05,0,0
5,F1,2021-05-02,0,0,24,0,0,0,0,24,,,0.0,,0.0010651609265874315,0,0
5,F1,2021-05-03,5,2,21,3,3,2,0,16,1.0,0.6,0.1111111111111111,1.0,0.03448721135711808,2,1
5,F1,2021-05-04,7,2,23,5,5,2,0,16,1.0,0.7142857142857143,0.1111111111111111,1.0,0.02921780135794362,2,1
5,F1,2021-05-05,0,0,24,0,0,0,0,24,,,0.0,,0.0015346002540462618,0,0
5,F1,2021-05-06,3,2,21,1,1,2,0,18,1.0,0.3333333333333333,0.1,0.5,0.04139242262189533,1,1
5,F1,2021-05-07,2,1,23,2,1,1,1,20,0.5,0.5,0.047619047619047616,0.8333333333333333,0.03739511297521832,0,0
5,F1,2021-05-08,0,0,24,0,0,0,0,24,,,0.0,,0.00107178255879462,0,0
5,F1,2021-05-09,7,6,23,1,1,6,0,16,1.0,0.14285714285714285,0.2727272727272727,0.25,0.07984042667805721,1,1
5,F1,2021-05-10,4,3,23,1,1,3,0,19,1.0,0.25,0.13636363636363635,0.25,0.05845489272036206,1,1
5,F1,2021-05-11,3,2,23,4,1,2,3,17,0.25,0.3333333333333333,0.10526315789473684,0.6361111111111111,0.11503390613797534,1,0
5,F1,2021-05-12,2,2,23,3,0,2,3,18,0.0,0.0,0.1,0.2686868686868687,0.1308895274944759,3,1
5,F1,2021-05-13,7,7,24,0,0,7,0,17,,0.0,0.2916666666666667,,0.0927014674082719,0,0
5,F1,2021-05-14,0,0,24,0,0,0,0,24,,,0.0,,0.003915877631895395,0,0
5,F1,2021-05-15,0,0,24,0,0,0,0,24,,,0.0,,6.357566764771068e-05,0,0
5,F1,2021-05-16,2,2,24,0,0,2,0,22,,0.0,0.08333333333333333,,0.04379482005904551,0,0
5,F1,2021-05-17,4,2,21,2,2,2,0,17,1.0,0.5,0.10526315789473684,0.5,0.08021754456763264,1,1
5,F1,2021-05-18,6,2,23,5,4,2,1,16,0.8,0.6666666666666666,0.1111111111111111,0.925,0.08988273168051657,1,1
5,F1,2021-05-19,0,0,24,0,0,0,0,24,,,0.0,,0.0007855337843677623,0,0
5,F1,2021-05-20,8,6,24,3,2,6,1,15,0.6666666666666666,0.25,0.2857142857142857,0.5396825396825397,0.11500435840587846,1,1
5,F1,2021-05-21,1,1,24,0,0,1,0,23,,0.0,0.041666666666666664,,0.01079135804877932,0,0
5,F1,2021-05-22,0,0,24,0,0,0,0,24,,,0.0,,0.00015515962185547717,0,0
5,F1,2021-05-23,1,1,24,0,0,1,0,23,,0.0,0.041666666666666664,,0.00406415813742127,0,0
5,F1,2021-05-24,6,6,24,0,0,6,0,18,,0.0,0.25,,0.0657109892906746,0,0
5,F1,2021-05-25,1,1,24,0,0,1,0,23,,0.0,0.041666666666666664,,0.02503172151860668,0,0
5,F1,2021-05-26,0,0,24,0,0,0,0,24,,,0.0,,0.001317673176074531,0,0
5,F1,2021-05-27,1,1,24,0,0,1,0,23,,0.0,0.041666666666666664,,0.013233432171869472,0,0
5,F1,2021-05-28,0,0,24,0,0,0,0,24,,,0.0,,0.002421739489170719,0,0
5,F1,2021-05-29,0,0,24,0,0,0,0,24,,,0.0,,0.00015434059158917849,0,0
5,F1,2021-05-30,0,0,24,0,0,0,0,24,,,0.0,,0.003762733946684679,0,0
5,F1,2021-05-31,6,6,23,0,0,6,0,17,,0.0,0.2608695652173913,,0.05823786992477399,0,0
5,day,2021-05-01,2,2,24,0,0,2,0,22,,0.0,0.08333333333333333,,0.016307690118992236,0,0
5,day,2021-05-02,0,0,24,0,0,0,0,24,,,0.0,,0.010626312949081748,0,0
5,day,2021-05-03,0,0,21,3,0,0,3,18,0.0,,0.0,0.15873015873015872,0.12467342943235254,2,0
5,day,2021-05-04,4,2,23,5,2,2,3,16,0.4,0.5,0.1111111111111111,0.5069565217391304,0.18808035406860726,2,1
5,day,2021-05-05,6,6,24,0,0,6,0,18,,0.0,0.25,,0.01589231594750851,0,0
5,day,2021-05-06,0,0,21,1,0,0,1,20,0.0,,0.0,0.125,0.04870776846474397,1,0
5,day,2021-05-07,6,5,23,2,1,5,1,16,0.5,0.16666666666666666,0.23809523809523808,0.5434782608695652,0.0714179981092363,0,0
5,day,2021-05-08,5,5,24,0,0,5,0,19,,0.0,0.20833333333333334,,0.016313386788636256,0,0
5,day,2021-05-09,0,0,23,1,0,0,1,22,0.0,,0.0,0.125,0.04517748884137236,1,0
5,day,2021-05-10,2,1,23,1,1,1,0,21,1.0,0.5,0.045454545454545456,1.0,0.045054109321345535,1,0
5,day,2021-05-11,1,0,23,4,1,0,3,19,0.25,1.0,0.0,0.5538949275362319,0.14951540635492797,1,0
5,day,2021-05-12,6,3,23,3,3,3,0,17,1.0,0.5,0.15,0.6666666666666667,0.10885096536645912,3,2
5,day,2021-05-13,3,3,24,0,0,3,0,21,,0.0,0.125,,0.014648057412598794,0,0
5,day,2021-05-14,5,5,24,0,0,5,0,19,,0.0,0.20833333333333334,,0.016375015200813903,0,0
5,day,2021-05-15,0,0,24,0,0,0,0,24,,,0.0,,0.015711178761112162,0,0
5,day,2021-05-16,0,0,24,0,0,0,0,24,,,0.0,,0.010462026136236667,0,0
5,day,2021-05-17,0,0,21,2,0,0,2,19,0.0,,0.0,0.18181818181818182,0.08606053703433217,1,0
5,day,2021-05-18,6,3,23,5,3,3,2,15,0.6,0.5,0.16666666666666666,0.5377639751552795,0.1793979905958426,1,1
5,day,2021-05-19,6,6,24,0,0,6,0,18,,0.0,0.25,,0.0159993740060314,0,0
5,day,2021-05-20,0,0,24,3,0,0,3,21,0.0,,0.0,0.12878787878787878,0.11161166642541294,1,0
5,day,2021-05-21,5,5,24,0,0,5,0,19,,0.0,0.20833333333333334,,0.014308992495171544,0,0
5,day,2021-05-22,0,0,24,0,0,0,0,24,,,0.0,,0.015613091270008423,0,0
5,day,2021-05-23,0,0,24,0,0,0,0,24,,,0.0,,0.01049571928766789,0,0
5,day,2021-05-24,0,0,24,0,0,0,0,24,,,0.0,,0.009019981157040446,0,0
5,day,2021-05-25,0,0,24,0,0,0,0,24,,,0.0,,0.015019353396162895,0,0
5,day,2021-05-26,2,2,24,0,0,2,0,22,,0.0,0.08333333333333333,,0.016307690118992236,0,0
5,day,2021-05-27,0,0,24,0,0,0,0,24,,,0.0,,0.01612209782298611,0,0
5,day,2021-05-28,1,1,24,0,0,1,0,23,,0.0,0.041666666666666664,,0.016114767486097175,0,0
5,day,2021-05-29,1,1,24,0,0,1,0,23,,0.0,0.041666666666666664,,0.01628674601451349,0,0
5,day,2021-05-30,0,0,24,0,0,0,0,24,,,0.0,,0.010571978767066482,0,0
5,day,2021-05-31,0,0,23,0,0,0,0,23,,,0.0,,0.00908415957956231,0,0
5,week,2021-05-01,0,0,24,0,0,0,0,24,,,0.0,,0.013406341524399928,0,0
5,week,2021-05-02,0,0,24,0,0,0,0,24,,,0.0,,0.013667502765496248,0,0
5,week,2021-05-03,0,0,21,3,0,0,3,18,0.0,,0.0,0.1142857142857143,0.12382017940340206,2,0
5,week,2021-05-04,0,0,23,5,0,0,5,18,0.0,,0.0,0.14614306682384487,0.1817744035091357,2,0
5,week,2021-05-05,0,0,24,0,0,0,0,24,,,0.0,,0.012517174777902368,0,0
5,week,2021-05-06,0,0,21,1,0,0,1,20,0.0,,0.0,0.047619047619047616,0.04965896773998485,1,0
5,week,2021-05-07,0,0,23,2,0,0,2,21,0.0,,0.0,0.06847826086956521,0.08023040082253707,0,0
5,week,2021-05-08,0,0,24,0,0,0,0,24,,,0.0,,0.013382416891159937,0,0
5,week,2021-05-09,0,0,23,1,0,0,1,22,0.0,,0.0,0.058823529411764705,0.046991160790224355,1,0
5,week,2021-05-10,2,2,23,1,0,2,1,20,0.0,0.0,0.09090909090909091,0.043478260869565216,0.04735668897495605,1,1
5,week,2021-05-11,2,1,23,4,1,1,3,18,0.25,0.5,0.05263157894736842,0.23722826086956522,0.14593476083758347,1,0
5,week,2021-05-12,0,0,23,3,0,0,3,20,0.0,,0.0,0.1486111111111111,0.11345345615010294,3,0
5,week,2021-05-13,2,2,24,0,0,2,0,22,,0.0,0.08333333333333333,,0.013348692801581324,0,0
5,week,2021-05-14,0,0,24,0,0,0,0,24,,,0.0,,0.012528774146154742,0,0
5,week,2021-05-15,0,0,24,0,0,0,0,24,,,0.0,,0.013365793655588881,0,0
5,week,2021-05-16,1,1,24,0,0,1,0,23,,0.0,0.041666666666666664,,0.013029058474042635,0,0
5,week,2021-05-17,1,1,21,2,0,1,2,18,0.0,0.0,0.05263157894736842,0.07261904761904761,0.08737978299496216,1,1
5,week,2021-05-18,1,1,23,5,0,1,5,17,0.0,0.0,0.05555555555555555,0.1606499780412824,0.18217740194959425,1,1
5,week,2021-05-19,3,3,24,0,0,3,0,21,,0.0,0.125,,0.013439104749172086,0,0
5,week,2021-05-20,0,0,24,3,0,0,3,21,0.0,,0.0,0.0947444368497,0.10988703896152115,1,0
5,week,2021-05-21,0,0,24,0,0,0,0,24,,,0.0,,0.012563926290119182,0,0
5,week,2021-05-22,0,0,24,0,0,0,0,24,,,0.0,,0.013414100522270421,0,0
5,week,2021-05-23,0,0,24,0,0,0,0,24,,,0.0,,0.013690478004097993,0,0
5,week,2021-05-24,2,2,24,0,0,2,0,22,,0.0,0.08333333333333333,,0.013385502433973176,0,0
5,week,2021-05-25,1,1,24,0,0,1,0,23,,0.0,0.041666666666666664,,0.012818186077768726,0,0
5,week,2021-05-26,0,0,24,0,0,0,0,24,,,0.0,,0.013410221191507685,0,0
5,week,2021-05-27,1,1,24,0,0,1,0,23,,0.0,0.041666666666666664,,0.013088733415099342,0,0
5,week,2021-05-28,0,0,24,0,0,0,0,24,,,0.0,,0.01257944862832209,0,0
5,week,2021-05-29,0,0,24,0,0,0,0,24,,,0.0,,0.013406341524399928,0,0
5,week,2021-05-30,0,0,24,0,0,0,0,24,,,0.0,,0.013684334409452678,0,0
5,week,2021-05-31,0,0,23,0,0,0,0,23,,,0.0,,0.012748916800056808,0,0
6,F0,2021-06-01,4,1,21,3,3,1,0,17,1.0,0.75,0.05555555555555555,0.9166666666666665,0.042207960640115616,1,0
6,F0,2021-06-02,3,0,19,3,3,0,0,16,1.0,1.0,0.0,1.0,0.0013292949898333192,1,0
6,F0,2021-06-03,6,5,24,1,1,5,0,18,1.0,0.16666666666666666,0.21739130434782608,1.0,0.019656331217566634,1,0
6,F0,2021-06-04,1,1,24,0,0,1,0,23,,0.0,0.041666666666666664,,0.0024904676130696034,0,0
6,F0,2021-06-05,0,0,24,0,0,0,0,24,,,0.0,,1.0367297379473686e-05,0,0
6,F0,2021-06-06,1,1,24,0,0,1,0,23,,0.0,0.041666666666666664,,0.004124085231103692,0,0
6,F0,2021-06-07,9,5,22,4,4,5,0,13,1.0,0.4444444444444444,0.2777777777777778,0.7678571428571428,0.08665156120885496,2,2
6,F0,2021-06-08,4,2,22,2,2,2,0,18,1.0,0.5,0.1,1.0,0.0105434808149,0,0
6,F0,2021-06-09,6,2,23,4,4,2,0,17,1.0,0.6666666666666666,0.10526315789473684,1.0,0.007030276914465116,2,1
6,F0,2021-06-10,5,3,24,2,2,3,0,19,1.0,0.4,0.13636363636363635,1.0,0.00400515795103847,0,0
6,F0,2021-06-11,1,1,24,0,0,1,0,23,,0.0,0.041666666666666664,,0.00044746904672884934,0,0
6,F0,2021-06-12,0,0,24,0,0,0,0,24,,,0.0,,3.681322730457639e-05,0,0
6,F0,2021-06-13,1,1,24,0,0,1,0,23,,0.0,0.041666666666666664,,0.0019163150681906728,0,0
6,F0,2021-06-14,5,1,18,4,4,1,0,13,1.0,0.8,0.07142857142857142,1.0,0.0030243551796283476,2,1
6,F0,2021-06-15,5,3,20,2,2,3,0,15,1.0,0.4,0.16666666666666666,1.0,0.004850671753660928,4,2
6,F0,2021-06-16,8,3,21,5,5,3,0,13,1.0,0.625,0.1875,1.0,0.024614621403680433,2,1
6,F0,2021-06-17,3,0,19,3,3,0,0,16,1.0,1.0,0.0,1.0,0.00139127587423227,3,0
6,F0,2021-06-18,4,2,21,2,2,2,0,17,1.0,0.5,0.10526315789473684,1.0,0.002749037313274901,2,0
6,F0,2021-06-19,1,1,24,0,0,1,0,23,,0.0,0.041666666666666664,,0.0005958699438649597,0,0
6,F0,2021-06-20,1,1,24,0,0,1,0,23,,0.0,0.041666666666666664,,0.0029087303918217456,0,0
6,F0,2021-06-21,2,1,18,1,1,1,0,16,1.0,0.5,0.058823529411764705,1.0,0.01200734492509132,2,1
6,F0,2021-06-22,5,0,21,5,5,0,0,16,1.0,1.0,0.0,1.0,0.0011665042667897065,0,0
6,F0,2021-06-23,2,2,24,0,0,2,0,22,,0.0,0.08333333333333333,,0.002256866503703946,0,0
6,F0,2021-06-24,5,1,21,4,4,1,0,16,1.0,0.8,0.058823529411764705,1.0,0.0032088844433180884,1,1
6,F0,2021-06-25,4,2,18,2,2,2,0,14,1.0,0.5,0.125,1.0,0.003413764089469088,3,1
6,F0,2021-06-26,2,2,24,0,0,2,0,22,,0.0,0.08333333333333333,,0.001183417054175755,0,0
6,F0,2021-06-27,1,1,24,0,0,1,0,23,,0.0,0.041666666666666664,,0.001169051337238796,0,0
6,F0,2021-06-28,6,3,18,3,3,3,0,12,1.0,0.5,0.2,1.0,0.01498755441230229,3,3
6,F0,2021-06-29,4,2,19,2,2,2,0,15,1.0,0.5,0.11764705882352941,1.0,0.005692995121097275,4,1
6,F0,2021-06-30,9,3,21,6,6,3,0,12,1.0,0.6666666666666666,0.2,1.0,0.016714181132655846,1,1
6,F1,2021-06-01,5,2,21,3,3,2,0,16,1.0,0.6,0.1111111111111111,1.0,0.012191679101375686,1,0
6,F1,2021-06-02,3,0,19,3,3,0,0,16,1.0,1.0,0.0,1.0,0.002549881819965598,1,0
6,F1,2021-06-03,6,5,24,1,1,5,0,18,1.0,0.16666666666666666,0.21739130434782608,1.0,0.007410627538481328,1,1
6,F1,2021-06-04,0,0,24,0,0,0,0,24,,,0.0,,0.00022250163665566303,0,0
6,F1,2021-06-05,0,0,24,0,0,0,0,24,,,0.0,,4.3838705444677076e-05,0,0
6,F1,2021-06-06,1,1,24,0,0,1,0,23,,0.0,0.041666666666666664,,0.006536086672033869,0,0
6,F1,2021-06-07,8,4,22,4,4,4,0,14,1.0,0.5,0.2222222222222222,0.8875,0.059828468531345054,2,2
6,F1,2021-06-08,5,3,22,2,2,3,0,17,1.0,0.4,0.15,1.0,0.007809046684033666,0,0
6,F1,2021-06-09,7,3,23,4,4,3,0,16,1.0,0.5714285714285714,0.15789473684210525,1.0,0.005134681440219152,2,2
6,F1,2021-06-10,3,1,24,2,2,1,0,21,1.0,0.6666666666666666,0.045454545454545456,1.0,0.00425396803040893,0,0
6,F1,2021-06-11,0,0,24,0,0,0,0,24,,,0.0,,0.00012305330862258035,0,0
6,F1,2021-06-12,0,0,24,0,0,0,0,24,,,0.0,,4.828064528837587e-05,0,0
6,F1,2021-06-13,1,1,24,0,0,1,0,23,,0.0,0.041666666666666664,,0.00043698857995720625,0,0
6,F1,2021-06-14,5,1,18,4,4,1,0,13,1.0,0.8,0.07142857142857142,1.0,0.014293462751478124,2,1
6,F1,2021-06-15,4,2,20,2,2,2,0,16,1.0,0.5,0.1111111111111111,1.0,0.0034168494127501405,4,1
6,F1,2021-06-16,9,4,21,5,5,4,0,12,1.0,0.5555555555555556,0.25,1.0,0.01306388338322127,2,2
6,F1,2021-06-17,5,2,19,3,3,2,0,14,1.0,0.6,0.125,1.0,0.005001849484597437,3,1
6,F1,2021-06-18,3,1,21,2,2,1,0,18,1.0,0.6666666666666666,0.05263157894736842,1.0,0.0016221970055377546,2,1
6,F1,2021-06-19,0,0,24,0,0,0,0,24,,,0.0,,0.0003170872436891988,0,0
6,F1,2021-06-20,1,1,24,0,0,1,0,23,,0.0,0.041666666666666664,,0.003930243855371157,0,0
6,F1,2021-06-21,2,1,18,1,1,1,0,16,1.0,0.5,0.058823529411764705,1.0,0.0097405628958473,2,1
6,F1,2021-06-22,5,0,21,5,5,0,0,16,1.0,1.0,0.0,1.0,0.004389148937960499,0,0
6,F1,2021-06-23,2,2,24,0,0,2,0,22,,0.0,0.08333333333333333,,0.0012997714531189097,0,0
6,F1,2021-06-24,5,1,21,4,4,1,0,16,1.0,0.8,0.058823529411764705,1.0,0.0034154730490133334,1,1
6,F1,2021-06-25,3,1,18,2,2,1,0,15,1.0,0.6666666666666666,0.0625,1.0,0.004446023562102153,3,0
6,F1,2021-06-26,1,1,24,0,0,1,0,23,,0.0,0.041666666666666664,,0.0008760841752300672,0,0
6,F1,2021-06-27,1,1,24,0,0,1,0,23,,0.0,0.041666666666666664,,0.0011296303790705251,0,0
6,F1,2021-06-28,5,2,18,3,3,2,0,13,1.0,0.6,0.13333333333333333,1.0,0.007038942165690381,3,2
6,F1,2021-06-29,5,3,19,2,2,3,0,14,1.0,0.4,0.17647058823529413,1.0,0.004523613392307938,4,2
6,F1,2021-06-30,10,4,21,6,6,4,0,11,1.0,0.6,0.26666666666666666,1.0,0.0066706641985328895,1,1
6,day,2021-06-01,0,0,21,3,0,0,3,18,0.0,,0.0,0.10548941798941798,0.13009853309865022,1,0
6,day,2021-06-02,1,0,19,3,1,0,2,16,0.3333333333333333,1.0,0.0,0.42300194931773877,0.13811269264037584,1,0
6,day,2021-06-03,4,4,24,1,0,4,1,19,0.0,0.0,0.17391304347826086,0.047619047619047616,0.04225891462792849,1,0
6,day,2021-06-04,1,1,24,0,0,1,0,23,,0.0,0.041666666666666664,,0.004066465223756692,0,0
6,day,2021-06-05,0,0,24,0,0,0,0,24,,,0.0,,0.003673206962806975,0,0
6,day,2021-06-06,0,0,24,0,0,0,0,24,,,0.0,,0.004491775071790475,0,0
6,day,2021-06-07,0,0,22,4,0,0,4,18,0.0,,0.0,0.19624819624819623,0.1614861709117359,2,0
6,day,2021-06-08,3,2,22,2,1,2,1,18,0.5,0.3333333333333333,0.1,0.2121212121212121,0.08036464806749383,0,0
6,day,2021-06-09,0,0,23,4,0,0,4,19,0.0,,0.0,0.12005772005772006,0.15744153908590006,2,0
6,day,2021-06-10,2,0,24,2,2,0,0,22,1.0,1.0,0.0,1.0,0.0681358345242418,0,0
6,day,2021-06-11,0,0,24,0,0,0,0,24,,,0.0,,0.003639080151065272,0,0
6,day,2021-06-12,0,0,24,0,0,0,0,24,,,0.0,,0.0036229992496410006,0,0
6,day,2021-06-13,0,0,24,0,0,0,0,24,,,0.0,,0.004470695015635772,0,0
6,day,2021-06-14,0,0,18,4,0,0,4,14,0.0,,0.0,0.44246031746031744,0.19628657408138855,2,0
6,day,2021-06-15,5,4,20,2,1,4,1,14,0.5,0.2,0.2222222222222222,0.15000000000000002,0.09122864024853414,4,3
6,day,2021-06-16,4,2,21,5,2,2,3,14,0.4,0.5,0.125,0.32291316526610647,0.2055614861614643,2,1
6,day,2021-06-17,3,2,19,3,1,2,2,14,0.3333333333333333,0.3333333333333333,0.125,0.20077972709551656,0.13884782085592745,3,2
6,day,2021-06-18,5,4,21,2,1,4,1,15,0.5,0.2,0.21052631578947367,0.14761904761904762,0.08520317013987656,2,2
6,day,2021-06-19,3,3,24,0,0,3,0,21,,0.0,0.125,,0.004864828273172053,0,0
6,day,2021-06-20,0,0,24,0,0,0,0,24,,,0.0,,0.004497048157539234,0,0
6,day,2021-06-21,0,0,18,1,0,0,1,17,0.0,,0.0,0.07692307692307693,0.05267048607732539,2,0
6,day,2021-06-22,3,0,21,5,3,0,2,16,0.6,1.0,0.0,0.6952380952380952,0.20330853600344945,0,0
6,day,2021-06-23,1,1,24,0,0,1,0,23,,0.0,0.041666666666666664,,0.0039336459549676435,0,0
6,day,2021-06-24,0,0,21,4,0,0,4,17,0.0,,0.0,0.14959273182957394,0.17185897932118804,1,0
6,day,2021-06-25,1,0,18,2,1,0,1,16,0.5,1.0,0.0,0.5666666666666667,0.09569516702084933,3,0
6,day,2021-06-26,5,5,24,0,0,5,0,19,,0.0,0.20833333333333334,,0.005752526172767776,0,0
6,day,2021-06-27,0,0,24,0,0,0,0,24,,,0.0,,0.004436086411413311,0,0
6,day,2021-06-28,0,0,18,3,0,0,3,15,0.0,,0.0,0.1527777777777778,0.14853727895277538,3,0
6,day,2021-06-29,3,2,19,2,1,2,1,15,0.5,0.3333333333333333,0.11764705882352941,0.21929824561403508,0.09313860323763878,4,2
6,day,2021-06-30,5,3,21,6,2,3,4,12,0.3333333333333333,0.4,0.2,0.2952777163496978,0.24984386004607573,1,1
6,week,2021-06-01,0,0,21,3,0,0,3,18,0.0,,0.0,0.8333333333333333,0.1259191386674802,1,0
6,week,2021-06-02,0,0,19,3,0,0,3,16,0.0,,0.0,1.0,0.1386524543719821,1,0
6,week,2021-06-03,1,0,24,1,1,0,0,23,1.0,1.0,0.0,1.0,0.039862934526440234,1,0
6,week,2021-06-04,0,0,24,0,0,0,0,24,,,0.0,,0.005145473423315735,0,0
6,week,2021-06-05,0,0,24,0,0,0,0,24,,,0.0,,0.003320550388446234,0,0
6,week,2021-06-06,0,0,24,0,0,0,0,24,,,0.0,,0.0028514563858184953,0,0
6,week,2021-06-07,0,0,22,4,0,0,4,18,0.0,,0.0,0.7361111111111112,0.15853984072473756,2,0
6,week,2021-06-08,4,3,22,2,1,3,1,17,0.5,0.25,0.15,0.325,0.0813731502466351,0,0
6,week,2021-06-09,3,1,23,4,2,1,2,18,0.5,0.6666666666666666,0.05263157894736842,0.5869565217391304,0.16082176681114096,2,0
6,week,2021-06-10,1,1,24,2,0,1,2,21,0.0,0.0,0.045454545454545456,0.5833333333333333,0.07527222288153547,0,0
6,week,2021-06-11,0,0,24,0,0,0,0,24,,,0.0,,0.0050735982876812455,0,0
6,week,2021-06-12,0,0,24,0,0,0,0,24,,,0.0,,0.0033646475856316522,0,0
6,week,2021-06-13,0,0,24,0,0,0,0,24,,,0.0,,0.002882516168973146,0,0
6,week,2021-06-14,4,1,18,4,3,1,1,13,0.75,0.75,0.07142857142857142,0.7291666666666666,0.19099920577029614,2,1
6,week,2021-06-15,3,2,20,2,1,2,1,16,0.5,0.3333333333333333,0.1111111111111111,0.39285714285714285,0.08946562749202448,4,2
6,week,2021-06-16,3,3,21,5,0,3,5,13,0.0,0.0,0.1875,0.37761904761904763,0.21224983018041016,2,1
6,week,2021-06-17,0,0,19,3,0,0,3,16,0.0,,0.0,0.25757575757575757,0.13999019225271825,3,0
6,week,2021-06-18,0,0,21,2,0,0,2,19,0.0,,0.0,1.0,0.08521580307822381,2,0
6,week,2021-06-19,0,0,24,0,0,0,0,24,,,0.0,,0.003394400701724011,0,0
6,week,2021-06-20,0,0,24,0,0,0,0,24,,,0.0,,0.0028747699775658136,0,0
6,week,2021-06-21,3,2,18,1,1,2,0,15,1.0,0.3333333333333333,0.11764705882352941,0.5,0.03862917111992069,2,1
6,week,2021-06-22,5,2,21,5,3,2,2,14,0.6,0.6,0.125,0.6152380952380951,0.2142440324815065,0,0
6,week,2021-06-23,5,5,24,0,0,5,0,19,,0.0,0.20833333333333334,,0.004407949660890052,0,0
6,week,2021-06-24,5,3,21,4,2,3,2,14,0.5,0.4,0.17647058823529413,0.5952380952380952,0.17381949362886776,1,0
6,week,2021-06-25,3,1,18,2,2,1,0,15,1.0,0.6666666666666666,0.0625,1.0,0.09693160250203514,3,0
6,week,2021-06-26,0,0,24,0,0,0,0,24,,,0.0,,0.0033603983471167573,0,0
6,week,2021-06-27,0,0,24,0,0,0,0,24,,,0.0,,0.0028836330829476054,0,0
6,week,2021-06-28,2,1,18,3,1,1,2,14,0.3333333333333333,0.5,0.06666666666666667,0.6111111111111112,0.13692195044268723,3,1
6,week,2021-06-29,4,3,19,2,1,3,1,14,0.5,0.25,0.17647058823529413,0.29166666666666663,0.09388863754446337,4,3
6,week,2021-06-30,0,0,21,6,0,0,6,15,0.0,,0.0,0.8888888888888888,0.24694993831722023,1,0
7,F0,2021-07-01,6,4,20,2,2,4,0,14,1.0,0.3333333333333333,0.2222222222222222,0.75,0.07550523150004189,4,3
7,F0,2021-07-02,7,3,22,4,4,3,0,15,1.0,0.5714285714285714,0.16666666666666666,0.5595238095238095,0.14004276583179012,2,2
7,F0,2021-07-03,0,0,24,0,0,0,0,24,,,0.0,,4.766548785781267e-06,0,0
7,F0,2021-07-04,0,0,24,0,0,0,0,24,,,0.0,,1.3852150233837019e-05,0,0
7,F0,2021-07-05,8,2,21,6,6,2,0,13,1.0,0.75,0.13333333333333333,0.9150793650793649,0.0752823563447109,1,1
7,F0,2021-07-06,6,4,21,2,2,4,0,15,1.0,0.3333333333333333,0.21052631578947367,0.8333333333333333,0.05348712216714745,4,2
7,F0,2021-07-07,9,4,21,5,5,4,0,12,1.0,0.5555555555555556,0.25,0.8761904761904762,0.0890128327609778,4,4
7,F0,2021-07-08,6,3,18,3,3,3,0,12,1.0,0.5,0.2,0.7555555555555555,0.09964816037553674,1,1
7,F0,2021-07-09,7,5,21,3,2,5,1,13,0.6666666666666666,0.2857142857142857,0.2777777777777778,0.38690476190476186,0.16118799733359632,2,2
7,F0,2021-07-10,0,0,24,0,0,0,0,24,,,0.0,,5.839226506271649e-07,0,0
7,F0,2021-07-11,0,0,24,0,0,0,0,24,,,0.0,,1.8696144160351163e-05,0,0
7,F0,2021-07-12,3,2,16,2,1,2,1,12,0.5,0.3333333333333333,0.14285714285714285,0.75,0.13519772289952978,2,2
7,F0,2021-07-14,3,2,17,3,1,2,2,12,0.3333333333333333,0.3333333333333333,0.14285714285714285,0.5694444444444444,0.1309908095625195,4,2
7,F0,2021-07-16,5,4,17,2,1,4,1,11,0.5,0.2,0.26666666666666666,0.3333333333333333,0.13928300886242925,2,2
7,F0,2021-07-17,1,1,24,0,0,1,0,23,,0.0,0.041666666666666664,,0.00010241523049260834,0,0
7,F0,2021-07-18,2,2,24,0,0,2,0,22,,0.0,0.08333333333333333,,0.014610545884996875,0,0
7,F0,2021-07-19,6,4,18,2,2,4,0,12,1.0,0.3333333333333333,0.25,0.5833333333333333,0.10883597625094432,4,4
7,F0,2021-07-20,2,1,15,1,1,1,0,13,1.0,0.5,0.07142857142857142,1.0,0.0007092686118793963,3,1
7,F0,2021-07-21,4,3,17,1,1,3,0,13,1.0,0.25,0.1875,1.0,0.055191277400469654,3,2
7,F0,2021-07-22,4,3,18,2,1,3,1,13,0.5,0.25,0.1875,0.7,0.07947978982186467,2,2
7,F0,2021-07-23,2,1,15,1,1,1,0,13,1.0,0.5,0.07142857142857142,0.5,0.06328636653145477,2,1
7,F0,2021-07-24,3,3,24,0,0,3,0,21,,0.0,0.125,,0.00053283443559885,0,0
7,F0,2021-07-25,0,0,24,0,0,0,0,24,,,0.0,,1.2003497174378686e-05,0,0
7,F0,2021-07-26,5,3,18,2,2,3,0,13,1.0,0.4,0.1875,0.8333333333333333,0.043799293832071304,5,3
7,F0,2021-07-27,3,2,15,2,1,2,1,11,0.5,0.3333333333333333,0.15384615384615385,0.75,0.12876515697464827,2,2
7,F0,2021-07-28,4,2,15,2,2,2,0,11,1.0,0.5,0.15384615384615385,0.8333333333333333,0.05264341324576659,2,2
7,F0,2021-07-29,5,2,16,3,3,2,0,11,1.0,0.6,0.15384615384615385,0.8055555555555556,0.12020440207852186,2,2
7,F0,2021-07-30,4,2,15,2,2,2,0,11,1.0,0.5,0.15384615384615385,0.8333333333333333,0.05963486517789578,2,2
7,F0,2021-07-31,1,1,23,0,0,1,0,22,,0.0,0.043478260869565216,,9.070761824825761e-05,0,0
7,F1,2021-07-01,7,5,20,2,2,5,0,13,1.0,0.2857142857142857,0.2777777777777778,0.7,0.10274117694377324,4,4
7,F1,2021-07-02,8,4,22,4,4,4,0,14,1.0,0.5,0.2222222222222222,0.6041666666666666,0.09910126565827358,2,2
7,F1,2021-07-03,1,1,24,0,0,1,0,23,,0.0,0.041666666666666664,,4.2667796165239066e-05,0,0
7,F1,2021-07-04,1,1,24,0,0,1,0,23,,0.0,0.041666666666666664,,0.0018083281384427318,0,0
7,F1,2021-07-05,5,1,21,6,4,1,2,14,0.6666666666666666,0.8,0.06666666666666667,0.9484126984126984,0.11670599964622366,1,1
7,F1,2021-07-06,8,6,21,2,2,6,0,13,1.0,0.25,0.3157894736842105,0.5833333333333333,0.07177424281584496,4,3
7,F1,2021-07-07,9,4,21,5,5,4,0,12,1.0,0.5555555555555556,0.25,0.9266666666666665,0.056332906111748696,4,4
7,F1,2021-07-08,5,2,18,3,3,2,0,13,1.0,0.6,0.13333333333333333,1.0,0.05078579852940852,1,0
7,F1,2021-07-09,8,5,21,3,3,5,0,13,1.0,0.375,0.2777777777777778,0.42499999999999993,0.14337011017540127,2,2
7,F1,2021-07-10,0,0,24,0,0,0,0,24,,,0.0,,5.810298225650949e-06,0,0
7,F1,2021-07-11,2,2,24,0,0,2,0,22,,0.0,0.08333333333333333,,7.751329470619683e-05,0,0
7,F1,2021-07-12,4,3,16,2,1,3,1,11,0.5,0.25,0.21428571428571427,0.7,0.10193620123347522,2,2
7,F1,2021-07-14,6,4,17,3,2,4,1,10,0.6666666666666666,0.3333333333333333,0.2857142857142857,0.5873015873015872,0.14220909890045672,4,4
7,F1,2021-07-16,4,3,17,2,1,3,1,12,0.5,0.25,0.2,0.6666666666666666,0.07838058537756327,2,1
7,F1,2021-07-17,2,2,24,0,0,2,0,22,,0.0,0.08333333333333333,,0.0003544514101039965,0,0
7,F1,2021-07-18,1,1,24,0,0,1,0,23,,0.0,0.041666666666666664,,0.006200991864584406,0,0
7,F1,2021-07-19,5,3,18,2,2,3,0,13,1.0,0.4,0.1875,0.8333333333333333,0.03707106669614588,4,3
7,F1,2021-07-20,2,1,15,1,1,1,0,13,1.0,0.5,0.07142857142857142,1.0,0.008479347661131457,3,1
7,F1,2021-07-21,3,2,17,1,1,2,0,14,1.0,0.3333333333333333,0.125,1.0,0.029446514530868263,3,2
7,F1,2021-07-22,5,4,18,2,1,4,1,12,0.5,0.2,0.25,0.6666666666666666,0.06792631191354577,2,2
7,F1,2021-07-23,2,1,15,1,1,1,0,13,1.0,0.5,0.07142857142857142,1.0,0.058625788135966035,2,1
7,F1,2021-07-24,4,4,24,0,0,4,0,20,,0.0,0.16666666666666666,,0.003572476280973305,0,0
7,F1,2021-07-25,2,2,24,0,0,2,0,22,,0.0,0.08333333333333333,,0.001694134823353956,0,0
7,F1,2021-07-26,4,2,18,2,2,2,0,14,1.0,0.5,0.125,0.75,0.05460399083673552,5,2
7,F1,2021-07-27,2,1,15,2,1,1,1,12,0.5,0.5,0.07692307692307693,0.75,0.10415274226034724,2,1
7,F1,2021-07-28,2,1,15,2,1,1,1,12,0.5,0.5,0.07692307692307693,0.8333333333333333,0.10067538068846091,2,1
7,F1,2021-07-29,3,1,16,3,2,1,1,12,0.6666666666666666,0.6666666666666666,0.07692307692307693,0.8055555555555556,0.15293265840789882,2,1
7,F1,2021-07-30,3,1,15,2,2,1,0,12,1.0,0.6666666666666666,0.07692307692307693,0.8333333333333333,0.10022047350150366,2,1
7,F1,2021-07-31,0,0,23,0,0,0,0,23,,,0.0,,7.48113053764655e-06,0,0
7,day,2021-07-01,0,0,20,2,0,0,2,18,0.0,,0.0,0.07941176470588235,0.09621349497247611,4,0
7,day,2021-07-02,0,0,22,4,0,0,4,18,0.0,,0.0,0.42045454545454547,0.1311404261429842,2,0
7,day,2021-07-03,0,0,24,0,0,0,0,24,,,0.0,,0.009279392184701944,0,0
7,day,2021-07-04,0,0,24,0,0,0,0,24,,,0.0,,0.0067347753646528315,0,0
7,day,2021-07-05,0,0,21,6,0,0,6,15,0.0,,0.0,0.2811417748917749,0.24377777467035497,1,0
7,day,2021-07-06,0,0,21,2,0,0,2,19,0.0,,0.0,0.07539682539682539,0.09233543596284151,4,0
7,day,2021-07-07,0,0,21,5,0,0,5,16,0.0,,0.0,0.21902427637721755,0.20442258696873492,4,0
7,day,2021-07-08,0,0,18,3,0,0,3,15,0.0,,0.0,0.13194444444444445,0.15876514970546576,1,0
7,day,2021-07-09,0,0,21,3,0,0,3,18,0.0,,0.0,0.1142857142857143,0.1439676776468489,2,0
7,day,2021-07-10,0,0,24,0,0,0,0,24,,,0.0,,0.009263769808303525,0,0
7,day,2021-07-11,0,0,24,0,0,0,0,24,,,0.0,,0.0066445910661588475,0,0
7,day,2021-07-12,0,0,16,2,0,0,2,14,0.0,,0.0,0.10096153846153846,0.1110908152262072,2,0
7,day,2021-07-14,0,0,17,3,0,0,3,14,0.0,,0.0,0.17647058823529413,0.15187033714926834,4,0
7,day,2021-07-16,0,0,17,2,0,0,2,15,0.0,,0.0,0.11764705882352941,0.12332337882244818,2,0
7,day,2021-07-17,0,0,24,0,0,0,0,24,,,0.0,,0.014461388007298728,0,0
7,day,2021-07-18,0,0,24,0,0,0,0,24,,,0.0,,0.006719590264339779,0,0
7,day,2021-07-19,0,0,18,2,0,0,2,16,0.0,,0.0,0.11805555555555555,0.0994042163687888,4,0
7,day,2021-07-20,0,0,15,1,0,0,1,14,0.0,,0.0,0.06666666666666667,0.07829366443494655,3,0
7,day,2021-07-21,0,0,17,1,0,0,1,16,0.0,,0.0,0.058823529411764705,0.07234033526877966,3,0
7,day,2021-07-22,0,0,18,2,0,0,2,16,0.0,,0.0,0.2222222222222222,0.09521054640725476,2,0
7,day,2021-07-23,0,0,15,1,0,0,1,14,0.0,,0.0,0.06666666666666667,0.07282742041481005,2,0
7,day,2021-07-24,0,0,24,0,0,0,0,24,,,0.0,,0.02220297921820143,0,0
7,day,2021-07-25,0,0,24,0,0,0,0,24,,,0.0,,0.006668152566330861,0,0
7,day,2021-07-26,0,0,18,2,0,0,2,16,0.0,,0.0,0.2857142857142857,0.09922016622172086,5,0
7,day,2021-07-27,0,0,15,2,0,0,2,13,0.0,,0.0,0.23333333333333334,0.11465816919767904,2,0
7,day,2021-07-28,0,0,15,2,0,0,2,13,0.0,,0.0,0.10238095238095238,0.13598811056364749,2,0
7,day,2021-07-29,0,0,16,3,0,0,3,13,0.0,,0.0,0.21805555555555556,0.16223351589535662,2,0
7,day,2021-07-30,0,0,15,2,0,0,2,13,0.0,,0.0,0.10238095238095238,0.1358645341075605,2,0
7,day,2021-07-31,0,0,23,0,0,0,0,23,,,0.0,,0.025542504725493843,0,0
7,week,2021-07-01,3,1,20,2,2,1,0,17,1.0,0.6666666666666666,0.05555555555555555,0.5833333333333333,0.0880101329656792,4,1
7,week,2021-07-02,6,3,22,4,3,3,1,15,0.75,0.5,0.16666666666666666,0.6704545454545454,0.15966382466359902,2,1
7,week,2021-07-03,0,0,24,0,0,0,0,24,,,0.0,,0.0058258606068832845,0,0
7,week,2021-07-04,0,0,24,0,0,0,0,24,,,0.0,,0.005195198888355562,0,0
7,week,2021-07-05,4,1,21,6,3,1,3,14,0.5,0.75,0.06666666666666667,0.6428571428571428,0.23810780375414975,1,0
7,week,2021-07-06,2,1,21,2,1,1,1,18,0.5,0.5,0.05263157894736842,0.5476190476190477,0.08144313251660935,4,0
7,week,2021-07-07,6,2,21,5,4,2,1,14,0.8,0.6666666666666666,0.125,0.6342857142857143,0.20467528370194657,4,2
7,week,2021-07-08,2,0,18,3,2,0,1,15,0.6666666666666666,1.0,0.0,0.7222222222222222,0.13758820667472607,1,0
7,week,2021-07-09,5,3,21,3,2,3,1,15,0.6666666666666666,0.4,0.16666666666666666,0.6095238095238096,0.12295330362287434,2,2
7,week,2021-07-10,0,0,24,0,0,0,0,24,,,0.0,,0.0056642318893119796,0,0
7,week,2021-07-11,0,0,24,0,0,0,0,24,,,0.0,,0.0051901324827280625,0,0
7,week,2021-07-12,4,2,16,2,2,2,0,12,1.0,0.5,0.14285714285714285,0.41666666666666663,0.10778494543815986,2,2
7,week,2021-07-14,3,1,17,3,2,1,1,13,0.6666666666666666,0.6666666666666666,0.07142857142857142,0.44771241830065356,0.1480969460644203,4,1
7,week,2021-07-16,2,1,17,2,1,1,1,14,0.5,0.5,0.06666666666666667,0.3088235294117647,0.10937617256096031,2,1
7,week,2021-07-17,0,0,24,0,0,0,0,24,,,0.0,,0.005705083485347877,0,0
7,week,2021-07-18,0,0,24,0,0,0,0,24,,,0.0,,0.005186356985111625,0,0
7,week,2021-07-19,3,1,18,2,2,1,0,15,1.0,0.6666666666666666,0.0625,0.8333333333333333,0.0859773758176582,4,1
7,week,2021-07-20,0,0,15,1,0,0,1,14,0.0,,0.0,0.06666666666666667,0.06342633216449613,3,0
7,week,2021-07-21,1,0,17,1,1,0,0,16,1.0,1.0,0.0,1.0,0.05337314528082107,3,0
7,week,2021-07-22,0,0,18,2,0,0,2,16,0.0,,0.0,0.1111111111111111,0.10502932066981113,2,0
7,week,2021-07-23,2,1,15,1,1,1,0,13,1.0,0.5,0.07142857142857142,1.0,0.058564107880657246,2,1
7,week,2021-07-24,0,0,24,0,0,0,0,24,,,0.0,,0.005664402042758203,0,0
7,week,2021-07-25,0,0,24,0,0,0,0,24,,,0.0,,0.0051890259595268095,0,0
7,week,2021-07-26,2,0,18,2,2,0,0,16,1.0,1.0,0.0,1.0,0.08518134421322615,5,0
7,week,2021-07-27,1,0,15,2,1,0,1,13,0.5,1.0,0.0,1.0,0.1035440944416906,2,0
7,week,2021-07-28,1,0,15,2,1,0,1,13,0.5,1.0,0.0,1.0,0.10365812892205248,2,0
7,week,2021-07-29,2,1,16,3,1,1,2,12,0.3333333333333333,0.5,0.07692307692307693,0.8333333333333333,0.1492134701410742,2,1
7,week,2021-07-30,2,0,15,2,2,0,0,13,1.0,1.0,0.0,1.0,0.10318807943684566,2,0
7,week,2021-07-31,0,0,23,0,0,0,0,23,,,0.0,,0.0057064929477980515,0,0
