month,model,condition,n,positives,TP,FP,FN,TN,recall,precision,FPR,AP,Brier,entries_within30_minutes,detected_within30_minutes
4,F0,production_zero,250,7,5,10,2,233,0.7142857142857143,0.3333333333333333,0.0411522633744856,0.4097110097110097,0.022703116319551818,1,1
4,F0,production_positive,452,48,37,79,11,325,0.7708333333333334,0.31896551724137934,0.19554455445544555,0.4141338484576821,0.0840476054757996,10,8
4,F1,production_zero,250,7,3,10,4,233,0.42857142857142855,0.23076923076923078,0.0411522633744856,0.3633241758241758,0.02813099817689713,1,1
4,F1,production_positive,452,48,41,54,7,350,0.8541666666666666,0.43157894736842106,0.13366336633663367,0.45709693440795335,0.07293745987194848,10,10
4,day,production_zero,250,7,0,0,7,243,0.0,,0.0,0.08759205267509396,0.032020111640534824,1,0
4,day,production_positive,452,48,2,0,46,404,0.041666666666666664,1.0,0.0,0.6022698031021375,0.08833281556132573,10,0
4,week,production_zero,250,7,2,8,5,235,0.2857142857142857,0.2,0.03292181069958848,0.27492643124665594,0.030509562615100398,1,1
4,week,production_positive,452,48,7,2,41,402,0.14583333333333334,0.7777777777777778,0.0049504950495049506,0.5081896585651602,0.08111487012923724,10,1
5,F0,production_zero,307,10,5,5,5,292,0.5,0.5,0.016835016835016835,0.49412055780476827,0.02287937872182756,5,4
5,F0,production_positive,422,25,17,24,8,373,0.68,0.4146341463414634,0.060453400503778336,0.382424624415608,0.05809169216140487,5,4
5,F1,production_zero,307,10,8,13,2,284,0.8,0.38095238095238093,0.04377104377104377,0.46623764130157996,0.030076562905592602,5,5
5,F1,production_positive,422,25,18,31,7,366,0.72,0.3673469387755102,0.07808564231738035,0.46827650001316345,0.049680320100303065,5,4
5,day,production_zero,307,10,2,10,8,287,0.2,0.16666666666666666,0.03367003367003367,0.22899314183608402,0.041238621525302895,5,1
5,day,production_positive,422,25,11,42,14,355,0.44,0.20754716981132076,0.10579345088161209,0.3658376708983653,0.059700180755702596,5,3
5,week,production_zero,307,10,4,8,6,289,0.4,0.3333333333333333,0.026936026936026935,0.30493189489238953,0.02929736326334261,5,2
5,week,production_positive,422,25,3,17,22,380,0.12,0.15,0.042821158690176324,0.17388286939852374,0.0626480389202196,5,1
6,F0,production_zero,222,11,11,2,0,209,1.0,0.8461538461538461,0.009478672985781991,1.0,0.006582890120545012,2,2
6,F0,production_positive,449,77,77,14,0,358,1.0,0.8461538461538461,0.03763440860215054,0.9990008895154383,0.01979448161198015,27,27
6,F1,production_zero,222,11,11,7,0,204,1.0,0.6111111111111112,0.03317535545023697,1.0,0.007152664795574781,2,2
6,F1,production_positive,449,77,77,32,0,340,1.0,0.7064220183486238,0.08602150537634409,0.9984446925623397,0.014933762382313188,27,27
6,day,production_zero,222,11,2,14,9,197,0.18181818181818182,0.125,0.06635071090047394,0.13736764044759897,0.04530180673542628,2,0
6,day,production_positive,449,77,44,60,33,312,0.5714285714285714,0.4230769230769231,0.16129032258064516,0.5158187618345385,0.1355528367291594,27,18
6,week,production_zero,222,11,8,0,3,211,0.7272727272727273,1.0,0.0,0.9999999999999999,0.03522043404688583,2,2
6,week,production_positive,449,77,26,27,51,345,0.33766233766233766,0.49056603773584906,0.07258064516129033,0.5092806032186861,0.14525838881196176,27,10
7,F0,production_zero,252,20,18,9,2,223,0.9,0.6666666666666666,0.03879310344827586,0.9568657635467981,0.012726613061481387,8,8
7,F0,production_positive,329,82,77,23,5,224,0.9390243902439024,0.77,0.0931174089068826,0.7826530752716333,0.10213723193365354,37,36
7,F0,temperature_gt30,33,15,14,2,1,16,0.9333333333333333,0.875,0.1111111111111111,0.8657296407296408,0.15068061588404114,8,8
7,F1,production_zero,252,20,20,8,0,224,1.0,0.7142857142857143,0.034482758620689655,0.9909782608695654,0.006944883632378077,8,8
7,F1,production_positive,329,82,75,29,7,218,0.9146341463414634,0.7211538461538461,0.11740890688259109,0.7987547030398978,0.10899834669899636,37,35
7,F1,temperature_gt30,33,15,13,2,2,16,0.8666666666666667,0.8666666666666667,0.1111111111111111,0.8505059755059756,0.17859933218789373,8,8
7,day,production_zero,252,20,7,29,13,203,0.35,0.19444444444444445,0.125,0.16440523558582193,0.08461670657341683,8,3
7,day,production_positive,329,82,38,14,44,233,0.4634146341463415,0.7307692307692307,0.05668016194331984,0.6728156627871703,0.16660423635135652,37,17
7,day,temperature_gt30,33,15,4,7,11,11,0.26666666666666666,0.36363636363636365,0.3888888888888889,0.477371416446369,0.37952910684050223,8,3
7,week,production_zero,252,20,17,0,3,232,0.85,1.0,0.0,0.977027027027027,0.021515535332886502,8,7
7,week,production_positive,329,82,56,8,26,239,0.6829268292682927,0.875,0.032388663967611336,0.8740318941971982,0.10266415295326971,37,29
7,week,temperature_gt30,33,15,10,1,5,17,0.6666666666666666,0.9090909090909091,0.05555555555555555,0.9272395578277931,0.19117635096971622,8,8
