month,model,total_entries,evaluable_entries,detected_entries,missed_entries,episode_recall,coverage,lead_min,lead_median
4,F0,29,29,27,2,0.9310344827586207,1.0,15.0,60.0
4,F1,29,29,29,0,1.0,1.0,15.0,60.0
4,day,29,29,1,28,0.034482758620689655,1.0,90.0,90.0
4,week,29,29,5,24,0.1724137931034483,1.0,30.0,75.0
5,F0,21,19,17,2,0.8947368421052632,0.9047619047619048,0.0,45.0
5,F1,21,19,18,1,0.9473684210526315,0.9047619047619048,0.0,52.5
5,day,21,19,8,11,0.42105263157894735,0.9047619047619048,0.0,82.5
5,week,21,19,4,15,0.21052631578947367,0.9047619047619048,0.0,67.5
6,F0,78,55,55,0,1.0,0.7051282051282052,0.0,75.0
6,F1,78,55,55,0,1.0,0.7051282051282052,0.0,75.0
6,day,78,55,29,26,0.5272727272727272,0.7051282051282052,0.0,75.0
6,week,78,55,23,32,0.41818181818181815,0.7051282051282052,0.0,60.0
7,F0,119,69,67,2,0.9710144927536232,0.5798319327731093,0.0,45.0
7,F1,119,69,66,3,0.9565217391304348,0.5798319327731093,0.0,45.0
7,day,119,69,29,40,0.42028985507246375,0.5798319327731093,0.0,60.0
7,week,119,69,50,19,0.7246376811594203,0.5798319327731093,0.0,45.0
