hour,dow,month,lag0,lag1,lag2,lag3,lag4,lag5,lag6,lag7,day,week,day_early_max,day_window_max,week_early_max,week_window_max,threshold_headroom
0,3,7,77.0,103.0,116.0,120.0,118.0,114.0,103.0,88.0,69.0,73.0,69.0,112.0,73.0,121.0,0.5674157303370787
1,3,7,67.0,67.0,69.0,69.0,77.0,103.0,116.0,120.0,90.0,98.0,102.0,118.0,106.0,126.0,0.6235955056179775
2,3,7,115.0,110.0,100.0,90.0,67.0,67.0,69.0,69.0,118.0,126.0,118.0,120.0,126.0,126.0,0.3539325842696629
3,3,7,112.0,111.0,113.0,116.0,115.0,110.0,100.0,90.0,101.0,106.0,110.0,120.0,117.0,123.0,0.3707865168539326
4,3,7,111.0,112.0,109.0,95.0,112.0,111.0,113.0,116.0,116.0,118.0,116.0,116.0,118.0,121.0,0.37640449438202245
5,3,7,100.0,97.0,106.0,111.0,111.0,112.0,109.0,95.0,93.0,99.0,93.0,118.0,99.0,124.0,0.43820224719101125
6,3,7,114.0,99.0,77.0,82.0,100.0,97.0,106.0,111.0,113.0,124.0,113.0,143.0,124.0,172.0,0.3595505617977528
7,3,7,112.0,115.0,104.0,110.0,114.0,99.0,77.0,82.0,116.0,120.0,125.0,193.0,136.0,188.0,0.3707865168539326
8,3,7,138.0,148.0,125.0,105.0,112.0,115.0,104.0,110.0,164.0,171.0,177.0,193.0,188.0,188.0,0.2247191011235955
10,3,7,174.0,183.0,184.0,171.0,194.0,190.0,180.0,163.0,142.0,123.0,171.0,171.0,154.0,171.0,0.02247191011235955
