dimension,condition,model,n,days,mae,bias,underprediction,peak_intervals,peak_rate,peak_underprediction,tp,fn,fp,tn,recall,precision,f1,false_positive_rate
temperature,"(-inf, 8.0]",pred,8,1,68.5,68.5,0.0,0,0.0,,0,0,0,8,,,,0.0
temperature,"(-inf, 8.0]",naive,8,1,68.5,68.5,0.0,0,0.0,,0,0,0,8,,,,0.0
temperature,"(12.4, inf]",pred,2792,31,22.63865801903201,0.7222864958070019,10.958185761612505,53,0.018982808022922636,39.641956120355346,0,53,32,2707,0.0,0.0,0.0,0.011683096020445418
temperature,"(12.4, inf]",naive,2792,31,25.41404011461318,-0.6368194842406877,13.025429799426934,53,0.018982808022922636,37.56603773584906,6,47,47,2692,0.11320754716981132,0.11320754716981132,0.11320754716981132,0.01715954728002921
temperature,"(8.0, 12.4]",pred,176,7,20.64539675487241,16.63529696804846,2.005049893411976,0,0.0,,0,0,0,176,,,,0.0
temperature,"(8.0, 12.4]",naive,176,7,20.1875,16.59659090909091,1.7954545454545454,0,0.0,,0,0,0,176,,,,0.0
temperature_5C,20-25,pred,788,24,31.605786659697905,6.862203311511753,12.371791674093078,5,0.006345177664974619,33.73649456752112,0,5,23,760,0.0,0.0,0.0,0.02937420178799489
temperature_5C,20-25,naive,788,24,33.8248730964467,5.474619289340102,14.1751269035533,5,0.006345177664974619,14.2,0,5,18,765,0.0,0.0,0.0,0.022988505747126436
temperature_5C,25-30,pred,68,4,33.37808261626699,24.56309385432125,4.407494380972869,0,0.0,,0,0,0,68,,,,0.0
temperature_5C,25-30,naive,68,4,30.764705882352942,27.176470588235293,1.7941176470588236,0,0.0,,0,0,0,68,,,,0.0
temperature_5C,<=20,pred,2120,31,18.968704486908877,-0.7477690702336909,9.858236778571284,48,0.022641509433962263,40.25710836544222,0,48,9,2063,0.0,0.0,0.0,0.004343629343629344
temperature_5C,<=20,naive,2120,31,21.844811320754715,-2.1089622641509433,11.97688679245283,48,0.022641509433962263,40.0,6,42,29,2043,0.125,0.17142857142857143,0.14457831325301204,0.013996138996138996
production,positive,pred,1744,26,16.314868584134892,-8.606148060393233,12.460508322264063,50,0.028669724770642203,32.340473487576645,0,50,26,1668,0.0,0.0,0.0,0.015348288075560802
production,positive,naive,1744,26,20.766628440366972,-10.656536697247706,15.711582568807339,50,0.028669724770642203,30.14,6,44,41,1653,0.12,0.1276595744680851,0.12371134020618557,0.024203069657615112
production,zero,pred,1232,27,31.603565103298436,16.640875308437888,7.481344897430274,3,0.002435064935064935,161.33333333333334,0,3,6,1223,0.0,0.0,0.0,0.004882017900732303
production,zero,naive,1232,27,31.525974025974026,16.457792207792206,7.534090909090909,3,0.002435064935064935,161.33333333333334,0,3,6,1223,0.0,0.0,0.0,0.004882017900732303
period,00-07,pred,868,31,13.553531360474333,4.616429793775985,4.4685507833491735,0,0.0,,0,0,0,868,,,,0.0
period,00-07,naive,868,31,16.382488479262673,2.2235023041474653,7.079493087557604,0,0.0,,0,0,0,868,,,,0.0
period,07-10,pred,372,31,29.00512091134851,2.576223735292332,13.21444858802809,30,0.08064516129032258,41.74413178175876,0,30,13,329,0.0,0.0,0.0,0.038011695906432746
period,07-10,naive,372,31,31.688172043010752,0.6075268817204301,15.540322580645162,30,0.08064516129032258,40.3,5,25,25,317,0.16666666666666666,0.16666666666666666,0.16666666666666666,0.07309941520467836
period,10-17,pred,868,31,28.52620098199293,0.1636834422604373,14.181258769866245,23,0.026497695852534562,36.899987866350834,0,23,19,826,0.0,0.0,0.0,0.022485207100591716
period,10-17,naive,868,31,30.241935483870968,-0.10138248847926268,15.171658986175116,23,0.026497695852534562,34.0,1,22,22,823,0.043478260869565216,0.043478260869565216,0.043478260869565216,0.02603550295857988
period,17-22,pred,620,31,25.079995193074915,0.5359900104476757,12.272002591313619,0,0.0,,0,0,0,620,,,,0.0
period,17-22,naive,620,31,28.475806451612904,-0.582258064516129,14.529032258064516,0,0.0,,0,0,0,620,,,,0.0
period,22-24,pred,248,31,18.241989298408257,0.2122130555796792,9.014888121414288,0,0.0,,0,0,0,248,,,,0.0
period,22-24,naive,248,31,20.741935483870968,-0.06451612903225806,10.403225806451612,0,0.0,,0,0,0,248,,,,0.0
production_period,positive/00-07,pred,480,19,9.665413499822053,-4.054128301414227,6.85977090061814,0,0.0,,0,0,0,480,,,,0.0
production_period,positive/00-07,naive,480,19,15.216666666666667,-8.420833333333333,11.81875,0,0.0,,0,0,0,480,,,,0.0
production_period,positive/07-10,pred,236,26,22.740832924023824,-6.4036197723048796,14.57222634816435,27,0.11440677966101695,28.4564427204727,0,27,10,199,0.0,0.0,0.0,0.04784688995215311
production_period,positive/07-10,naive,236,26,27.372881355932204,-8.983050847457626,18.177966101694917,27,0.11440677966101695,26.85185185185185,5,22,22,187,0.18518518518518517,0.18518518518518517,0.18518518518518517,0.10526315789473684
production_period,positive/10-17,pred,528,19,19.31110029278551,-13.002729686247775,16.156914989516643,23,0.043560606060606064,36.899987866350834,0,23,16,489,0.0,0.0,0.0,0.031683168316831684
production_period,positive/10-17,naive,528,19,22.15530303030303,-13.515151515151516,17.835227272727273,23,0.043560606060606064,34.0,1,22,19,486,0.043478260869565216,0.05,0.046511627906976744,0.03762376237623762
production_period,positive/17-22,pred,372,19,17.989529694304665,-9.945958788035197,13.967744241169932,0,0.0,,0,0,0,372,,,,0.0
production_period,positive/17-22,naive,372,19,23.663978494623656,-11.739247311827956,17.701612903225808,0,0.0,,0,0,0,372,,,,0.0
production_period,positive/22-24,pred,128,18,12.176013749023108,-7.70740955386797,9.941711651445539,0,0.0,,0,0,0,128,,,,0.0
production_period,positive/22-24,naive,128,18,15.25,-7.1875,11.21875,0,0.0,,0,0,0,128,,,,0.0
production_period,zero/00-07,pred,388,20,18.36357407468334,15.34289341669171,1.5103403289958146,0,0.0,,0,0,0,388,,,,0.0
production_period,zero/00-07,naive,388,20,17.824742268041238,15.391752577319588,1.2164948453608246,0,0.0,,0,0,0,388,,,,0.0
production_period,zero/07-10,pred,136,18,39.87550300700016,18.158893351416904,10.858304827791628,3,0.022058823529411766,161.33333333333334,0,3,3,130,0.0,0.0,0.0,0.022556390977443608
production_period,zero/07-10,naive,136,18,39.1764705882353,17.25,10.963235294117647,3,0.022058823529411766,161.33333333333334,0,3,3,130,0.0,0.0,0.0,0.022556390977443608
production_period,zero/10-17,pred,340,13,42.83671028758563,20.610348535943782,11.113180875820925,0,0.0,,0,0,3,337,,0.0,0.0,0.008823529411764706
production_period,zero/10-17,naive,340,13,42.8,20.729411764705883,11.035294117647059,0,0.0,,0,0,3,337,,0.0,0.0,0.008823529411764706
production_period,zero/17-22,pred,248,14,35.71569344123029,16.258913208171986,9.728390116529154,0,0.0,,0,0,0,248,,,,0.0
production_period,zero/17-22,naive,248,14,35.693548387096776,16.153225806451612,9.77016129032258,0,0.0,,0,0,0,248,,,,0.0
production_period,zero/22-24,pred,120,17,24.712363217752408,8.659810505657173,8.02627635604762,0,0.0,,0,0,0,120,,,,0.0
production_period,zero/22-24,naive,120,17,26.6,7.533333333333333,9.533333333333333,0,0.0,,0,0,0,120,,,,0.0
temperature_production_period,20-25/positive/07-10,pred,20,4,34.00059981391639,-25.857803750141443,29.929201782028912,0,0.0,,0,0,4,16,,0.0,0.0,0.2
temperature_production_period,20-25/positive/07-10,naive,20,4,17.3,4.1,6.6,0,0.0,,0,0,4,16,,0.0,0.0,0.2
temperature_production_period,20-25/positive/10-17,pred,296,14,17.28474485325253,-8.286761874080037,12.785753363666283,5,0.016891891891891893,33.73649456752112,0,5,13,278,0.0,0.0,0.0,0.044673539518900345
temperature_production_period,20-25/positive/10-17,naive,296,14,22.04391891891892,-11.672297297297296,16.85810810810811,5,0.016891891891891893,14.2,0,5,8,283,0.0,0.0,0.0,0.027491408934707903
temperature_production_period,20-25/positive/17-22,pred,76,9,18.553465986853627,1.1112342000234348,8.721115893415096,0,0.0,,0,0,0,76,,,,0.0
temperature_production_period,20-25/positive/17-22,naive,76,9,27.42105263157895,-7.973684210526316,17.69736842105263,0,0.0,,0,0,0,76,,,,0.0
temperature_production_period,20-25/zero/00-07,pred,36,2,2.388888888888889,1.5555555555555556,0.4166666666666667,0,0.0,,0,0,0,36,,,,0.0
temperature_production_period,20-25/zero/00-07,naive,36,2,2.388888888888889,1.5555555555555556,0.4166666666666667,0,0.0,,0,0,0,36,,,,0.0
temperature_production_period,20-25/zero/07-10,pred,44,6,44.0,42.86363636363637,0.5681818181818182,0,0.0,,0,0,3,41,,0.0,0.0,0.06818181818181818
temperature_production_period,20-25/zero/07-10,naive,44,6,44.0,42.86363636363637,0.5681818181818182,0,0.0,,0,0,3,41,,0.0,0.0,0.06818181818181818
temperature_production_period,20-25/zero/10-17,pred,200,9,56.84,25.71,15.565,0,0.0,,0,0,3,197,,0.0,0.0,0.015
temperature_production_period,20-25/zero/10-17,naive,200,9,56.84,25.71,15.565,0,0.0,,0,0,3,197,,0.0,0.0,0.015
temperature_production_period,20-25/zero/17-22,pred,104,9,41.28846153846154,11.711538461538462,14.788461538461538,0,0.0,,0,0,0,104,,,,0.0
temperature_production_period,20-25/zero/17-22,naive,104,9,41.28846153846154,11.711538461538462,14.788461538461538,0,0.0,,0,0,0,104,,,,0.0
temperature_production_period,20-25/zero/22-24,pred,12,2,1.25,-0.75,1.0,0,0.0,,0,0,0,12,,,,0.0
temperature_production_period,20-25/zero/22-24,naive,12,2,1.25,-0.75,1.0,0,0.0,,0,0,0,12,,,,0.0
temperature_production_period,25-30/positive/10-17,pred,8,1,31.713702238269384,-31.713702238269384,31.713702238269384,0,0.0,,0,0,0,8,,,,0.0
temperature_production_period,25-30/positive/10-17,naive,8,1,9.5,-9.5,9.5,0,0.0,,0,0,0,8,,,,0.0
temperature_production_period,25-30/zero/10-17,pred,52,3,38.42307692307692,36.92307692307692,0.75,0,0.0,,0,0,0,52,,,,0.0
temperature_production_period,25-30/zero/10-17,naive,52,3,38.42307692307692,36.92307692307692,0.75,0,0.0,,0,0,0,52,,,,0.0
temperature_production_period,25-30/zero/17-22,pred,8,1,2.25,0.5,0.875,0,0.0,,0,0,0,8,,,,0.0
temperature_production_period,25-30/zero/17-22,naive,8,1,2.25,0.5,0.875,0,0.0,,0,0,0,8,,,,0.0
temperature_production_period,<=20/positive/00-07,pred,480,19,9.665413499822053,-4.054128301414227,6.85977090061814,0,0.0,,0,0,0,480,,,,0.0
temperature_production_period,<=20/positive/00-07,naive,480,19,15.216666666666667,-8.420833333333333,11.81875,0,0.0,,0,0,0,480,,,,0.0
temperature_production_period,<=20/positive/07-10,pred,216,26,21.69826191570044,-4.6023064410237176,13.150284178362076,27,0.125,28.4564427204727,0,27,6,183,0.0,0.0,0.0,0.031746031746031744
temperature_production_period,<=20/positive/07-10,naive,216,26,28.305555555555557,-10.194444444444445,19.25,27,0.125,26.85185185185185,5,22,18,171,0.18518518518518517,0.21739130434782608,0.2,0.09523809523809523
temperature_production_period,<=20/positive/10-17,pred,224,13,21.54583419697252,-18.56629527546866,20.056064736220588,18,0.08035714285714286,37.77873600491465,0,18,3,203,0.0,0.0,0.0,0.014563106796116505
temperature_production_period,<=20/positive/10-17,naive,224,13,22.754464285714285,-16.09375,19.424107142857142,18,0.08035714285714286,39.5,1,17,11,195,0.05555555555555555,0.08333333333333333,0.06666666666666667,0.05339805825242718
temperature_production_period,<=20/positive/17-22,pred,296,19,17.844735240812362,-12.784967798482684,15.314851519647522,0,0.0,,0,0,0,296,,,,0.0
temperature_production_period,<=20/positive/17-22,naive,296,19,22.699324324324323,-12.70608108108108,17.7027027027027,0,0.0,,0,0,0,296,,,,0.0
temperature_production_period,<=20/positive/22-24,pred,128,18,12.176013749023108,-7.70740955386797,9.941711651445539,0,0.0,,0,0,0,128,,,,0.0
temperature_production_period,<=20/positive/22-24,naive,128,18,15.25,-7.1875,11.21875,0,0.0,,0,0,0,128,,,,0.0
temperature_production_period,<=20/zero/00-07,pred,352,20,19.997348695957772,16.752962061580636,1.6221933171885683,0,0.0,,0,0,0,352,,,,0.0
temperature_production_period,<=20/zero/00-07,naive,352,20,19.40340909090909,16.806818181818183,1.2982954545454546,0,0.0,,0,0,0,352,,,,0.0
temperature_production_period,<=20/zero/07-10,pred,92,15,37.902917488608935,6.343581476007597,15.779668006300668,3,0.03260869565217391,161.33333333333334,0,3,0,89,0.0,,0.0,0.0
temperature_production_period,<=20/zero/07-10,naive,92,15,36.869565217391305,5.0,15.934782608695652,3,0.03260869565217391,161.33333333333334,0,3,0,89,0.0,,0.0,0.0
temperature_production_period,<=20/zero/10-17,pred,88,7,13.619107929308116,-0.6191079293081164,7.119107929308117,0,0.0,,0,0,0,88,,,,0.0
temperature_production_period,<=20/zero/10-17,naive,88,7,13.477272727272727,-0.1590909090909091,6.818181818181818,0,0.0,,0,0,0,88,,,,0.0
temperature_production_period,<=20/zero/17-22,pred,136,13,33.422735098714064,20.66331232078421,6.3797113889649255,0,0.0,,0,0,0,136,,,,0.0
temperature_production_period,<=20/zero/17-22,naive,136,13,33.38235294117647,20.470588235294116,6.455882352941177,0,0.0,,0,0,0,136,,,,0.0
temperature_production_period,<=20/zero/22-24,pred,108,16,27.319292464169344,9.705345006285748,8.806973728941799,0,0.0,,0,0,0,108,,,,0.0
temperature_production_period,<=20/zero/22-24,naive,108,16,29.416666666666668,8.453703703703704,10.481481481481481,0,0.0,,0,0,0,108,,,,0.0
