period,month,model,alpha,n,positives,TP,FP,FN,TN,recall,precision,FPR,AP,Brier,entries_within30_minutes,detected_within30_minutes
month4,4,F0,0.01,702,55,31,38,24,609,0.5636363636363636,0.4492753623188406,0.05873261205564142,0.4047395366226305,0.0622012774287028,11,7
month4,4,F0,0.025,702,55,32,67,23,580,0.5818181818181818,0.32323232323232326,0.1035548686244204,0.4047395366226305,0.0622012774287028,11,7
month4,4,F0,0.05,702,55,42,89,13,558,0.7636363636363637,0.32061068702290074,0.1375579598145286,0.4047395366226305,0.0622012774287028,11,9
month4,4,F0,0.1,702,55,49,123,6,524,0.8909090909090909,0.28488372093023256,0.1901081916537867,0.4047395366226305,0.0622012774287028,11,11
month4,4,week,0.01,702,55,7,4,48,643,0.12727272727272726,0.6363636363636364,0.0061823802163833074,0.40875268557797073,0.06309303696893209,11,1
month4,4,week,0.025,702,55,9,8,46,639,0.16363636363636364,0.5294117647058824,0.012364760432766615,0.40875268557797073,0.06309303696893209,11,2
month4,4,week,0.05,702,55,9,10,46,637,0.16363636363636364,0.47368421052631576,0.015455950540958269,0.40875268557797073,0.06309303696893209,11,2
month4,4,week,0.1,702,55,31,64,24,583,0.5636363636363636,0.3263157894736842,0.09891808346213292,0.40875268557797073,0.06309303696893209,11,6
month4,4,day,0.01,702,55,0,0,55,647,0.0,,0.0,0.4913984999740982,0.06827843382315232,11,0
month4,4,day,0.025,702,55,2,0,53,647,0.03636363636363636,1.0,0.0,0.4913984999740982,0.06827843382315232,11,0
month4,4,day,0.05,702,55,2,0,53,647,0.03636363636363636,1.0,0.0,0.4913984999740982,0.06827843382315232,11,0
month4,4,day,0.1,702,55,2,0,53,647,0.03636363636363636,1.0,0.0,0.4913984999740982,0.06827843382315232,11,0
month4,4,current_level,0.01,702,55,11,19,44,628,0.2,0.36666666666666664,0.02936630602782071,0.2141959403132705,0.07061772556098515,11,0
month4,4,current_level,0.025,702,55,16,42,39,605,0.2909090909090909,0.27586206896551724,0.06491499227202473,0.2141959403132705,0.07061772556098515,11,0
month4,4,current_level,0.05,702,55,16,52,39,595,0.2909090909090909,0.23529411764705882,0.080370942812983,0.2141959403132705,0.07061772556098515,11,0
month4,4,current_level,0.1,702,55,20,66,35,581,0.36363636363636365,0.23255813953488372,0.10200927357032458,0.2141959403132705,0.07061772556098515,11,0
month5,5,F0,0.01,727,44,13,12,31,671,0.29545454545454547,0.52,0.017569546120058566,0.5660297640905143,0.039615516418796286,14,5
month5,5,F0,0.025,727,44,20,18,24,665,0.45454545454545453,0.5263157894736842,0.02635431918008785,0.5660297640905143,0.039615516418796286,14,8
month5,5,F0,0.05,727,44,28,28,16,655,0.6363636363636364,0.5,0.040995607613469986,0.5660297640905143,0.039615516418796286,14,10
month5,5,F0,0.1,727,44,39,46,5,637,0.8863636363636364,0.4588235294117647,0.06734992679355783,0.5660297640905143,0.039615516418796286,14,13
month5,5,week,0.01,727,44,6,14,38,669,0.13636363636363635,0.3,0.020497803806734993,0.24046008327479318,0.05571875108106503,14,3
month5,5,week,0.025,727,44,6,14,38,669,0.13636363636363635,0.3,0.020497803806734993,0.24046008327479318,0.05571875108106503,14,3
month5,5,week,0.05,727,44,9,23,35,660,0.20454545454545456,0.28125,0.03367496339677892,0.24046008327479318,0.05571875108106503,14,4
month5,5,week,0.1,727,44,17,42,27,641,0.38636363636363635,0.288135593220339,0.06149341142020498,0.24046008327479318,0.05571875108106503,14,6
month5,5,day,0.01,727,44,14,17,30,666,0.3181818181818182,0.45161290322580644,0.024890190336749635,0.3645748440798517,0.05941301065836301,14,3
month5,5,day,0.025,727,44,18,32,26,651,0.4090909090909091,0.36,0.04685212298682284,0.3645748440798517,0.05941301065836301,14,5
month5,5,day,0.05,727,44,20,45,24,638,0.45454545454545453,0.3076923076923077,0.06588579795021962,0.3645748440798517,0.05941301065836301,14,6
month5,5,day,0.1,727,44,23,64,21,619,0.5227272727272727,0.26436781609195403,0.09370424597364568,0.3645748440798517,0.05941301065836301,14,7
month5,5,current_level,0.01,727,44,4,9,40,674,0.09090909090909091,0.3076923076923077,0.013177159590043924,0.17918484506354296,0.060808550823864785,14,1
month5,5,current_level,0.025,727,44,8,22,36,661,0.18181818181818182,0.26666666666666666,0.032210834553440704,0.17918484506354296,0.060808550823864785,14,1
month5,5,current_level,0.05,727,44,10,35,34,648,0.22727272727272727,0.2222222222222222,0.05124450951683748,0.17918484506354296,0.060808550823864785,14,2
month5,5,current_level,0.1,727,44,15,57,29,626,0.3409090909090909,0.20833333333333334,0.08345534407027819,0.17918484506354296,0.060808550823864785,14,2
month6,6,F0,0.01,654,92,67,0,25,562,0.7282608695652174,1.0,0.0,0.9969844520866553,0.012591368959149132,34,26
month6,6,F0,0.025,654,92,89,1,3,561,0.967391304347826,0.9888888888888889,0.0017793594306049821,0.9969844520866553,0.012591368959149132,34,33
month6,6,F0,0.05,654,92,91,9,1,553,0.9891304347826086,0.91,0.01601423487544484,0.9969844520866553,0.012591368959149132,34,33
month6,6,F0,0.1,654,92,92,56,0,506,1.0,0.6216216216216216,0.099644128113879,0.9969844520866553,0.012591368959149132,34,34
month6,6,week,0.01,654,92,18,9,74,553,0.1956521739130435,0.6666666666666666,0.01601423487544484,0.6408108067889257,0.09139404631614097,34,8
month6,6,week,0.025,654,92,24,12,68,550,0.2608695652173913,0.6666666666666666,0.021352313167259787,0.6408108067889257,0.09139404631614097,34,10
month6,6,week,0.05,654,92,35,23,57,539,0.3804347826086957,0.603448275862069,0.04092526690391459,0.6408108067889257,0.09139404631614097,34,14
month6,6,week,0.1,654,92,54,38,38,524,0.5869565217391305,0.5869565217391305,0.06761565836298933,0.6408108067889257,0.09139404631614097,34,22
month6,6,day,0.01,654,92,34,25,58,537,0.3695652173913043,0.576271186440678,0.04448398576512456,0.5230834937384106,0.09461782842062894,34,14
month6,6,day,0.025,654,92,43,43,49,519,0.4673913043478261,0.5,0.07651245551601424,0.5230834937384106,0.09461782842062894,34,17
month6,6,day,0.05,654,92,49,60,43,502,0.532608695652174,0.44954128440366975,0.10676156583629894,0.5230834937384106,0.09461782842062894,34,18
month6,6,day,0.1,654,92,63,93,29,469,0.6847826086956522,0.40384615384615385,0.16548042704626334,0.5230834937384106,0.09461782842062894,34,24
month6,6,current_level,0.01,654,92,15,5,77,557,0.16304347826086957,0.75,0.008896797153024912,0.41221550654293454,0.10985760179802156,34,8
month6,6,current_level,0.025,654,92,17,16,75,546,0.18478260869565216,0.5151515151515151,0.028469750889679714,0.41221550654293454,0.10985760179802156,34,9
month6,6,current_level,0.05,654,92,27,25,65,537,0.29347826086956524,0.5192307692307693,0.04448398576512456,0.41221550654293454,0.10985760179802156,34,13
month6,6,current_level,0.1,654,92,39,59,53,503,0.42391304347826086,0.3979591836734694,0.10498220640569395,0.41221550654293454,0.10985760179802156,34,18
month7,7,F0,0.01,571,103,95,13,8,455,0.9223300970873787,0.8796296296296297,0.027777777777777776,0.930031130269585,0.03238105343235114,53,50
month7,7,F0,0.025,571,103,100,24,3,444,0.970873786407767,0.8064516129032258,0.05128205128205128,0.930031130269585,0.03238105343235114,53,51
month7,7,F0,0.05,571,103,102,35,1,433,0.9902912621359223,0.7445255474452555,0.07478632478632478,0.930031130269585,0.03238105343235114,53,53
month7,7,F0,0.1,571,103,102,45,1,423,0.9902912621359223,0.6938775510204082,0.09615384615384616,0.930031130269585,0.03238105343235114,53,53
month7,7,week,0.01,571,103,36,1,67,467,0.34951456310679613,0.972972972972973,0.002136752136752137,0.9150765310702919,0.060772923903658876,53,18
month7,7,week,0.025,571,103,55,3,48,465,0.5339805825242718,0.9482758620689655,0.00641025641025641,0.9150765310702919,0.060772923903658876,53,28
month7,7,week,0.05,571,103,77,5,26,463,0.7475728155339806,0.9390243902439024,0.010683760683760684,0.9150765310702919,0.060772923903658876,53,41
month7,7,week,0.1,571,103,89,17,14,451,0.8640776699029126,0.839622641509434,0.03632478632478633,0.9150765310702919,0.060772923903658876,53,45
month7,7,day,0.01,571,103,41,31,62,437,0.39805825242718446,0.5694444444444444,0.06623931623931624,0.48339708412279314,0.12932497109433314,53,20
month7,7,day,0.025,571,103,45,40,58,428,0.4368932038834951,0.5294117647058824,0.08547008547008547,0.48339708412279314,0.12932497109433314,53,22
month7,7,day,0.05,571,103,45,43,58,425,0.4368932038834951,0.5113636363636364,0.09188034188034189,0.48339708412279314,0.12932497109433314,53,22
month7,7,day,0.1,571,103,58,50,45,418,0.5631067961165048,0.5370370370370371,0.10683760683760683,0.48339708412279314,0.12932497109433314,53,31
month7,7,current_level,0.01,571,103,25,6,78,462,0.24271844660194175,0.8064516129032258,0.01282051282051282,0.5597899774848092,0.12247221291232621,53,17
month7,7,current_level,0.025,571,103,31,9,72,459,0.30097087378640774,0.775,0.019230769230769232,0.5597899774848092,0.12247221291232621,53,21
month7,7,current_level,0.05,571,103,37,13,66,455,0.3592233009708738,0.74,0.027777777777777776,0.5597899774848092,0.12247221291232621,53,22
month7,7,current_level,0.1,571,103,42,20,61,448,0.4077669902912621,0.6774193548387096,0.042735042735042736,0.5597899774848092,0.12247221291232621,53,25
AprJun,0,F0,0.01,2083,191,111,50,80,1842,0.581151832460733,0.6894409937888198,0.026427061310782242,0.7903215412325008,0.03874245438823707,59,38
AprJun,0,F0,0.025,2083,191,141,86,50,1806,0.7382198952879581,0.6211453744493393,0.045454545454545456,0.7903215412325008,0.03874245438823707,59,48
AprJun,0,F0,0.05,2083,191,161,126,30,1766,0.8429319371727748,0.5609756097560976,0.06659619450317125,0.7903215412325008,0.03874245438823707,59,52
AprJun,0,F0,0.1,2083,191,180,225,11,1667,0.9424083769633508,0.4444444444444444,0.11892177589852009,0.7903215412325008,0.03874245438823707,59,58
AprJun,0,current_level,0.01,2083,191,30,33,161,1859,0.15706806282722513,0.47619047619047616,0.01744186046511628,0.21893571884056,0.07951432134837609,59,9
AprJun,0,current_level,0.025,2083,191,41,80,150,1812,0.21465968586387435,0.33884297520661155,0.042283298097251586,0.21893571884056,0.07951432134837609,59,10
AprJun,0,current_level,0.05,2083,191,53,112,138,1780,0.2774869109947644,0.3212121212121212,0.05919661733615222,0.21893571884056,0.07951432134837609,59,15
AprJun,0,current_level,0.1,2083,191,74,182,117,1710,0.387434554973822,0.2890625,0.09619450317124736,0.21893571884056,0.07951432134837609,59,20
AprJun,0,day,0.01,2083,191,48,42,143,1850,0.2513089005235602,0.5333333333333333,0.022198731501057084,0.387343528552906,0.07345404660565251,59,17
AprJun,0,day,0.025,2083,191,63,75,128,1817,0.3298429319371728,0.45652173913043476,0.03964059196617336,0.387343528552906,0.07345404660565251,59,22
AprJun,0,day,0.05,2083,191,71,105,120,1787,0.3717277486910995,0.4034090909090909,0.0554968287526427,0.387343528552906,0.07345404660565251,59,24
AprJun,0,day,0.1,2083,191,88,157,103,1735,0.4607329842931937,0.35918367346938773,0.08298097251585623,0.387343528552906,0.07345404660565251,59,31
AprJun,0,week,0.01,2083,191,31,27,160,1865,0.16230366492146597,0.5344827586206896,0.01427061310782241,0.3819767263084811,0.0694049689288914,59,12
AprJun,0,week,0.025,2083,191,39,34,152,1858,0.20418848167539266,0.5342465753424658,0.017970401691331923,0.3819767263084811,0.0694049689288914,59,15
AprJun,0,week,0.05,2083,191,53,56,138,1836,0.2774869109947644,0.48623853211009177,0.02959830866807611,0.3819767263084811,0.0694049689288914,59,20
AprJun,0,week,0.1,2083,191,102,144,89,1748,0.5340314136125655,0.4146341463414634,0.07610993657505286,0.3819767263084811,0.0694049689288914,59,34
July,0,F0,0.01,571,103,95,13,8,455,0.9223300970873787,0.8796296296296297,0.027777777777777776,0.930031130269585,0.03238105343235114,53,50
July,0,F0,0.025,571,103,100,24,3,444,0.970873786407767,0.8064516129032258,0.05128205128205128,0.930031130269585,0.03238105343235114,53,51
July,0,F0,0.05,571,103,102,35,1,433,0.9902912621359223,0.7445255474452555,0.07478632478632478,0.930031130269585,0.03238105343235114,53,53
July,0,F0,0.1,571,103,102,45,1,423,0.9902912621359223,0.6938775510204082,0.09615384615384616,0.930031130269585,0.03238105343235114,53,53
July,0,current_level,0.01,571,103,25,6,78,462,0.24271844660194175,0.8064516129032258,0.01282051282051282,0.5597899774848092,0.12247221291232621,53,17
July,0,current_level,0.025,571,103,31,9,72,459,0.30097087378640774,0.775,0.019230769230769232,0.5597899774848092,0.12247221291232621,53,21
July,0,current_level,0.05,571,103,37,13,66,455,0.3592233009708738,0.74,0.027777777777777776,0.5597899774848092,0.12247221291232621,53,22
July,0,current_level,0.1,571,103,42,20,61,448,0.4077669902912621,0.6774193548387096,0.042735042735042736,0.5597899774848092,0.12247221291232621,53,25
July,0,day,0.01,571,103,41,31,62,437,0.39805825242718446,0.5694444444444444,0.06623931623931624,0.48339708412279314,0.12932497109433314,53,20
July,0,day,0.025,571,103,45,40,58,428,0.4368932038834951,0.5294117647058824,0.08547008547008547,0.48339708412279314,0.12932497109433314,53,22
July,0,day,0.05,571,103,45,43,58,425,0.4368932038834951,0.5113636363636364,0.09188034188034189,0.48339708412279314,0.12932497109433314,53,22
July,0,day,0.1,571,103,58,50,45,418,0.5631067961165048,0.5370370370370371,0.10683760683760683,0.48339708412279314,0.12932497109433314,53,31
July,0,week,0.01,571,103,36,1,67,467,0.34951456310679613,0.972972972972973,0.002136752136752137,0.9150765310702919,0.060772923903658876,53,18
July,0,week,0.025,571,103,55,3,48,465,0.5339805825242718,0.9482758620689655,0.00641025641025641,0.9150765310702919,0.060772923903658876,53,28
July,0,week,0.05,571,103,77,5,26,463,0.7475728155339806,0.9390243902439024,0.010683760683760684,0.9150765310702919,0.060772923903658876,53,41
July,0,week,0.1,571,103,89,17,14,451,0.8640776699029126,0.839622641509434,0.03632478632478633,0.9150765310702919,0.060772923903658876,53,45
