month,model,alpha,threshold,calibration_n,calibration_negatives,calibration_FPR,latest_calibration_target,test_start
4,F0,0.01,0.42565391318979123,309,266,0.007518796992481203,2021-03-31 23:00:00,2021-04-01 00:00:00
4,F0,0.025,0.26120908825771744,309,266,0.022556390977443608,2021-03-31 23:00:00,2021-04-01 00:00:00
4,F0,0.05,0.16353266907615177,309,266,0.04887218045112782,2021-03-31 23:00:00,2021-04-01 00:00:00
4,F0,0.1,0.06021278700966492,309,266,0.09774436090225563,2021-03-31 23:00:00,2021-04-01 00:00:00
4,week,0.01,0.3675215392490604,309,266,0.007518796992481203,2021-03-31 23:00:00,2021-04-01 00:00:00
4,week,0.025,0.28788759736262404,309,266,0.018796992481203006,2021-03-31 23:00:00,2021-04-01 00:00:00
4,week,0.05,0.23399614797030058,309,266,0.04887218045112782,2021-03-31 23:00:00,2021-04-01 00:00:00
4,week,0.1,0.19280110940581532,309,266,0.08646616541353383,2021-03-31 23:00:00,2021-04-01 00:00:00
4,day,0.01,0.33403039606359614,309,266,0.007518796992481203,2021-03-31 23:00:00,2021-04-01 00:00:00
4,day,0.025,0.2443526408654323,309,266,0.018796992481203006,2021-03-31 23:00:00,2021-04-01 00:00:00
4,day,0.05,0.20572798680385246,309,266,0.04887218045112782,2021-03-31 23:00:00,2021-04-01 00:00:00
4,day,0.1,0.19788516103188059,309,266,0.09398496240601503,2021-03-31 23:00:00,2021-04-01 00:00:00
4,current_level,0.01,0.35284806278268005,309,266,0.0037593984962406013,2021-03-31 23:00:00,2021-04-01 00:00:00
4,current_level,0.025,0.2798676923597497,309,266,0.022556390977443608,2021-03-31 23:00:00,2021-04-01 00:00:00
4,current_level,0.05,0.24421978836412897,309,266,0.045112781954887216,2021-03-31 23:00:00,2021-04-01 00:00:00
4,current_level,0.1,0.20276627624167592,309,266,0.09022556390977443,2021-03-31 23:00:00,2021-04-01 00:00:00
5,F0,0.01,0.6870637787352183,334,334,0.005988023952095809,2021-04-30 23:00:00,2021-05-01 00:00:00
5,F0,0.025,0.5753794704311341,334,334,0.023952095808383235,2021-04-30 23:00:00,2021-05-01 00:00:00
5,F0,0.05,0.48668875593268296,334,334,0.04790419161676647,2021-04-30 23:00:00,2021-05-01 00:00:00
5,F0,0.1,0.35971039777637415,334,334,0.09580838323353294,2021-04-30 23:00:00,2021-05-01 00:00:00
5,week,0.01,0.39384284106043305,334,334,0.0,2021-04-30 23:00:00,2021-05-01 00:00:00
5,week,0.025,0.39384284106043305,334,334,0.0,2021-04-30 23:00:00,2021-05-01 00:00:00
5,week,0.05,0.3617407628838368,334,334,0.029940119760479042,2021-04-30 23:00:00,2021-05-01 00:00:00
5,week,0.1,0.32318514912626883,334,334,0.08982035928143713,2021-04-30 23:00:00,2021-05-01 00:00:00
5,day,0.01,0.30365508447084283,334,334,0.005988023952095809,2021-04-30 23:00:00,2021-05-01 00:00:00
5,day,0.025,0.2834191380193544,334,334,0.017964071856287425,2021-04-30 23:00:00,2021-05-01 00:00:00
5,day,0.05,0.27157681177387366,334,334,0.04491017964071856,2021-04-30 23:00:00,2021-05-01 00:00:00
5,day,0.1,0.26080437706274673,334,334,0.08083832335329341,2021-04-30 23:00:00,2021-05-01 00:00:00
5,current_level,0.01,0.42998183202254,334,334,0.0,2021-04-30 23:00:00,2021-05-01 00:00:00
5,current_level,0.025,0.34538484886010185,334,334,0.017964071856287425,2021-04-30 23:00:00,2021-05-01 00:00:00
5,current_level,0.05,0.30848468549962077,334,334,0.04790419161676647,2021-04-30 23:00:00,2021-05-01 00:00:00
5,current_level,0.1,0.26060711417757115,334,334,0.08982035928143713,2021-04-30 23:00:00,2021-05-01 00:00:00
6,F0,0.01,0.7724204616806762,333,319,0.009404388714733543,2021-05-31 23:00:00,2021-06-01 00:00:00
6,F0,0.025,0.56251845182089,333,319,0.0219435736677116,2021-05-31 23:00:00,2021-06-01 00:00:00
6,F0,0.05,0.337798486603088,333,319,0.047021943573667714,2021-05-31 23:00:00,2021-06-01 00:00:00
6,F0,0.1,0.0879018941170515,333,319,0.09717868338557993,2021-05-31 23:00:00,2021-06-01 00:00:00
6,week,0.01,0.26172653753149916,333,319,0.006269592476489028,2021-05-31 23:00:00,2021-06-01 00:00:00
6,week,0.025,0.23748333622263432,333,319,0.018808777429467086,2021-05-31 23:00:00,2021-06-01 00:00:00
6,week,0.05,0.2127570562675561,333,319,0.04075235109717868,2021-05-31 23:00:00,2021-06-01 00:00:00
6,week,0.1,0.18167302889025336,333,319,0.0877742946708464,2021-05-31 23:00:00,2021-06-01 00:00:00
6,day,0.01,0.25687485810850375,333,319,0.006269592476489028,2021-05-31 23:00:00,2021-06-01 00:00:00
6,day,0.025,0.2324377866563124,333,319,0.018808777429467086,2021-05-31 23:00:00,2021-06-01 00:00:00
6,day,0.05,0.21243388519543788,333,319,0.03761755485893417,2021-05-31 23:00:00,2021-06-01 00:00:00
6,day,0.1,0.17290744647989634,333,319,0.09404388714733543,2021-05-31 23:00:00,2021-06-01 00:00:00
6,current_level,0.01,0.2112141044206502,333,319,0.009404388714733543,2021-05-31 23:00:00,2021-06-01 00:00:00
6,current_level,0.025,0.19193598790692384,333,319,0.0219435736677116,2021-05-31 23:00:00,2021-06-01 00:00:00
6,current_level,0.05,0.1692286067852194,333,319,0.0438871473354232,2021-05-31 23:00:00,2021-06-01 00:00:00
6,current_level,0.1,0.14972470390009657,333,319,0.09090909090909091,2021-05-31 23:00:00,2021-06-01 00:00:00
7,F0,0.01,0.2776013212395869,297,248,0.008064516129032258,2021-06-30 23:00:00,2021-07-01 00:00:00
7,F0,0.025,0.08192121315293466,297,248,0.024193548387096774,2021-06-30 23:00:00,2021-07-01 00:00:00
7,F0,0.05,0.01704555140447065,297,248,0.04838709677419355,2021-06-30 23:00:00,2021-07-01 00:00:00
7,F0,0.1,0.002324733177744929,297,248,0.0967741935483871,2021-06-30 23:00:00,2021-07-01 00:00:00
7,week,0.01,0.6565797780247125,297,248,0.008064516129032258,2021-06-30 23:00:00,2021-07-01 00:00:00
7,week,0.025,0.4065774750748787,297,248,0.024193548387096774,2021-06-30 23:00:00,2021-07-01 00:00:00
7,week,0.05,0.3238688211392562,297,248,0.04435483870967742,2021-06-30 23:00:00,2021-07-01 00:00:00
7,week,0.1,0.23046459474418948,297,248,0.09274193548387097,2021-06-30 23:00:00,2021-07-01 00:00:00
7,day,0.01,0.21153910456559155,297,248,0.008064516129032258,2021-06-30 23:00:00,2021-07-01 00:00:00
7,day,0.025,0.19985500761377353,297,248,0.024193548387096774,2021-06-30 23:00:00,2021-07-01 00:00:00
7,day,0.05,0.19644781826130225,297,248,0.04838709677419355,2021-06-30 23:00:00,2021-07-01 00:00:00
7,day,0.1,0.18201067097308968,297,248,0.0846774193548387,2021-06-30 23:00:00,2021-07-01 00:00:00
7,current_level,0.01,0.4039829276485688,297,248,0.004032258064516129,2021-06-30 23:00:00,2021-07-01 00:00:00
7,current_level,0.025,0.30501700426031086,297,248,0.024193548387096774,2021-06-30 23:00:00,2021-07-01 00:00:00
7,current_level,0.05,0.2609784613406305,297,248,0.04838709677419355,2021-06-30 23:00:00,2021-07-01 00:00:00
7,current_level,0.1,0.21240762135730548,297,248,0.0967741935483871,2021-06-30 23:00:00,2021-07-01 00:00:00
