month,date,model,MAE,n
4,2021-04-01,F0,26.91743045182517,188
4,2021-04-01,F1,32.479456732852825,188
4,2021-04-01,all,30.914067018064298,188
4,2021-04-01,humidity,31.788749732608142,188
4,2021-04-01,personnel,31.94499143171106,188
4,2021-04-01,production,32.63531093880641,188
4,2021-04-01,recent,13.514216653440968,188
4,2021-04-01,temperature,31.715024754963313,188
4,2021-04-01,weather,31.87496940230252,188
4,2021-04-02,F0,22.96642774199323,192
4,2021-04-02,F1,15.577854976988762,192
4,2021-04-02,all,18.714050638549896,192
4,2021-04-02,humidity,16.029249429180357,192
4,2021-04-02,personnel,15.91225501833481,192
4,2021-04-02,production,16.863876696162567,192
4,2021-04-02,recent,11.292578012792221,192
4,2021-04-02,temperature,17.833939080127465,192
4,2021-04-02,weather,18.30186922292589,192
4,2021-04-03,F0,7.755442790494026,192
4,2021-04-03,F1,7.510140308718562,192
4,2021-04-03,all,4.773959342903862,192
4,2021-04-03,humidity,5.970075862475369,192
4,2021-04-03,personnel,7.888295265283268,192
4,2021-04-03,production,10.409614750778077,192
4,2021-04-03,recent,11.081252907320225,192
4,2021-04-03,temperature,6.183613355053506,192
4,2021-04-03,weather,5.2463468419421035,192
4,2021-04-04,F0,25.562813802325383,192
4,2021-04-04,F1,65.16747812051483,192
4,2021-04-04,all,66.53492204711209,192
4,2021-04-04,humidity,64.57016918349814,192
4,2021-04-04,personnel,64.49247557502943,192
4,2021-04-04,production,64.44800404565977,192
4,2021-04-04,recent,10.758304645571547,192
4,2021-04-04,temperature,66.94702484469074,192
4,2021-04-04,weather,63.3058281104177,192
4,2021-04-05,F0,25.50479609878227,192
4,2021-04-05,F1,31.502154318335155,192
4,2021-04-05,all,30.493583282981522,192
4,2021-04-05,humidity,31.32644201608647,192
4,2021-04-05,personnel,30.353233121613112,192
4,2021-04-05,production,31.775419999610936,192
4,2021-04-05,recent,17.003469251354854,192
4,2021-04-05,temperature,31.112023700385844,192
4,2021-04-05,weather,30.703932265713792,192
4,2021-04-06,F0,9.551648028474359,192
4,2021-04-06,F1,8.8100899965367,192
4,2021-04-06,all,8.953292167621102,192
4,2021-04-06,humidity,8.866807111576797,192
4,2021-04-06,personnel,8.920148588659698,192
4,2021-04-06,production,8.732089509211196,192
4,2021-04-06,recent,8.747887391862047,192
4,2021-04-06,temperature,8.967507591911414,192
4,2021-04-06,weather,8.951387556876615,192
4,2021-04-07,F0,17.513342133329207,192
4,2021-04-07,F1,27.450041617837645,192
4,2021-04-07,all,25.743708804293167,192
4,2021-04-07,humidity,27.669745827906183,192
4,2021-04-07,personnel,26.193889811888283,192
4,2021-04-07,production,25.659735881600383,192
4,2021-04-07,recent,15.64601569825819,192
4,2021-04-07,temperature,26.308434902722265,192
4,2021-04-07,weather,26.123843445652557,192
4,2021-04-08,F0,13.783289928134117,192
4,2021-04-08,F1,10.003171325044336,192
4,2021-04-08,all,10.18072140074451,192
4,2021-04-08,humidity,10.125630018442505,192
4,2021-04-08,personnel,10.017267721206226,192
4,2021-04-08,production,9.972145777652658,192
4,2021-04-08,recent,10.508603761942299,192
4,2021-04-08,temperature,10.077585053690221,192
4,2021-04-08,weather,10.221284606924138,192
4,2021-04-09,F0,14.092107561810018,192
4,2021-04-09,F1,18.077285123969606,192
4,2021-04-09,all,17.635405300765164,192
4,2021-04-09,humidity,16.877457257320014,192
4,2021-04-09,personnel,17.638332113893064,192
4,2021-04-09,production,18.42531710326518,192
4,2021-04-09,recent,13.580807181799905,192
4,2021-04-09,temperature,17.447413857675688,192
4,2021-04-09,weather,17.850855127556464,192
4,2021-04-10,F0,8.02549661749149,192
4,2021-04-10,F1,7.721713153450893,192
4,2021-04-10,all,6.879467646904487,192
4,2021-04-10,humidity,6.93256769110635,192
4,2021-04-10,personnel,8.718289187452777,192
4,2021-04-10,production,10.724413912277612,192
4,2021-04-10,recent,6.140096570115613,192
4,2021-04-10,temperature,7.426177278998303,192
4,2021-04-10,weather,6.846215576839325,192
4,2021-04-11,F0,9.442966148525516,192
4,2021-04-11,F1,2.9993536565968735,192
4,2021-04-11,all,3.818099917930992,192
4,2021-04-11,humidity,3.0809709084725454,192
4,2021-04-11,personnel,3.5666035461543473,192
4,2021-04-11,production,3.67478190409377,192
4,2021-04-11,recent,11.328837928113868,192
4,2021-04-11,temperature,2.9955081649286464,192
4,2021-04-11,weather,3.0452059707784898,192
4,2021-04-12,F0,12.507404195250224,192
4,2021-04-12,F1,12.543926904404964,192
4,2021-04-12,all,12.307155401856676,192
4,2021-04-12,humidity,12.471519780486098,192
4,2021-04-12,personnel,11.657240015223591,192
4,2021-04-12,production,12.060488474596793,192
4,2021-04-12,recent,13.388915837363532,192
4,2021-04-12,temperature,12.239011270388616,192
4,2021-04-12,weather,12.645580070494765,192
4,2021-04-13,F0,8.118069323408287,192
4,2021-04-13,F1,9.77674273838916,192
4,2021-04-13,all,9.712495246829276,192
4,2021-04-13,humidity,9.777607677961317,192
4,2021-04-13,personnel,9.368524287342124,192
4,2021-04-13,production,9.996139047525896,192
4,2021-04-13,recent,11.565328327693448,192
4,2021-04-13,temperature,9.764639920562841,192
4,2021-04-13,weather,9.514794271172436,192
4,2021-04-14,F0,10.44843412123724,192
4,2021-04-14,F1,10.358156873881258,192
4,2021-04-14,all,11.149194846244642,192
4,2021-04-14,humidity,10.342567584276743,192
4,2021-04-14,personnel,10.787892776817309,192
4,2021-04-14,production,11.207270551963118,192
4,2021-04-14,recent,11.61884894280655,192
4,2021-04-14,temperature,11.479708896697085,192
4,2021-04-14,weather,10.816528674264724,192
4,2021-04-15,F0,9.209181786012374,192
4,2021-04-15,F1,9.85949553281833,192
4,2021-04-15,all,10.74480931713483,192
4,2021-04-15,humidity,10.160326001797966,192
4,2021-04-15,personnel,9.783620253007912,192
4,2021-04-15,production,10.376872775767792,192
4,2021-04-15,recent,11.61089133706403,192
4,2021-04-15,temperature,10.198690011022952,192
4,2021-04-15,weather,10.098315567833792,192
4,2021-04-16,F0,10.646366399646508,192
4,2021-04-16,F1,10.19217921102283,192
4,2021-04-16,all,10.613497988173572,192
4,2021-04-16,humidity,10.445433186077603,192
4,2021-04-16,personnel,10.701476909836858,192
4,2021-04-16,production,11.47570267460726,192
4,2021-04-16,recent,11.458114925274806,192
4,2021-04-16,temperature,10.717763929968767,192
4,2021-04-16,weather,10.500822698316094,192
4,2021-04-17,F0,8.749983020381839,192
4,2021-04-17,F1,10.52668844620351,192
4,2021-04-17,all,8.115165452584412,192
4,2021-04-17,humidity,10.16085387692106,192
4,2021-04-17,personnel,11.703404618231046,192
4,2021-04-17,production,13.654428230849165,192
4,2021-04-17,recent,6.064192538500326,192
4,2021-04-17,temperature,7.451026853515105,192
4,2021-04-17,weather,8.388850279278238,192
4,2021-04-18,F0,9.330711464497222,192
4,2021-04-18,F1,2.9207723228927165,192
4,2021-04-18,all,3.4893300083453624,192
4,2021-04-18,humidity,3.0678883570718853,192
4,2021-04-18,personnel,3.5119158313261116,192
4,2021-04-18,production,3.6462807901827765,192
4,2021-04-18,recent,11.328837928113868,192
4,2021-04-18,temperature,2.871491550713783,192
4,2021-04-18,weather,2.7272722152411646,192
4,2021-04-19,F0,20.156675114539237,192
4,2021-04-19,F1,27.309264913533116,192
4,2021-04-19,all,26.141073267215816,192
4,2021-04-19,humidity,27.729383685299236,192
4,2021-04-19,personnel,27.310936651936206,192
4,2021-04-19,production,27.500413394141788,192
4,2021-04-19,recent,15.207371811287636,192
4,2021-04-19,temperature,27.04872098668436,192
4,2021-04-19,weather,26.371923032086087,192
4,2021-04-20,F0,22.047399433979564,192
4,2021-04-20,F1,17.867909300174315,192
4,2021-04-20,all,18.125801594257034,192
4,2021-04-20,humidity,17.919198988264572,192
4,2021-04-20,personnel,16.664133748316313,192
4,2021-04-20,production,17.615288536922318,192
4,2021-04-20,recent,13.20231444730915,192
4,2021-04-20,temperature,16.95710257929765,192
4,2021-04-20,weather,18.00253748492735,192
4,2021-04-21,F0,9.478224289289065,192
4,2021-04-21,F1,10.646306468066465,192
4,2021-04-21,all,10.199828847766126,192
4,2021-04-21,humidity,10.364075437679135,192
4,2021-04-21,personnel,10.231430422444355,192
4,2021-04-21,production,10.351792874240584,192
4,2021-04-21,recent,9.570206152907106,192
4,2021-04-21,temperature,10.134042802582357,192
4,2021-04-21,weather,10.216362803332137,192
4,2021-04-22,F0,7.950747222569767,192
4,2021-04-22,F1,9.046866130340879,192
4,2021-04-22,all,8.637056279190935,192
4,2021-04-22,humidity,8.880720857295922,192
4,2021-04-22,personnel,8.633988880820224,192
4,2021-04-22,production,9.287488456766843,192
4,2021-04-22,recent,9.621179090663922,192
4,2021-04-22,temperature,9.009335906505278,192
4,2021-04-22,weather,9.00521964289488,192
4,2021-04-23,F0,10.16647312537417,192
4,2021-04-23,F1,9.738067505102089,192
4,2021-04-23,all,8.913881710293456,192
4,2021-04-23,humidity,9.299904086482263,192
4,2021-04-23,personnel,9.455336451776342,192
4,2021-04-23,production,10.053931606667009,192
4,2021-04-23,recent,12.424844047862203,192
4,2021-04-23,temperature,9.364016851771146,192
4,2021-04-23,weather,9.378702831199336,192
4,2021-04-24,F0,8.402927600364363,192
4,2021-04-24,F1,5.927984325296197,192
4,2021-04-24,all,5.906409600927497,192
4,2021-04-24,humidity,5.698382976313053,192
4,2021-04-24,personnel,7.203549418363543,192
4,2021-04-24,production,9.297086459087971,192
4,2021-04-24,recent,13.145743435328479,192
4,2021-04-24,temperature,6.1253779435583455,192
4,2021-04-24,weather,5.021945696859364,192
4,2021-04-25,F0,9.452468473717836,192
4,2021-04-25,F1,2.788374283651447,192
4,2021-04-25,all,2.9116263719948456,192
4,2021-04-25,humidity,3.0586423771295643,192
4,2021-04-25,personnel,3.4639364738503353,192
4,2021-04-25,production,3.0648246539111175,192
4,2021-04-25,recent,12.171332658241013,192
4,2021-04-25,temperature,2.642174672275472,192
4,2021-04-25,weather,2.535035817222498,192
4,2021-04-26,F0,14.549901364266766,192
4,2021-04-26,F1,15.887865241033657,192
4,2021-04-26,all,15.93144528421646,192
4,2021-04-26,humidity,16.042046200858703,192
4,2021-04-26,personnel,14.934023347441814,192
4,2021-04-26,production,15.27161913769588,192
4,2021-04-26,recent,12.831098841678298,192
4,2021-04-26,temperature,15.590534520265372,192
4,2021-04-26,weather,15.982607490955218,192
4,2021-04-27,F0,9.733890869550072,192
4,2021-04-27,F1,12.290172859474993,192
4,2021-04-27,all,11.298108065142673,192
4,2021-04-27,humidity,11.868633811947047,192
4,2021-04-27,personnel,10.858078219951828,192
4,2021-04-27,production,11.287761297305492,192
4,2021-04-27,recent,11.098046925937831,192
4,2021-04-27,temperature,11.86054380466394,192
4,2021-04-27,weather,11.727880558070083,192
4,2021-04-28,F0,8.243165951354175,192
4,2021-04-28,F1,8.114741044114972,192
4,2021-04-28,all,7.892100442342941,192
4,2021-04-28,humidity,7.755590447381558,192
4,2021-04-28,personnel,8.030056788824824,192
4,2021-04-28,production,8.346674990218284,192
4,2021-04-28,recent,10.39263737153437,192
4,2021-04-28,temperature,7.982913929185384,192
4,2021-04-28,weather,8.224030549876899,192
4,2021-04-29,F0,7.028569431622745,192
4,2021-04-29,F1,7.398479258551447,192
4,2021-04-29,all,7.1429544030443,192
4,2021-04-29,humidity,7.034048600656415,192
4,2021-04-29,personnel,7.139437499392293,192
4,2021-04-29,production,7.811316774970194,192
4,2021-04-29,recent,10.438793579676092,192
4,2021-04-29,temperature,7.434160310507763,192
4,2021-04-29,weather,7.488011282037775,192
4,2021-04-30,F0,6.650099084103911,192
4,2021-04-30,F1,7.360465753218889,192
4,2021-04-30,all,6.647990003226628,192
4,2021-04-30,humidity,6.972487248183191,192
4,2021-04-30,personnel,7.561385944074272,192
4,2021-04-30,production,7.731036530444569,192
4,2021-04-30,recent,12.31016806411859,192
4,2021-04-30,temperature,6.633515733756949,192
4,2021-04-30,weather,6.858978845903312,192
5,2021-05-01,F0,4.438430773865043,188
5,2021-05-01,F1,4.7245293675376665,188
5,2021-05-01,all,4.714598376684104,188
5,2021-05-01,humidity,4.712709133323704,188
5,2021-05-01,personnel,4.80314384783864,188
5,2021-05-01,production,5.092714415759539,188
5,2021-05-01,recent,4.045130415076016,188
5,2021-05-01,temperature,4.7916916953493045,188
5,2021-05-01,weather,4.775696089342975,188
5,2021-05-02,F0,1.7977661551847701,192
5,2021-05-02,F1,2.8556814627379463,192
5,2021-05-02,all,3.133087468574025,192
5,2021-05-02,humidity,2.8215754528245256,192
5,2021-05-02,personnel,2.613104417541577,192
5,2021-05-02,production,2.5518367863852416,192
5,2021-05-02,recent,3.6726291401866966,192
5,2021-05-02,temperature,3.382195556809997,192
5,2021-05-02,weather,2.7060229519323755,192
5,2021-05-03,F0,10.467997194654211,192
5,2021-05-03,F1,8.967430632857521,192
5,2021-05-03,all,9.604738389464424,192
5,2021-05-03,humidity,9.196013773362443,192
5,2021-05-03,personnel,9.510659250450377,192
5,2021-05-03,production,9.405578921496966,192
5,2021-05-03,recent,10.172829485223849,192
5,2021-05-03,temperature,9.226706726615843,192
5,2021-05-03,weather,9.492797184787415,192
5,2021-05-04,F0,9.319420473316349,192
5,2021-05-04,F1,9.265216832694074,192
5,2021-05-04,all,9.458658336322385,192
5,2021-05-04,humidity,9.30833822886886,192
5,2021-05-04,personnel,9.358921064191522,192
5,2021-05-04,production,9.718286151667375,192
5,2021-05-04,recent,7.616201687921639,192
5,2021-05-04,temperature,9.168398593330178,192
5,2021-05-04,weather,9.244067233476086,192
5,2021-05-05,F0,10.840997727025515,192
5,2021-05-05,F1,9.616364573292051,192
5,2021-05-05,all,10.448636646374947,192
5,2021-05-05,humidity,9.907348817665929,192
5,2021-05-05,personnel,9.422279098101146,192
5,2021-05-05,production,9.32845632187307,192
5,2021-05-05,recent,9.131430396166875,192
5,2021-05-05,temperature,9.506546871158612,192
5,2021-05-05,weather,10.00762165070564,192
5,2021-05-06,F0,11.655057753975335,192
5,2021-05-06,F1,12.906130668993276,192
5,2021-05-06,all,12.593645504114205,192
5,2021-05-06,humidity,12.532107850573789,192
5,2021-05-06,personnel,12.61927515329365,192
5,2021-05-06,production,13.0739070730065,192
5,2021-05-06,recent,9.77561180835423,192
5,2021-05-06,temperature,13.066406290116936,192
5,2021-05-06,weather,13.008402891678763,192
5,2021-05-07,F0,8.274175273183312,192
5,2021-05-07,F1,8.05419564660003,192
5,2021-05-07,all,7.641550606747619,192
5,2021-05-07,humidity,7.957614598199921,192
5,2021-05-07,personnel,7.7930010094914755,192
5,2021-05-07,production,7.722480401216778,192
5,2021-05-07,recent,9.5742593752772,192
5,2021-05-07,temperature,7.671424096686214,192
5,2021-05-07,weather,7.87753971845967,192
5,2021-05-08,F0,4.276302662916065,192
5,2021-05-08,F1,5.101734236571266,192
5,2021-05-08,all,5.12285329132182,192
5,2021-05-08,humidity,5.494706694001586,192
5,2021-05-08,personnel,5.22444988916977,192
5,2021-05-08,production,5.116456954778014,192
5,2021-05-08,recent,4.862100606682454,192
5,2021-05-08,temperature,5.04716828465187,192
5,2021-05-08,weather,5.059590805005581,192
5,2021-05-09,F0,16.451353610151994,192
5,2021-05-09,F1,14.315040702608016,192
5,2021-05-09,all,14.192623361065342,192
5,2021-05-09,humidity,14.784304422130253,192
5,2021-05-09,personnel,14.50831879605301,192
5,2021-05-09,production,14.293468322152622,192
5,2021-05-09,recent,9.894660988886669,192
5,2021-05-09,temperature,15.213078311414295,192
5,2021-05-09,weather,14.584785371421846,192
5,2021-05-10,F0,12.711971872395546,192
5,2021-05-10,F1,12.97443738318775,192
5,2021-05-10,all,12.027264458404417,192
5,2021-05-10,humidity,13.550454335232494,192
5,2021-05-10,personnel,12.416696651518903,192
5,2021-05-10,production,13.323633798787968,192
5,2021-05-10,recent,13.991175296521199,192
5,2021-05-10,temperature,11.18081699723057,192
5,2021-05-10,weather,12.067928555730566,192
5,2021-05-11,F0,6.758072243136838,192
5,2021-05-11,F1,7.521442470270228,192
5,2021-05-11,all,7.3977778627801065,192
5,2021-05-11,humidity,7.625763601425156,192
5,2021-05-11,personnel,7.325922062904419,192
5,2021-05-11,production,7.540231347907093,192
5,2021-05-11,recent,7.77876575284857,192
5,2021-05-11,temperature,7.388321115139075,192
5,2021-05-11,weather,7.58960846956122,192
5,2021-05-12,F0,10.68353318378518,192
5,2021-05-12,F1,12.023543036154166,192
5,2021-05-12,all,12.522708856620833,192
5,2021-05-12,humidity,12.073776671621426,192
5,2021-05-12,personnel,11.979426330867376,192
5,2021-05-12,production,11.905364851047013,192
5,2021-05-12,recent,9.603531534169328,192
5,2021-05-12,temperature,11.89029498725814,192
5,2021-05-12,weather,11.98769740745234,192
5,2021-05-13,F0,11.235167590516502,192
5,2021-05-13,F1,13.157172998541926,192
5,2021-05-13,all,13.303418711002186,192
5,2021-05-13,humidity,12.853044819723848,192
5,2021-05-13,personnel,13.039750113900887,192
5,2021-05-13,production,12.696835290375555,192
5,2021-05-13,recent,11.581693312424681,192
5,2021-05-13,temperature,12.664766079485076,192
5,2021-05-13,weather,12.877458417051175,192
5,2021-05-14,F0,10.301160015366095,192
5,2021-05-14,F1,10.270415819161022,192
5,2021-05-14,all,10.094315217124397,192
5,2021-05-14,humidity,10.150286976335854,192
5,2021-05-14,personnel,10.08172137743435,192
5,2021-05-14,production,9.945918647050926,192
5,2021-05-14,recent,10.527769654803771,192
5,2021-05-14,temperature,10.11243301033403,192
5,2021-05-14,weather,10.116436800813077,192
5,2021-05-15,F0,4.072158151434196,192
5,2021-05-15,F1,5.5426800198598345,192
5,2021-05-15,all,5.17028397492605,192
5,2021-05-15,humidity,4.859756996232736,192
5,2021-05-15,personnel,5.531661510141441,192
5,2021-05-15,production,4.955374432925894,192
5,2021-05-15,recent,4.641534072666226,192
5,2021-05-15,temperature,5.375676865726824,192
5,2021-05-15,weather,4.950866867453467,192
5,2021-05-16,F0,6.256930278749117,192
5,2021-05-16,F1,14.049462134820944,192
5,2021-05-16,all,13.328395849690788,192
5,2021-05-16,humidity,12.269168682609033,192
5,2021-05-16,personnel,13.167982966691234,192
5,2021-05-16,production,13.326551339574245,192
5,2021-05-16,recent,2.416636224191008,192
5,2021-05-16,temperature,14.313729574830532,192
5,2021-05-16,weather,12.60908880341159,192
5,2021-05-17,F0,14.211404949614781,192
5,2021-05-17,F1,12.361240824801849,192
5,2021-05-17,all,12.22521219748068,192
5,2021-05-17,humidity,12.86897370033639,192
5,2021-05-17,personnel,12.62715308936986,192
5,2021-05-17,production,12.96265808033118,192
5,2021-05-17,recent,16.308902846060946,192
5,2021-05-17,temperature,12.594659566185785,192
5,2021-05-17,weather,12.377466757477782,192
5,2021-05-18,F0,7.141163347434051,192
5,2021-05-18,F1,7.634538651651076,192
5,2021-05-18,all,8.001832517157132,192
5,2021-05-18,humidity,7.927053873677817,192
5,2021-05-18,personnel,7.747206747908346,192
5,2021-05-18,production,7.608352474899189,192
5,2021-05-18,recent,6.613734321407545,192
5,2021-05-18,temperature,8.17435393246401,192
5,2021-05-18,weather,7.681259350668086,192
5,2021-05-19,F0,13.685372597227092,192
5,2021-05-19,F1,10.124588925574914,192
5,2021-05-19,all,10.608145130317572,192
5,2021-05-19,humidity,9.88675742608948,192
5,2021-05-19,personnel,10.145971575067424,192
5,2021-05-19,production,9.778556721344236,192
5,2021-05-19,recent,11.361194912294136,192
5,2021-05-19,temperature,10.560246249142951,192
5,2021-05-19,weather,10.322040261927022,192
5,2021-05-20,F0,10.71447945069598,192
5,2021-05-20,F1,11.609537358447268,192
5,2021-05-20,all,10.956583919160494,192
5,2021-05-20,humidity,11.453340566022723,192
5,2021-05-20,personnel,11.067249269208126,192
5,2021-05-20,production,11.584349716114966,192
5,2021-05-20,recent,12.21152932725979,192
5,2021-05-20,temperature,11.040680052345238,192
5,2021-05-20,weather,11.709294692495313,192
5,2021-05-21,F0,7.317782801171089,192
5,2021-05-21,F1,7.1782217778966855,192
5,2021-05-21,all,7.243112338018926,192
5,2021-05-21,humidity,7.201370308014654,192
5,2021-05-21,personnel,7.169128101369818,192
5,2021-05-21,production,7.187440891406438,192
5,2021-05-21,recent,9.155581783976704,192
5,2021-05-21,temperature,7.196746005566541,192
5,2021-05-21,weather,7.1754311579039625,192
5,2021-05-22,F0,5.061410191875181,192
5,2021-05-22,F1,5.145446410774023,192
5,2021-05-22,all,5.582188911612948,192
5,2021-05-22,humidity,5.404299412395616,192
5,2021-05-22,personnel,5.282547152083111,192
5,2021-05-22,production,5.210711563157054,192
5,2021-05-22,recent,5.44122090116961,192
5,2021-05-22,temperature,5.404522838161015,192
5,2021-05-22,weather,5.137591752314193,192
5,2021-05-23,F0,2.099414164204545,192
5,2021-05-23,F1,2.4704420470119013,192
5,2021-05-23,all,2.1536221901720896,192
5,2021-05-23,humidity,2.106236976955597,192
5,2021-05-23,personnel,2.327361093695789,192
5,2021-05-23,production,2.5094699492306547,192
5,2021-05-23,recent,4.000011754474271,192
5,2021-05-23,temperature,2.5089384845891316,192
5,2021-05-23,weather,2.245858468024156,192
5,2021-05-24,F0,10.819225317354617,192
5,2021-05-24,F1,7.958685120868842,192
5,2021-05-24,all,8.190341888808794,192
5,2021-05-24,humidity,8.610906880188825,192
5,2021-05-24,personnel,8.41283718598671,192
5,2021-05-24,production,8.450041340996746,192
5,2021-05-24,recent,10.33203244120162,192
5,2021-05-24,temperature,7.592631847908128,192
5,2021-05-24,weather,9.066598473887973,192
5,2021-05-25,F0,8.105008350703711,192
5,2021-05-25,F1,8.360035363721313,192
5,2021-05-25,all,8.591012014692325,192
5,2021-05-25,humidity,8.616383149731378,192
5,2021-05-25,personnel,8.577935669733296,192
5,2021-05-25,production,8.290702100063845,192
5,2021-05-25,recent,8.071402592602666,192
5,2021-05-25,temperature,8.591813606218645,192
5,2021-05-25,weather,8.604995108471579,192
5,2021-05-26,F0,10.000823381876126,192
5,2021-05-26,F1,11.521057508066706,192
5,2021-05-26,all,11.313927211872832,192
5,2021-05-26,humidity,12.077221523644953,192
5,2021-05-26,personnel,11.986329735389182,192
5,2021-05-26,production,11.628628201993417,192
5,2021-05-26,recent,8.426436376463501,192
5,2021-05-26,temperature,11.71004330275585,192
5,2021-05-26,weather,11.603634077202274,192
5,2021-05-27,F0,8.40753177631437,192
5,2021-05-27,F1,9.947031884945522,192
5,2021-05-27,all,9.825024741136556,192
5,2021-05-27,humidity,10.176779084526876,192
5,2021-05-27,personnel,10.133503291452525,192
5,2021-05-27,production,9.953225806378788,192
5,2021-05-27,recent,8.76812558960629,192
5,2021-05-27,temperature,9.693472749107661,192
5,2021-05-27,weather,9.591799262535089,192
5,2021-05-28,F0,7.130234115999465,192
5,2021-05-28,F1,7.37888144139459,192
5,2021-05-28,all,7.297053349657858,192
5,2021-05-28,humidity,7.321929802333916,192
5,2021-05-28,personnel,7.430151661473306,192
5,2021-05-28,production,7.25484914523397,192
5,2021-05-28,recent,8.186884034358169,192
5,2021-05-28,temperature,7.367124352087909,192
5,2021-05-28,weather,7.180698779569096,192
5,2021-05-29,F0,3.764349613321935,192
5,2021-05-29,F1,3.6690858270120223,192
5,2021-05-29,all,3.236097392272893,192
5,2021-05-29,humidity,3.3459907802487887,192
5,2021-05-29,personnel,3.6331929851862004,192
5,2021-05-29,production,3.6709478605749215,192
5,2021-05-29,recent,4.819496463383545,192
5,2021-05-29,temperature,3.601038486281132,192
5,2021-05-29,weather,3.3482003324802494,192
5,2021-05-30,F0,1.8911496272085238,192
5,2021-05-30,F1,2.9614063334943688,192
5,2021-05-30,all,3.100259172526213,192
5,2021-05-30,humidity,2.6441398277205788,192
5,2021-05-30,personnel,2.605875531289764,192
5,2021-05-30,production,2.5176483282525894,192
5,2021-05-30,recent,2.82878448473727,192
5,2021-05-30,temperature,3.0783509621404783,192
5,2021-05-30,weather,2.931073404191259,192
5,2021-05-31,F0,11.2223511639448,192
5,2021-05-31,F1,8.848348579317092,192
5,2021-05-31,all,9.461417499268672,192
5,2021-05-31,humidity,9.130014078529435,192
5,2021-05-31,personnel,9.1846780205485,192
5,2021-05-31,production,9.331738014001287,192
5,2021-05-31,recent,11.443834870343176,192
5,2021-05-31,temperature,8.983518329154386,192
5,2021-05-31,weather,8.929898637526327,192
6,2021-06-01,F0,6.276840269516566,188
6,2021-06-01,F1,5.878084543326,188
6,2021-06-01,all,6.096622343347952,188
6,2021-06-01,humidity,5.9858353156994495,188
6,2021-06-01,personnel,5.867468836262518,188
6,2021-06-01,production,5.929360398851777,188
6,2021-06-01,recent,7.658163552711949,188
6,2021-06-01,temperature,5.940885256791996,188
6,2021-06-01,weather,6.145619692694363,188
6,2021-06-02,F0,7.40738995324253,192
6,2021-06-02,F1,7.715884960614321,192
6,2021-06-02,all,8.136911564089234,192
6,2021-06-02,humidity,7.746636177578758,192
6,2021-06-02,personnel,7.779015702624325,192
6,2021-06-02,production,7.717864035580714,192
6,2021-06-02,recent,8.334612110220155,192
6,2021-06-02,temperature,8.382773385086901,192
6,2021-06-02,weather,8.186415348323008,192
6,2021-06-03,F0,6.607794245910906,192
6,2021-06-03,F1,6.031756369351292,192
6,2021-06-03,all,6.864546904461079,192
6,2021-06-03,humidity,6.611409796686604,192
6,2021-06-03,personnel,6.205565301450991,192
6,2021-06-03,production,6.149847090098646,192
6,2021-06-03,recent,7.150970403464093,192
6,2021-06-03,temperature,6.772966511537555,192
6,2021-06-03,weather,6.940289597744993,192
6,2021-06-04,F0,6.694046084373039,192
6,2021-06-04,F1,6.327045799319102,192
6,2021-06-04,all,6.8600017714504125,192
6,2021-06-04,humidity,6.8226834349771766,192
6,2021-06-04,personnel,6.452348031887433,192
6,2021-06-04,production,6.457816110780096,192
6,2021-06-04,recent,8.082621755117584,192
6,2021-06-04,temperature,6.774035704843807,192
6,2021-06-04,weather,7.008473462492311,192
6,2021-06-05,F0,4.829291403997144,192
6,2021-06-05,F1,4.149041384463823,192
6,2021-06-05,all,3.769633387636642,192
6,2021-06-05,humidity,4.202101198903384,192
6,2021-06-05,personnel,4.182563899203189,192
6,2021-06-05,production,3.755392443058634,192
6,2021-06-05,recent,4.173667988005474,192
6,2021-06-05,temperature,4.111659234229859,192
6,2021-06-05,weather,4.110129839737908,192
6,2021-06-06,F0,3.587442251431194,192
6,2021-06-06,F1,5.709066872969391,192
6,2021-06-06,all,3.619496236356037,192
6,2021-06-06,humidity,4.57630247474685,192
6,2021-06-06,personnel,4.9503365762259035,192
6,2021-06-06,production,5.512431520239517,192
6,2021-06-06,recent,8.693032238572448,192
6,2021-06-06,temperature,4.062219709721886,192
6,2021-06-06,weather,3.6471178594739087,192
6,2021-06-07,F0,8.857998496243889,192
6,2021-06-07,F1,8.951992240648542,192
6,2021-06-07,all,8.746895284233359,192
6,2021-06-07,humidity,8.800478328737006,192
6,2021-06-07,personnel,8.977684380928652,192
6,2021-06-07,production,9.082482709938262,192
6,2021-06-07,recent,8.872881119357109,192
6,2021-06-07,temperature,8.62970230316371,192
6,2021-06-07,weather,8.806084088445916,192
6,2021-06-08,F0,6.748933704898143,192
6,2021-06-08,F1,6.753813290973265,192
6,2021-06-08,all,6.776662102926276,192
6,2021-06-08,humidity,6.866136656562748,192
6,2021-06-08,personnel,6.793395853610299,192
6,2021-06-08,production,6.814018980165021,192
6,2021-06-08,recent,7.684055605820322,192
6,2021-06-08,temperature,6.738065697022347,192
6,2021-06-08,weather,6.728050055078064,192
6,2021-06-09,F0,5.924381028482113,192
6,2021-06-09,F1,5.878847737012563,192
6,2021-06-09,all,6.195481666740189,192
6,2021-06-09,humidity,5.9693493865119756,192
6,2021-06-09,personnel,5.941285618142701,192
6,2021-06-09,production,5.763654350962586,192
6,2021-06-09,recent,7.927012680664698,192
6,2021-06-09,temperature,6.4188392908361145,192
6,2021-06-09,weather,6.238454467031946,192
6,2021-06-10,F0,6.2059977437154705,192
6,2021-06-10,F1,6.217966784678126,192
6,2021-06-10,all,6.533117180355774,192
6,2021-06-10,humidity,6.028933687638474,192
6,2021-06-10,personnel,6.1148231895572955,192
6,2021-06-10,production,6.224075477427934,192
6,2021-06-10,recent,8.835491335118862,192
6,2021-06-10,temperature,7.023324002327869,192
6,2021-06-10,weather,6.868875510325594,192
6,2021-06-11,F0,7.277341907138735,192
6,2021-06-11,F1,6.681888236550944,192
6,2021-06-11,all,8.440641395548381,192
6,2021-06-11,humidity,8.145660120495245,192
6,2021-06-11,personnel,7.162173033868391,192
6,2021-06-11,production,6.969694783388822,192
6,2021-06-11,recent,8.527311199716122,192
6,2021-06-11,temperature,7.391738234338175,192
6,2021-06-11,weather,8.876206636300155,192
6,2021-06-12,F0,3.5370675983874107,192
6,2021-06-12,F1,3.515159762064359,192
6,2021-06-12,all,4.58946746451434,192
6,2021-06-12,humidity,4.0939462967627795,192
6,2021-06-12,personnel,3.6101942620188523,192
6,2021-06-12,production,3.5777341068225907,192
6,2021-06-12,recent,4.571722905241146,192
6,2021-06-12,temperature,3.8355813118559756,192
6,2021-06-12,weather,4.701560810362555,192
6,2021-06-13,F0,2.8111829947827403,192
6,2021-06-13,F1,2.979054960785961,192
6,2021-06-13,all,1.8650664372480021,192
6,2021-06-13,humidity,2.491346861241091,192
6,2021-06-13,personnel,2.992183664294005,192
6,2021-06-13,production,2.781938152444989,192
6,2021-06-13,recent,4.784097429346741,192
6,2021-06-13,temperature,2.264197292852039,192
6,2021-06-13,weather,2.1029611624057196,192
6,2021-06-14,F0,6.969889530598945,192
6,2021-06-14,F1,7.057133106723051,192
6,2021-06-14,all,6.606166755238777,192
6,2021-06-14,humidity,6.665527009086968,192
6,2021-06-14,personnel,6.998790921840734,192
6,2021-06-14,production,7.162876764773515,192
6,2021-06-14,recent,9.5624751782181,192
6,2021-06-14,temperature,6.770030726578407,192
6,2021-06-14,weather,6.644329786808875,192
6,2021-06-15,F0,7.915649224224411,192
6,2021-06-15,F1,6.412766032829642,192
6,2021-06-15,all,7.624642902991341,192
6,2021-06-15,humidity,7.099567875586746,192
6,2021-06-15,personnel,6.46387704496529,192
6,2021-06-15,production,6.469941726931506,192
6,2021-06-15,recent,8.850759471654056,192
6,2021-06-15,temperature,7.047009527742749,192
6,2021-06-15,weather,8.049612823906926,192
6,2021-06-16,F0,6.963350772035983,192
6,2021-06-16,F1,6.417636457089901,192
6,2021-06-16,all,7.521066112030103,192
6,2021-06-16,humidity,7.487958205610158,192
6,2021-06-16,personnel,6.346671993643322,192
6,2021-06-16,production,6.523824161652356,192
6,2021-06-16,recent,10.272162362047865,192
6,2021-06-16,temperature,6.523327894954014,192
6,2021-06-16,weather,7.547648963865195,192
6,2021-06-17,F0,7.2043924428026545,192
6,2021-06-17,F1,7.034289946986803,192
6,2021-06-17,all,8.391625069169617,192
6,2021-06-17,humidity,8.422351756203682,192
6,2021-06-17,personnel,7.01832927361826,192
6,2021-06-17,production,7.110342894152043,192
6,2021-06-17,recent,9.314350874885884,192
6,2021-06-17,temperature,7.547087398493743,192
6,2021-06-17,weather,8.863971234923039,192
6,2021-06-18,F0,6.538191369034461,192
6,2021-06-18,F1,6.200957257176285,192
6,2021-06-18,all,6.8519371983424895,192
6,2021-06-18,humidity,6.745388477758985,192
6,2021-06-18,personnel,6.2324715594309525,192
6,2021-06-18,production,6.29740483669766,192
6,2021-06-18,recent,8.893234766061857,192
6,2021-06-18,temperature,6.467706595719523,192
6,2021-06-18,weather,7.24093923793302,192
6,2021-06-19,F0,4.141858993723501,192
6,2021-06-19,F1,4.818254628081987,192
6,2021-06-19,all,4.53755171824168,192
6,2021-06-19,humidity,4.530044291560847,192
6,2021-06-19,personnel,4.570521071013435,192
6,2021-06-19,production,4.905129901420751,192
6,2021-06-19,recent,4.672078766576521,192
6,2021-06-19,temperature,4.51247490594102,192
6,2021-06-19,weather,4.456193977394501,192
6,2021-06-20,F0,3.562458921036161,192
6,2021-06-20,F1,4.98101873394787,192
6,2021-06-20,all,3.3242840401971048,192
6,2021-06-20,humidity,4.214913565015589,192
6,2021-06-20,personnel,4.611329084212314,192
6,2021-06-20,production,4.537925018687093,192
6,2021-06-20,recent,6.302644769557823,192
6,2021-06-20,temperature,3.3744930212312028,192
6,2021-06-20,weather,3.233012251794456,192
6,2021-06-21,F0,8.347203129321878,192
6,2021-06-21,F1,7.2120960241028,192
6,2021-06-21,all,6.698090905078242,192
6,2021-06-21,humidity,7.2176209686480535,192
6,2021-06-21,personnel,7.215009832377145,192
6,2021-06-21,production,7.441480392879003,192
6,2021-06-21,recent,11.262300805777508,192
6,2021-06-21,temperature,6.9240983926746535,192
6,2021-06-21,weather,6.997045024204119,192
6,2021-06-22,F0,7.3870437312945105,192
6,2021-06-22,F1,7.311813958582145,192
6,2021-06-22,all,7.441310534030044,192
6,2021-06-22,humidity,7.3679971813370715,192
6,2021-06-22,personnel,7.389497066279414,192
6,2021-06-22,production,7.236058660560978,192
6,2021-06-22,recent,8.843270915848041,192
6,2021-06-22,temperature,7.305516048777022,192
6,2021-06-22,weather,7.616536377871134,192
6,2021-06-23,F0,7.725547746968782,192
6,2021-06-23,F1,7.226900894947492,192
6,2021-06-23,all,7.608743786483418,192
6,2021-06-23,humidity,7.604907297046185,192
6,2021-06-23,personnel,7.51010990186953,192
6,2021-06-23,production,7.3404100258537355,192
6,2021-06-23,recent,8.280629739676915,192
6,2021-06-23,temperature,7.447484735902301,192
6,2021-06-23,weather,7.50109994686494,192
6,2021-06-24,F0,7.344454718937924,192
6,2021-06-24,F1,6.900375276345925,192
6,2021-06-24,all,7.072848028647428,192
6,2021-06-24,humidity,6.90099892582802,192
6,2021-06-24,personnel,6.862416909071964,192
6,2021-06-24,production,6.942404301823527,192
6,2021-06-24,recent,10.441082496370349,192
6,2021-06-24,temperature,7.179293697467526,192
6,2021-06-24,weather,7.366656215762302,192
6,2021-06-25,F0,9.032190084439032,192
6,2021-06-25,F1,8.406249043346852,192
6,2021-06-25,all,8.695958909922313,192
6,2021-06-25,humidity,8.522426161277108,192
6,2021-06-25,personnel,8.378487462263532,192
6,2021-06-25,production,8.583616657918082,192
6,2021-06-25,recent,10.694662490991027,192
6,2021-06-25,temperature,8.476811673323116,192
6,2021-06-25,weather,8.914754238812067,192
6,2021-06-26,F0,8.15906693578849,192
6,2021-06-26,F1,6.416511403862959,192
6,2021-06-26,all,6.0430703499786125,192
6,2021-06-26,humidity,6.225881294727942,192
6,2021-06-26,personnel,6.8364007533821685,192
6,2021-06-26,production,6.685938711421655,192
6,2021-06-26,recent,8.857733205598413,192
6,2021-06-26,temperature,6.264056983278024,192
6,2021-06-26,weather,6.354325659189766,192
6,2021-06-27,F0,3.621766425237711,192
6,2021-06-27,F1,6.522797993642275,192
6,2021-06-27,all,4.090220752472463,192
6,2021-06-27,humidity,4.709737094145651,192
6,2021-06-27,personnel,5.273363331792658,192
6,2021-06-27,production,5.5142008940273,192
6,2021-06-27,recent,8.333853056944582,192
6,2021-06-27,temperature,3.1486374955676903,192
6,2021-06-27,weather,3.2018365922281884,192
6,2021-06-28,F0,6.890711273711698,192
6,2021-06-28,F1,7.996554749663932,192
6,2021-06-28,all,7.766854050437743,192
6,2021-06-28,humidity,8.008933583892622,192
6,2021-06-28,personnel,7.493639312185678,192
6,2021-06-28,production,7.4723586356245795,192
6,2021-06-28,recent,9.66875392711343,192
6,2021-06-28,temperature,7.063804311543696,192
6,2021-06-28,weather,6.996965622027961,192
6,2021-06-29,F0,7.724913953837896,192
6,2021-06-29,F1,7.675492576950023,192
6,2021-06-29,all,7.890042013320506,192
6,2021-06-29,humidity,7.820739799497077,192
6,2021-06-29,personnel,7.70001751467928,192
6,2021-06-29,production,7.736136430757887,192
6,2021-06-29,recent,9.81998095446861,192
6,2021-06-29,temperature,7.635206697664562,192
6,2021-06-29,weather,7.969558261462684,192
6,2021-06-30,F0,7.947013957997446,192
6,2021-06-30,F1,7.509939183692919,192
6,2021-06-30,all,7.743886581889675,192
6,2021-06-30,humidity,7.555361537157946,192
6,2021-06-30,personnel,7.462877695990291,192
6,2021-06-30,production,7.534443946159699,192
6,2021-06-30,recent,10.87362030274709,192
6,2021-06-30,temperature,7.43171062697089,192
6,2021-06-30,weather,7.665973906613424,192
7,2021-07-01,F0,9.13412387728426,188
7,2021-07-01,F1,10.467889098308513,188
7,2021-07-01,all,10.42201946383325,188
7,2021-07-01,humidity,10.662779969350254,188
7,2021-07-01,personnel,10.393475615050365,188
7,2021-07-01,production,10.570224866334037,188
7,2021-07-01,recent,10.072602145208686,188
7,2021-07-01,temperature,10.304252037255022,188
7,2021-07-01,weather,10.380567197785329,188
7,2021-07-02,F0,8.425470419035976,192
7,2021-07-02,F1,9.785285131320736,192
7,2021-07-02,all,10.011233953337683,192
7,2021-07-02,humidity,9.745475010384508,192
7,2021-07-02,personnel,9.972448441929872,192
7,2021-07-02,production,9.703156597655218,192
7,2021-07-02,recent,8.589938992004429,192
7,2021-07-02,temperature,9.626465259415241,192
7,2021-07-02,weather,9.71074044992463,192
7,2021-07-03,F0,4.26914382761419,192
7,2021-07-03,F1,4.816035531798682,192
7,2021-07-03,all,4.430341996365816,192
7,2021-07-03,humidity,4.679954438103083,192
7,2021-07-03,personnel,4.667130964014139,192
7,2021-07-03,production,4.922222822564179,192
7,2021-07-03,recent,3.8859154507531137,192
7,2021-07-03,temperature,4.65534400273849,192
7,2021-07-03,weather,4.526984993554684,192
7,2021-07-04,F0,1.6546025901477275,192
7,2021-07-04,F1,2.1191146196386375,192
7,2021-07-04,all,2.0204215888152173,192
7,2021-07-04,humidity,1.767939740571932,192
7,2021-07-04,personnel,2.386467383324439,192
7,2021-07-04,production,2.1998646823138666,192
7,2021-07-04,recent,3.3367205743099313,192
7,2021-07-04,temperature,1.9623986462510172,192
7,2021-07-04,weather,1.9139168533660562,192
7,2021-07-05,F0,7.793368251707349,192
7,2021-07-05,F1,7.036726488886091,192
7,2021-07-05,all,7.046973147908296,192
7,2021-07-05,humidity,7.411853908118103,192
7,2021-07-05,personnel,6.963914243435544,192
7,2021-07-05,production,6.943221440714477,192
7,2021-07-05,recent,8.972468938350035,192
7,2021-07-05,temperature,7.146332655244495,192
7,2021-07-05,weather,7.228715728838428,192
7,2021-07-06,F0,7.714306201480498,192
7,2021-07-06,F1,7.941902961753066,192
7,2021-07-06,all,7.7565030054442055,192
7,2021-07-06,humidity,7.838868601236585,192
7,2021-07-06,personnel,7.756567884691948,192
7,2021-07-06,production,7.621406892281192,192
7,2021-07-06,recent,10.369919981085092,192
7,2021-07-06,temperature,7.688368916092183,192
7,2021-07-06,weather,7.907635593979847,192
7,2021-07-07,F0,7.594432553412333,192
7,2021-07-07,F1,7.702401080276538,192
7,2021-07-07,all,7.616572359208257,192
7,2021-07-07,humidity,7.653829627028266,192
7,2021-07-07,personnel,7.6845950223605675,192
7,2021-07-07,production,7.7345629835248575,192
7,2021-07-07,recent,9.991004423962574,192
7,2021-07-07,temperature,7.726551182030788,192
7,2021-07-07,weather,7.537977711546833,192
7,2021-07-08,F0,8.263628430920017,192
7,2021-07-08,F1,9.237955952594122,192
7,2021-07-08,all,9.316359068539475,192
7,2021-07-08,humidity,9.392593336072796,192
7,2021-07-08,personnel,9.401785938058387,192
7,2021-07-08,production,9.393987080294329,192
7,2021-07-08,recent,10.511722178180374,192
7,2021-07-08,temperature,9.263138563711065,192
7,2021-07-08,weather,9.344277115576752,192
7,2021-07-09,F0,9.086682952983836,192
7,2021-07-09,F1,8.424342144804084,192
7,2021-07-09,all,8.389978242519929,192
7,2021-07-09,humidity,8.210506525981438,192
7,2021-07-09,personnel,8.494632063463396,192
7,2021-07-09,production,8.58548770742432,192
7,2021-07-09,recent,11.80017288392816,192
7,2021-07-09,temperature,8.231401079124685,192
7,2021-07-09,weather,8.31336233437782,192
7,2021-07-10,F0,4.045502127834015,192
7,2021-07-10,F1,4.120978229170228,192
7,2021-07-10,all,4.446712133921974,192
7,2021-07-10,humidity,4.279477968889778,192
7,2021-07-10,personnel,4.418253658985223,192
7,2021-07-10,production,4.557886980513996,192
7,2021-07-10,recent,4.329153114369741,192
7,2021-07-10,temperature,4.1468763341663974,192
7,2021-07-10,weather,4.49486565888228,192
7,2021-07-11,F0,1.4598004216687246,192
7,2021-07-11,F1,2.1980001706397387,192
7,2021-07-11,all,1.6910436499787556,192
7,2021-07-11,humidity,1.8714521545459926,192
7,2021-07-11,personnel,2.394315592496478,192
7,2021-07-11,production,2.181103241836079,192
7,2021-07-11,recent,3.3116120280216332,192
7,2021-07-11,temperature,2.009593931387695,192
7,2021-07-11,weather,1.7585283364343274,192
7,2021-07-12,F0,7.833691059967118,188
7,2021-07-12,F1,7.9695020915677155,188
7,2021-07-12,all,8.130289801106517,188
7,2021-07-12,humidity,8.308140006393609,188
7,2021-07-12,personnel,8.312077608664678,188
7,2021-07-12,production,8.10199969051593,188
7,2021-07-12,recent,11.017327555837682,188
7,2021-07-12,temperature,7.953896721855668,188
7,2021-07-12,weather,8.239343523123642,188
7,2021-07-14,F0,12.375835522027355,184
7,2021-07-14,F1,12.420370016922803,184
7,2021-07-14,all,12.709592612939364,184
7,2021-07-14,humidity,12.636174098246771,184
7,2021-07-14,personnel,12.543574008576673,184
7,2021-07-14,production,12.573709201507144,184
7,2021-07-14,recent,13.607284886413966,184
7,2021-07-14,temperature,12.56857488271147,184
7,2021-07-14,weather,12.209190435846645,184
7,2021-07-16,F0,11.998104938095217,188
7,2021-07-16,F1,12.787760128625532,188
7,2021-07-16,all,13.214865857600898,188
7,2021-07-16,humidity,13.091765774032568,188
7,2021-07-16,personnel,12.718158906412254,188
7,2021-07-16,production,12.893826026422804,188
7,2021-07-16,recent,12.263642487381269,188
7,2021-07-16,temperature,12.910357516163819,188
7,2021-07-16,weather,12.329167447873456,188
7,2021-07-17,F0,5.044312715701971,192
7,2021-07-17,F1,6.13778170772461,192
7,2021-07-17,all,6.2101926226830875,192
7,2021-07-17,humidity,6.068726332795321,192
7,2021-07-17,personnel,6.13301257203586,192
7,2021-07-17,production,5.984164671326069,192
7,2021-07-17,recent,4.606861145808324,192
7,2021-07-17,temperature,5.94249955063345,192
7,2021-07-17,weather,5.961438641677661,192
7,2021-07-18,F0,1.5771072071396197,192
7,2021-07-18,F1,1.8401875124980691,192
7,2021-07-18,all,1.6572001089823365,192
7,2021-07-18,humidity,1.4410480877552478,192
7,2021-07-18,personnel,1.9944051671830365,192
7,2021-07-18,production,1.8911022580374688,192
7,2021-07-18,recent,3.5095443243135342,192
7,2021-07-18,temperature,1.8554021963709937,192
7,2021-07-18,weather,1.6930705211992045,192
7,2021-07-19,F0,7.625280211535575,192
7,2021-07-19,F1,7.5568118587497715,192
7,2021-07-19,all,7.54770714355699,192
7,2021-07-19,humidity,7.890525344514907,192
7,2021-07-19,personnel,7.656733901543343,192
7,2021-07-19,production,7.659653574978408,192
7,2021-07-19,recent,10.944602540782926,192
7,2021-07-19,temperature,7.59761886410331,192
7,2021-07-19,weather,7.605298245135143,192
7,2021-07-20,F0,16.61351778282504,192
7,2021-07-20,F1,14.161729659354151,192
7,2021-07-20,all,14.636806486211377,192
7,2021-07-20,humidity,14.064255491929686,192
7,2021-07-20,personnel,14.073549412686146,192
7,2021-07-20,production,14.779987776098926,192
7,2021-07-20,recent,12.30369749591962,192
7,2021-07-20,temperature,14.089343717829323,192
7,2021-07-20,weather,14.605325282247547,192
7,2021-07-21,F0,10.517973129639627,192
7,2021-07-21,F1,10.647987625048689,192
7,2021-07-21,all,10.572502320989502,192
7,2021-07-21,humidity,10.66456297944812,192
7,2021-07-21,personnel,10.575612996394922,192
7,2021-07-21,production,10.676697047688046,192
7,2021-07-21,recent,12.217172936998411,192
7,2021-07-21,temperature,10.474574662909973,192
7,2021-07-21,weather,10.493399861145216,192
7,2021-07-22,F0,13.91769683670517,192
7,2021-07-22,F1,16.15332218227025,192
7,2021-07-22,all,15.74786857577977,192
7,2021-07-22,humidity,15.673999480924216,192
7,2021-07-22,personnel,15.702011302278365,192
7,2021-07-22,production,15.374009322877946,192
7,2021-07-22,recent,10.659821705488742,192
7,2021-07-22,temperature,15.86386803224729,192
7,2021-07-22,weather,15.86621865914893,192
7,2021-07-23,F0,8.8730824306539,192
7,2021-07-23,F1,9.452349010815222,192
7,2021-07-23,all,9.311964260780591,192
7,2021-07-23,humidity,9.390189933889003,192
7,2021-07-23,personnel,9.771394408534231,192
7,2021-07-23,production,9.55393258258286,192
7,2021-07-23,recent,12.580798290194616,192
7,2021-07-23,temperature,9.325541023983599,192
7,2021-07-23,weather,9.636745849464718,192
7,2021-07-24,F0,3.854173991162007,192
7,2021-07-24,F1,9.457729478601168,192
7,2021-07-24,all,9.016181204888802,192
7,2021-07-24,humidity,9.147581788881157,192
7,2021-07-24,personnel,9.264980833908167,192
7,2021-07-24,production,9.585946859450647,192
7,2021-07-24,recent,3.55458972006022,192
7,2021-07-24,temperature,8.053766198261663,192
7,2021-07-24,weather,8.402285696449088,192
7,2021-07-25,F0,1.6023016032787938,192
7,2021-07-25,F1,1.6964329661882263,192
7,2021-07-25,all,1.5920375949443475,192
7,2021-07-25,humidity,1.5525470502853302,192
7,2021-07-25,personnel,1.6678494912779744,192
7,2021-07-25,production,1.7653650724291055,192
7,2021-07-25,recent,3.6692995410677653,192
7,2021-07-25,temperature,1.6253179989525501,192
7,2021-07-25,weather,1.746610534243647,192
7,2021-07-26,F0,9.60913045910589,192
7,2021-07-26,F1,8.41129301200309,192
7,2021-07-26,all,8.120835512625835,192
7,2021-07-26,humidity,8.486266157015056,192
7,2021-07-26,personnel,8.412277117323503,192
7,2021-07-26,production,8.412031777752546,192
7,2021-07-26,recent,13.843263935191153,192
7,2021-07-26,temperature,8.195289051959646,192
7,2021-07-26,weather,8.399018095622658,192
7,2021-07-27,F0,11.963255043045798,192
7,2021-07-27,F1,11.147889617217752,192
7,2021-07-27,all,11.572587172068834,192
7,2021-07-27,humidity,11.26806880440563,192
7,2021-07-27,personnel,11.256338976022917,192
7,2021-07-27,production,11.35623734127685,192
7,2021-07-27,recent,14.061742461091834,192
7,2021-07-27,temperature,11.18570778553858,192
7,2021-07-27,weather,11.549244700834864,192
7,2021-07-28,F0,13.444932429139342,192
7,2021-07-28,F1,12.58329797992023,192
7,2021-07-28,all,12.381649314985742,192
7,2021-07-28,humidity,12.395439418893586,192
7,2021-07-28,personnel,12.78256620756043,192
7,2021-07-28,production,12.659347746678819,192
7,2021-07-28,recent,14.555201328355581,192
7,2021-07-28,temperature,12.551199551159208,192
7,2021-07-28,weather,12.841628312829839,192
7,2021-07-29,F0,9.759074435273348,192
7,2021-07-29,F1,9.19383790162974,192
7,2021-07-29,all,9.866015071357175,192
7,2021-07-29,humidity,9.466791412411514,192
7,2021-07-29,personnel,9.660480461622475,192
7,2021-07-29,production,9.367464573777808,192
7,2021-07-29,recent,13.422926976167298,192
7,2021-07-29,temperature,9.261417927395533,192
7,2021-07-29,weather,9.901303602467868,192
7,2021-07-30,F0,12.458285843403486,192
7,2021-07-30,F1,11.424159139429078,192
7,2021-07-30,all,11.571503900023664,192
7,2021-07-30,humidity,11.491570258518253,192
7,2021-07-30,personnel,11.874311844852706,192
7,2021-07-30,production,11.656528840709084,192
7,2021-07-30,recent,15.42495647397226,192
7,2021-07-30,temperature,11.567304684847535,192
7,2021-07-30,weather,11.702815767633467,192
7,2021-07-31,F0,6.829750429906664,188
7,2021-07-31,F1,8.822186336875138,188
7,2021-07-31,all,8.077690522169528,188
7,2021-07-31,humidity,7.566614011032244,188
7,2021-07-31,personnel,8.008110475269397,188
7,2021-07-31,production,8.084201253796937,188
7,2021-07-31,recent,6.489523789359626,188
7,2021-07-31,temperature,8.1136556223993,188
7,2021-07-31,weather,7.220736218985359,188
