month,model,feature,split_count
4,recent,horizon,227
4,recent,hour,906
4,recent,quarter,247
4,recent,dow,345
4,recent,month,178
4,recent,lag0,409
4,recent,lag1,256
4,recent,lag2,286
4,recent,lag3,281
4,recent,lag4,302
4,recent,lag5,202
4,recent,lag6,328
4,recent,lag7,233
4,F0,horizon,59
4,F0,hour,396
4,F0,quarter,53
4,F0,dow,271
4,F0,month,147
4,F0,lag0,452
4,F0,lag1,262
4,F0,lag2,297
4,F0,lag3,244
4,F0,lag4,267
4,F0,lag5,178
4,F0,lag6,243
4,F0,lag7,197
4,F0,day,415
4,F0,week,719
4,F1,horizon,78
4,F1,hour,245
4,F1,quarter,32
4,F1,dow,82
4,F1,month,42
4,F1,lag0,99
4,F1,lag1,55
4,F1,lag2,43
4,F1,lag3,60
4,F1,lag4,63
4,F1,lag5,30
4,F1,lag6,54
4,F1,lag7,66
4,F1,day,275
4,F1,week,604
4,F1,mean1,51
4,F1,max1,21
4,F1,std1,116
4,F1,slope1,159
4,F1,mean3,96
4,F1,max3,130
4,F1,std3,274
4,F1,slope3,137
4,F1,mean6,135
4,F1,max6,127
4,F1,std6,235
4,F1,slope6,97
4,F1,mean24,209
4,F1,max24,221
4,F1,std24,129
4,F1,slope24,163
4,F1,rise15,72
4,production,horizon,86
4,production,hour,248
4,production,quarter,28
4,production,dow,82
4,production,month,38
4,production,lag0,86
4,production,lag1,43
4,production,lag2,45
4,production,lag3,48
4,production,lag4,66
4,production,lag5,34
4,production,lag6,40
4,production,lag7,60
4,production,day,272
4,production,week,581
4,production,mean1,45
4,production,max1,21
4,production,std1,125
4,production,slope1,166
4,production,mean3,91
4,production,max3,141
4,production,std3,279
4,production,slope3,139
4,production,mean6,89
4,production,max6,126
4,production,std6,233
4,production,slope6,127
4,production,mean24,214
4,production,max24,197
4,production,std24,132
4,production,slope24,171
4,production,rise15,85
4,production,생산량,30
4,production,생산량_change,32
4,production,생산량_age_hours,0
4,production,생산량_missing,0
4,temperature,horizon,79
4,temperature,hour,256
4,temperature,quarter,36
4,temperature,dow,58
4,temperature,month,27
4,temperature,lag0,102
4,temperature,lag1,44
4,temperature,lag2,43
4,temperature,lag3,48
4,temperature,lag4,36
4,temperature,lag5,26
4,temperature,lag6,40
4,temperature,lag7,55
4,temperature,day,255
4,temperature,week,552
4,temperature,mean1,46
4,temperature,max1,23
4,temperature,std1,137
4,temperature,slope1,107
4,temperature,mean3,87
4,temperature,max3,135
4,temperature,std3,297
4,temperature,slope3,135
4,temperature,mean6,114
4,temperature,max6,114
4,temperature,std6,272
4,temperature,slope6,103
4,temperature,mean24,191
4,temperature,max24,183
4,temperature,std24,140
4,temperature,slope24,171
4,temperature,rise15,76
4,temperature,기온,149
4,temperature,기온_change,63
4,temperature,기온_age_hours,0
4,temperature,기온_missing,0
4,humidity,horizon,95
4,humidity,hour,271
4,humidity,quarter,38
4,humidity,dow,68
4,humidity,month,36
4,humidity,lag0,97
4,humidity,lag1,50
4,humidity,lag2,38
4,humidity,lag3,47
4,humidity,lag4,51
4,humidity,lag5,38
4,humidity,lag6,46
4,humidity,lag7,54
4,humidity,day,271
4,humidity,week,587
4,humidity,mean1,38
4,humidity,max1,18
4,humidity,std1,126
4,humidity,slope1,164
4,humidity,mean3,83
4,humidity,max3,147
4,humidity,std3,278
4,humidity,slope3,114
4,humidity,mean6,106
4,humidity,max6,96
4,humidity,std6,227
4,humidity,slope6,105
4,humidity,mean24,196
4,humidity,max24,185
4,humidity,std24,131
4,humidity,slope24,171
4,humidity,rise15,95
4,humidity,습도,83
4,humidity,습도_change,50
4,humidity,습도_age_hours,0
4,humidity,습도_missing,0
4,weather,horizon,72
4,weather,hour,249
4,weather,quarter,28
4,weather,dow,67
4,weather,month,21
4,weather,lag0,91
4,weather,lag1,25
4,weather,lag2,41
4,weather,lag3,41
4,weather,lag4,45
4,weather,lag5,33
4,weather,lag6,47
4,weather,lag7,52
4,weather,day,264
4,weather,week,602
4,weather,mean1,42
4,weather,max1,20
4,weather,std1,113
4,weather,slope1,139
4,weather,mean3,87
4,weather,max3,119
4,weather,std3,269
4,weather,slope3,122
4,weather,mean6,109
4,weather,max6,92
4,weather,std6,239
4,weather,slope6,104
4,weather,mean24,190
4,weather,max24,190
4,weather,std24,150
4,weather,slope24,154
4,weather,rise15,74
4,weather,기온,131
4,weather,기온_change,47
4,weather,기온_age_hours,0
4,weather,기온_missing,0
4,weather,습도,86
4,weather,습도_change,45
4,weather,습도_age_hours,0
4,weather,습도_missing,0
4,personnel,horizon,90
4,personnel,hour,251
4,personnel,quarter,24
4,personnel,dow,78
4,personnel,month,41
4,personnel,lag0,98
4,personnel,lag1,48
4,personnel,lag2,53
4,personnel,lag3,68
4,personnel,lag4,68
4,personnel,lag5,34
4,personnel,lag6,54
4,personnel,lag7,60
4,personnel,day,257
4,personnel,week,620
4,personnel,mean1,56
4,personnel,max1,23
4,personnel,std1,111
4,personnel,slope1,149
4,personnel,mean3,103
4,personnel,max3,124
4,personnel,std3,246
4,personnel,slope3,147
4,personnel,mean6,105
4,personnel,max6,110
4,personnel,std6,234
4,personnel,slope6,115
4,personnel,mean24,193
4,personnel,max24,204
4,personnel,std24,128
4,personnel,slope24,174
4,personnel,rise15,84
4,personnel,공장인원,20
4,personnel,공장인원_change,30
4,personnel,공장인원_age_hours,0
4,personnel,공장인원_missing,0
4,all,horizon,83
4,all,hour,229
4,all,quarter,22
4,all,dow,75
4,all,month,26
4,all,lag0,100
4,all,lag1,49
4,all,lag2,34
4,all,lag3,33
4,all,lag4,63
4,all,lag5,30
4,all,lag6,41
4,all,lag7,46
4,all,day,266
4,all,week,569
4,all,mean1,39
4,all,max1,31
4,all,std1,101
4,all,slope1,122
4,all,mean3,95
4,all,max3,122
4,all,std3,233
4,all,slope3,110
4,all,mean6,96
4,all,max6,121
4,all,std6,224
4,all,slope6,109
4,all,mean24,181
4,all,max24,183
4,all,std24,158
4,all,slope24,166
4,all,rise15,81
4,all,생산량,23
4,all,생산량_change,24
4,all,생산량_age_hours,0
4,all,생산량_missing,0
4,all,기온,118
4,all,기온_change,54
4,all,기온_age_hours,0
4,all,기온_missing,0
4,all,습도,74
4,all,습도_change,42
4,all,습도_age_hours,0
4,all,습도_missing,0
4,all,공장인원,13
4,all,공장인원_change,14
4,all,공장인원_age_hours,0
4,all,공장인원_missing,0
5,recent,horizon,219
5,recent,hour,903
5,recent,quarter,239
5,recent,dow,343
5,recent,month,189
5,recent,lag0,460
5,recent,lag1,223
5,recent,lag2,356
5,recent,lag3,281
5,recent,lag4,240
5,recent,lag5,203
5,recent,lag6,335
5,recent,lag7,209
5,F0,horizon,81
5,F0,hour,479
5,F0,quarter,52
5,F0,dow,300
5,F0,month,158
5,F0,lag0,411
5,F0,lag1,219
5,F0,lag2,341
5,F0,lag3,223
5,F0,lag4,234
5,F0,lag5,191
5,F0,lag6,239
5,F0,lag7,217
5,F0,day,400
5,F0,week,655
5,F1,horizon,84
5,F1,hour,279
5,F1,quarter,38
5,F1,dow,112
5,F1,month,55
5,F1,lag0,113
5,F1,lag1,56
5,F1,lag2,49
5,F1,lag3,54
5,F1,lag4,51
5,F1,lag5,26
5,F1,lag6,56
5,F1,lag7,40
5,F1,day,266
5,F1,week,582
5,F1,mean1,54
5,F1,max1,14
5,F1,std1,135
5,F1,slope1,162
5,F1,mean3,90
5,F1,max3,133
5,F1,std3,223
5,F1,slope3,110
5,F1,mean6,126
5,F1,max6,59
5,F1,std6,263
5,F1,slope6,132
5,F1,mean24,201
5,F1,max24,174
5,F1,std24,166
5,F1,slope24,209
5,F1,rise15,88
5,production,horizon,77
5,production,hour,271
5,production,quarter,33
5,production,dow,90
5,production,month,48
5,production,lag0,122
5,production,lag1,54
5,production,lag2,56
5,production,lag3,47
5,production,lag4,57
5,production,lag5,35
5,production,lag6,49
5,production,lag7,31
5,production,day,245
5,production,week,587
5,production,mean1,58
5,production,max1,25
5,production,std1,118
5,production,slope1,156
5,production,mean3,85
5,production,max3,120
5,production,std3,207
5,production,slope3,139
5,production,mean6,108
5,production,max6,74
5,production,std6,255
5,production,slope6,116
5,production,mean24,209
5,production,max24,172
5,production,std24,157
5,production,slope24,193
5,production,rise15,94
5,production,생산량,58
5,production,생산량_change,54
5,production,생산량_age_hours,0
5,production,생산량_missing,0
5,temperature,horizon,77
5,temperature,hour,285
5,temperature,quarter,36
5,temperature,dow,98
5,temperature,month,49
5,temperature,lag0,123
5,temperature,lag1,46
5,temperature,lag2,54
5,temperature,lag3,53
5,temperature,lag4,45
5,temperature,lag5,38
5,temperature,lag6,64
5,temperature,lag7,46
5,temperature,day,249
5,temperature,week,592
5,temperature,mean1,58
5,temperature,max1,18
5,temperature,std1,128
5,temperature,slope1,157
5,temperature,mean3,87
5,temperature,max3,111
5,temperature,std3,218
5,temperature,slope3,95
5,temperature,mean6,142
5,temperature,max6,82
5,temperature,std6,209
5,temperature,slope6,104
5,temperature,mean24,195
5,temperature,max24,133
5,temperature,std24,137
5,temperature,slope24,155
5,temperature,rise15,107
5,temperature,기온,167
5,temperature,기온_change,42
5,temperature,기온_age_hours,0
5,temperature,기온_missing,0
5,humidity,horizon,88
5,humidity,hour,265
5,humidity,quarter,34
5,humidity,dow,87
5,humidity,month,44
5,humidity,lag0,104
5,humidity,lag1,44
5,humidity,lag2,48
5,humidity,lag3,40
5,humidity,lag4,44
5,humidity,lag5,34
5,humidity,lag6,58
5,humidity,lag7,30
5,humidity,day,245
5,humidity,week,581
5,humidity,mean1,54
5,humidity,max1,16
5,humidity,std1,156
5,humidity,slope1,176
5,humidity,mean3,93
5,humidity,max3,110
5,humidity,std3,214
5,humidity,slope3,119
5,humidity,mean6,117
5,humidity,max6,78
5,humidity,std6,264
5,humidity,slope6,106
5,humidity,mean24,225
5,humidity,max24,168
5,humidity,std24,141
5,humidity,slope24,193
5,humidity,rise15,87
5,humidity,습도,92
5,humidity,습도_change,45
5,humidity,습도_age_hours,0
5,humidity,습도_missing,0
5,weather,horizon,54
5,weather,hour,284
5,weather,quarter,33
5,weather,dow,94
5,weather,month,38
5,weather,lag0,129
5,weather,lag1,50
5,weather,lag2,56
5,weather,lag3,36
5,weather,lag4,36
5,weather,lag5,28
5,weather,lag6,56
5,weather,lag7,29
5,weather,day,254
5,weather,week,576
5,weather,mean1,62
5,weather,max1,18
5,weather,std1,118
5,weather,slope1,140
5,weather,mean3,86
5,weather,max3,104
5,weather,std3,216
5,weather,slope3,117
5,weather,mean6,123
5,weather,max6,57
5,weather,std6,224
5,weather,slope6,94
5,weather,mean24,208
5,weather,max24,145
5,weather,std24,140
5,weather,slope24,192
5,weather,rise15,92
5,weather,기온,129
5,weather,기온_change,41
5,weather,기온_age_hours,0
5,weather,기온_missing,0
5,weather,습도,91
5,weather,습도_change,50
5,weather,습도_age_hours,0
5,weather,습도_missing,0
5,personnel,horizon,73
5,personnel,hour,275
5,personnel,quarter,33
5,personnel,dow,103
5,personnel,month,67
5,personnel,lag0,119
5,personnel,lag1,43
5,personnel,lag2,49
5,personnel,lag3,43
5,personnel,lag4,61
5,personnel,lag5,31
5,personnel,lag6,44
5,personnel,lag7,43
5,personnel,day,276
5,personnel,week,590
5,personnel,mean1,58
5,personnel,max1,19
5,personnel,std1,132
5,personnel,slope1,156
5,personnel,mean3,91
5,personnel,max3,125
5,personnel,std3,206
5,personnel,slope3,137
5,personnel,mean6,118
5,personnel,max6,85
5,personnel,std6,248
5,personnel,slope6,107
5,personnel,mean24,201
5,personnel,max24,164
5,personnel,std24,132
5,personnel,slope24,183
5,personnel,rise15,86
5,personnel,공장인원,69
5,personnel,공장인원_change,33
5,personnel,공장인원_age_hours,0
5,personnel,공장인원_missing,0
5,all,horizon,66
5,all,hour,283
5,all,quarter,40
5,all,dow,96
5,all,month,38
5,all,lag0,134
5,all,lag1,41
5,all,lag2,53
5,all,lag3,32
5,all,lag4,38
5,all,lag5,33
5,all,lag6,35
5,all,lag7,45
5,all,day,246
5,all,week,556
5,all,mean1,46
5,all,max1,15
5,all,std1,115
5,all,slope1,126
5,all,mean3,83
5,all,max3,104
5,all,std3,207
5,all,slope3,109
5,all,mean6,108
5,all,max6,61
5,all,std6,213
5,all,slope6,113
5,all,mean24,170
5,all,max24,143
5,all,std24,121
5,all,slope24,186
5,all,rise15,94
5,all,생산량,38
5,all,생산량_change,48
5,all,생산량_age_hours,0
5,all,생산량_missing,0
5,all,기온,141
5,all,기온_change,45
5,all,기온_age_hours,0
5,all,기온_missing,0
5,all,습도,100
5,all,습도_change,47
5,all,습도_age_hours,0
5,all,습도_missing,0
5,all,공장인원,22
5,all,공장인원_change,9
5,all,공장인원_age_hours,0
5,all,공장인원_missing,0
6,recent,horizon,203
6,recent,hour,1004
6,recent,quarter,250
6,recent,dow,357
6,recent,month,220
6,recent,lag0,416
6,recent,lag1,226
6,recent,lag2,314
6,recent,lag3,278
6,recent,lag4,254
6,recent,lag5,185
6,recent,lag6,298
6,recent,lag7,195
6,F0,horizon,82
6,F0,hour,492
6,F0,quarter,57
6,F0,dow,272
6,F0,month,156
6,F0,lag0,488
6,F0,lag1,221
6,F0,lag2,307
6,F0,lag3,215
6,F0,lag4,281
6,F0,lag5,210
6,F0,lag6,209
6,F0,lag7,162
6,F0,day,387
6,F0,week,661
6,F1,horizon,101
6,F1,hour,305
6,F1,quarter,41
6,F1,dow,123
6,F1,month,61
6,F1,lag0,146
6,F1,lag1,37
6,F1,lag2,79
6,F1,lag3,55
6,F1,lag4,53
6,F1,lag5,55
6,F1,lag6,60
6,F1,lag7,49
6,F1,day,218
6,F1,week,523
6,F1,mean1,49
6,F1,max1,28
6,F1,std1,114
6,F1,slope1,201
6,F1,mean3,94
6,F1,max3,110
6,F1,std3,239
6,F1,slope3,128
6,F1,mean6,123
6,F1,max6,57
6,F1,std6,245
6,F1,slope6,112
6,F1,mean24,211
6,F1,max24,150
6,F1,std24,111
6,F1,slope24,207
6,F1,rise15,115
6,production,horizon,93
6,production,hour,288
6,production,quarter,36
6,production,dow,114
6,production,month,62
6,production,lag0,148
6,production,lag1,35
6,production,lag2,82
6,production,lag3,67
6,production,lag4,47
6,production,lag5,50
6,production,lag6,44
6,production,lag7,48
6,production,day,230
6,production,week,534
6,production,mean1,51
6,production,max1,30
6,production,std1,109
6,production,slope1,172
6,production,mean3,91
6,production,max3,107
6,production,std3,230
6,production,slope3,111
6,production,mean6,104
6,production,max6,59
6,production,std6,268
6,production,slope6,114
6,production,mean24,208
6,production,max24,158
6,production,std24,112
6,production,slope24,176
6,production,rise15,111
6,production,생산량,64
6,production,생산량_change,47
6,production,생산량_age_hours,0
6,production,생산량_missing,0
6,temperature,horizon,80
6,temperature,hour,272
6,temperature,quarter,37
6,temperature,dow,124
6,temperature,month,32
6,temperature,lag0,147
6,temperature,lag1,41
6,temperature,lag2,74
6,temperature,lag3,41
6,temperature,lag4,53
6,temperature,lag5,47
6,temperature,lag6,59
6,temperature,lag7,42
6,temperature,day,245
6,temperature,week,519
6,temperature,mean1,56
6,temperature,max1,27
6,temperature,std1,91
6,temperature,slope1,174
6,temperature,mean3,107
6,temperature,max3,106
6,temperature,std3,269
6,temperature,slope3,130
6,temperature,mean6,127
6,temperature,max6,80
6,temperature,std6,237
6,temperature,slope6,120
6,temperature,mean24,192
6,temperature,max24,122
6,temperature,std24,106
6,temperature,slope24,176
6,temperature,rise15,116
6,temperature,기온,112
6,temperature,기온_change,39
6,temperature,기온_age_hours,0
6,temperature,기온_missing,0
6,humidity,horizon,84
6,humidity,hour,290
6,humidity,quarter,33
6,humidity,dow,127
6,humidity,month,71
6,humidity,lag0,138
6,humidity,lag1,39
6,humidity,lag2,73
6,humidity,lag3,45
6,humidity,lag4,58
6,humidity,lag5,35
6,humidity,lag6,47
6,humidity,lag7,41
6,humidity,day,225
6,humidity,week,503
6,humidity,mean1,51
6,humidity,max1,33
6,humidity,std1,102
6,humidity,slope1,187
6,humidity,mean3,96
6,humidity,max3,103
6,humidity,std3,217
6,humidity,slope3,111
6,humidity,mean6,123
6,humidity,max6,57
6,humidity,std6,250
6,humidity,slope6,124
6,humidity,mean24,222
6,humidity,max24,152
6,humidity,std24,101
6,humidity,slope24,180
6,humidity,rise15,95
6,humidity,습도,112
6,humidity,습도_change,75
6,humidity,습도_age_hours,0
6,humidity,습도_missing,0
6,weather,horizon,73
6,weather,hour,279
6,weather,quarter,36
6,weather,dow,114
6,weather,month,48
6,weather,lag0,131
6,weather,lag1,28
6,weather,lag2,55
6,weather,lag3,54
6,weather,lag4,59
6,weather,lag5,52
6,weather,lag6,41
6,weather,lag7,33
6,weather,day,224
6,weather,week,527
6,weather,mean1,48
6,weather,max1,26
6,weather,std1,93
6,weather,slope1,151
6,weather,mean3,102
6,weather,max3,94
6,weather,std3,209
6,weather,slope3,118
6,weather,mean6,121
6,weather,max6,76
6,weather,std6,218
6,weather,slope6,121
6,weather,mean24,191
6,weather,max24,125
6,weather,std24,113
6,weather,slope24,195
6,weather,rise15,107
6,weather,기온,125
6,weather,기온_change,52
6,weather,기온_age_hours,0
6,weather,기온_missing,0
6,weather,습도,100
6,weather,습도_change,61
6,weather,습도_age_hours,0
6,weather,습도_missing,0
6,personnel,horizon,89
6,personnel,hour,297
6,personnel,quarter,41
6,personnel,dow,127
6,personnel,month,58
6,personnel,lag0,141
6,personnel,lag1,24
6,personnel,lag2,70
6,personnel,lag3,66
6,personnel,lag4,53
6,personnel,lag5,40
6,personnel,lag6,48
6,personnel,lag7,53
6,personnel,day,225
6,personnel,week,523
6,personnel,mean1,62
6,personnel,max1,23
6,personnel,std1,108
6,personnel,slope1,168
6,personnel,mean3,94
6,personnel,max3,102
6,personnel,std3,251
6,personnel,slope3,118
6,personnel,mean6,114
6,personnel,max6,61
6,personnel,std6,256
6,personnel,slope6,133
6,personnel,mean24,175
6,personnel,max24,148
6,personnel,std24,120
6,personnel,slope24,200
6,personnel,rise15,118
6,personnel,공장인원,47
6,personnel,공장인원_change,47
6,personnel,공장인원_age_hours,0
6,personnel,공장인원_missing,0
6,all,horizon,76
6,all,hour,264
6,all,quarter,39
6,all,dow,112
6,all,month,33
6,all,lag0,131
6,all,lag1,22
6,all,lag2,59
6,all,lag3,42
6,all,lag4,55
6,all,lag5,47
6,all,lag6,46
6,all,lag7,43
6,all,day,232
6,all,week,494
6,all,mean1,49
6,all,max1,22
6,all,std1,96
6,all,slope1,151
6,all,mean3,100
6,all,max3,97
6,all,std3,212
6,all,slope3,88
6,all,mean6,119
6,all,max6,75
6,all,std6,226
6,all,slope6,119
6,all,mean24,187
6,all,max24,131
6,all,std24,106
6,all,slope24,182
6,all,rise15,120
6,all,생산량,42
6,all,생산량_change,24
6,all,생산량_age_hours,0
6,all,생산량_missing,0
6,all,기온,113
6,all,기온_change,34
6,all,기온_age_hours,0
6,all,기온_missing,0
6,all,습도,86
6,all,습도_change,77
6,all,습도_age_hours,0
6,all,습도_missing,0
6,all,공장인원,26
6,all,공장인원_change,23
6,all,공장인원_age_hours,0
6,all,공장인원_missing,0
7,recent,horizon,251
7,recent,hour,943
7,recent,quarter,230
7,recent,dow,311
7,recent,month,230
7,recent,lag0,460
7,recent,lag1,244
7,recent,lag2,316
7,recent,lag3,283
7,recent,lag4,237
7,recent,lag5,203
7,recent,lag6,255
7,recent,lag7,237
7,F0,horizon,72
7,F0,hour,491
7,F0,quarter,50
7,F0,dow,258
7,F0,month,168
7,F0,lag0,458
7,F0,lag1,228
7,F0,lag2,310
7,F0,lag3,201
7,F0,lag4,254
7,F0,lag5,225
7,F0,lag6,205
7,F0,lag7,205
7,F0,day,389
7,F0,week,686
7,F1,horizon,69
7,F1,hour,312
7,F1,quarter,45
7,F1,dow,116
7,F1,month,66
7,F1,lag0,153
7,F1,lag1,39
7,F1,lag2,94
7,F1,lag3,51
7,F1,lag4,87
7,F1,lag5,63
7,F1,lag6,63
7,F1,lag7,55
7,F1,day,221
7,F1,week,625
7,F1,mean1,48
7,F1,max1,21
7,F1,std1,106
7,F1,slope1,161
7,F1,mean3,108
7,F1,max3,98
7,F1,std3,215
7,F1,slope3,116
7,F1,mean6,121
7,F1,max6,75
7,F1,std6,235
7,F1,slope6,133
7,F1,mean24,182
7,F1,max24,146
7,F1,std24,109
7,F1,slope24,189
7,F1,rise15,78
7,production,horizon,85
7,production,hour,286
7,production,quarter,36
7,production,dow,109
7,production,month,55
7,production,lag0,137
7,production,lag1,34
7,production,lag2,84
7,production,lag3,65
7,production,lag4,71
7,production,lag5,62
7,production,lag6,55
7,production,lag7,49
7,production,day,221
7,production,week,620
7,production,mean1,55
7,production,max1,24
7,production,std1,104
7,production,slope1,174
7,production,mean3,101
7,production,max3,97
7,production,std3,213
7,production,slope3,123
7,production,mean6,132
7,production,max6,79
7,production,std6,230
7,production,slope6,120
7,production,mean24,188
7,production,max24,157
7,production,std24,106
7,production,slope24,161
7,production,rise15,106
7,production,생산량,45
7,production,생산량_change,16
7,production,생산량_age_hours,0
7,production,생산량_missing,0
7,temperature,horizon,62
7,temperature,hour,271
7,temperature,quarter,38
7,temperature,dow,106
7,temperature,month,42
7,temperature,lag0,142
7,temperature,lag1,44
7,temperature,lag2,77
7,temperature,lag3,48
7,temperature,lag4,62
7,temperature,lag5,36
7,temperature,lag6,61
7,temperature,lag7,38
7,temperature,day,222
7,temperature,week,607
7,temperature,mean1,51
7,temperature,max1,20
7,temperature,std1,117
7,temperature,slope1,151
7,temperature,mean3,109
7,temperature,max3,100
7,temperature,std3,245
7,temperature,slope3,105
7,temperature,mean6,111
7,temperature,max6,75
7,temperature,std6,212
7,temperature,slope6,129
7,temperature,mean24,196
7,temperature,max24,151
7,temperature,std24,126
7,temperature,slope24,189
7,temperature,rise15,95
7,temperature,기온,127
7,temperature,기온_change,35
7,temperature,기온_age_hours,0
7,temperature,기온_missing,0
7,humidity,horizon,65
7,humidity,hour,304
7,humidity,quarter,38
7,humidity,dow,120
7,humidity,month,62
7,humidity,lag0,151
7,humidity,lag1,35
7,humidity,lag2,84
7,humidity,lag3,53
7,humidity,lag4,82
7,humidity,lag5,47
7,humidity,lag6,53
7,humidity,lag7,55
7,humidity,day,226
7,humidity,week,633
7,humidity,mean1,53
7,humidity,max1,22
7,humidity,std1,103
7,humidity,slope1,154
7,humidity,mean3,109
7,humidity,max3,86
7,humidity,std3,219
7,humidity,slope3,98
7,humidity,mean6,100
7,humidity,max6,61
7,humidity,std6,232
7,humidity,slope6,131
7,humidity,mean24,178
7,humidity,max24,167
7,humidity,std24,98
7,humidity,slope24,165
7,humidity,rise15,97
7,humidity,습도,75
7,humidity,습도_change,44
7,humidity,습도_age_hours,0
7,humidity,습도_missing,0
7,weather,horizon,70
7,weather,hour,273
7,weather,quarter,37
7,weather,dow,102
7,weather,month,37
7,weather,lag0,140
7,weather,lag1,43
7,weather,lag2,81
7,weather,lag3,46
7,weather,lag4,62
7,weather,lag5,59
7,weather,lag6,53
7,weather,lag7,41
7,weather,day,197
7,weather,week,594
7,weather,mean1,46
7,weather,max1,23
7,weather,std1,118
7,weather,slope1,168
7,weather,mean3,96
7,weather,max3,88
7,weather,std3,205
7,weather,slope3,104
7,weather,mean6,99
7,weather,max6,68
7,weather,std6,221
7,weather,slope6,133
7,weather,mean24,193
7,weather,max24,146
7,weather,std24,105
7,weather,slope24,186
7,weather,rise15,96
7,weather,기온,129
7,weather,기온_change,21
7,weather,기온_age_hours,0
7,weather,기온_missing,0
7,weather,습도,75
7,weather,습도_change,45
7,weather,습도_age_hours,0
7,weather,습도_missing,0
7,personnel,horizon,72
7,personnel,hour,313
7,personnel,quarter,43
7,personnel,dow,103
7,personnel,month,77
7,personnel,lag0,138
7,personnel,lag1,34
7,personnel,lag2,85
7,personnel,lag3,48
7,personnel,lag4,75
7,personnel,lag5,54
7,personnel,lag6,62
7,personnel,lag7,60
7,personnel,day,212
7,personnel,week,603
7,personnel,mean1,45
7,personnel,max1,21
7,personnel,std1,104
7,personnel,slope1,162
7,personnel,mean3,115
7,personnel,max3,100
7,personnel,std3,221
7,personnel,slope3,127
7,personnel,mean6,125
7,personnel,max6,64
7,personnel,std6,224
7,personnel,slope6,137
7,personnel,mean24,182
7,personnel,max24,156
7,personnel,std24,97
7,personnel,slope24,175
7,personnel,rise15,90
7,personnel,공장인원,49
7,personnel,공장인원_change,27
7,personnel,공장인원_age_hours,0
7,personnel,공장인원_missing,0
7,all,horizon,68
7,all,hour,269
7,all,quarter,37
7,all,dow,99
7,all,month,41
7,all,lag0,135
7,all,lag1,41
7,all,lag2,80
7,all,lag3,47
7,all,lag4,66
7,all,lag5,38
7,all,lag6,46
7,all,lag7,38
7,all,day,223
7,all,week,560
7,all,mean1,49
7,all,max1,25
7,all,std1,101
7,all,slope1,150
7,all,mean3,102
7,all,max3,87
7,all,std3,209
7,all,slope3,78
7,all,mean6,109
7,all,max6,76
7,all,std6,219
7,all,slope6,129
7,all,mean24,184
7,all,max24,143
7,all,std24,114
7,all,slope24,162
7,all,rise15,99
7,all,생산량,42
7,all,생산량_change,11
7,all,생산량_age_hours,0
7,all,생산량_missing,0
7,all,기온,116
7,all,기온_change,37
7,all,기온_age_hours,0
7,all,기온_missing,0
7,all,습도,95
7,all,습도_change,40
7,all,습도_age_hours,0
7,all,습도_missing,0
7,all,공장인원,19
7,all,공장인원_change,16
7,all,공장인원_age_hours,0
7,all,공장인원_missing,0
