period,model,value,n,days,sae,MAE
AprJun,F0,False,3072,16,25745.528136882152,8.380705773724658
AprJun,F0,True,14388,75,135257.23263014128,9.40069729150273
AprJun,F1,False,3072,16,26384.248030655577,8.588622405812362
AprJun,F1,True,14388,75,144180.88570813544,10.020912267732516
AprJun,all,False,3072,16,25641.554676491956,8.346860246253891
AprJun,all,True,14388,75,143816.71521858667,9.99560155814475
AprJun,humidity,False,3072,16,25817.19050918558,8.404033368875515
AprJun,humidity,True,14388,75,144239.43044392348,10.024981265215699
AprJun,personnel,False,3072,16,25998.051221604383,8.462907298699344
AprJun,personnel,True,14388,75,143514.64162239555,9.97460672938529
AprJun,production,False,3072,16,25934.994477867083,8.44238101493069
AprJun,production,True,14388,75,147367.0506315484,10.242358259073422
AprJun,recent,False,3072,16,27960.61648969688,9.10176318023987
AprJun,recent,True,14388,75,136395.21166773513,9.4797895237514
AprJun,temperature,False,3072,16,25278.15166500896,8.228564995120104
AprJun,temperature,True,14388,75,143527.71736133163,9.975515524140368
AprJun,weather,False,3072,16,25281.861665682558,8.229772677631042
AprJun,weather,True,14388,75,143856.25616835122,9.998349747591828
July,F0,False,5160,27,39969.39772903195,7.746007311827897
July,F0,True,384,2,4973.417908328224,12.951609136271417
July,F1,False,5160,27,42308.34577217732,8.199291816313435
July,F1,True,384,2,4609.431766915067,12.003728559674654
July,all,False,5160,27,42196.38292840074,8.177593590775336
July,all,True,384,2,4599.005417281805,11.976576607504702
July,humidity,False,5160,27,42024.93511074547,8.144367269524317
July,humidity,True,384,2,4586.305858063073,11.94350483870592
July,personnel,False,5160,27,42420.48177143831,8.221023599115952
July,personnel,True,384,2,4734.120586063323,12.328439026206569
July,production,False,5160,27,42455.71254962707,8.227851269307571
July,production,True,384,2,4668.648304778478,12.157938293693952
July,recent,False,5160,27,46565.0487934297,9.024234262292577
July,recent,True,384,2,5756.190298046946,14.99007890116392
July,temperature,False,5160,27,41555.61319060839,8.053413409032634
July,temperature,True,384,2,4630.752813313295,12.059252118003371
July,weather,False,5160,27,41793.033322590825,8.099425062517602
July,weather,True,384,2,4712.533263448955,12.272222040231654
