date,model,actual_peak,predicted_peak,peak_size_error,error_at_actual_peak,timing_error_minutes,actual_peak_time,predicted_peak_time,actual_temperature,actual_production,temperature,production,period,true_peak_day,detected
2021-04-01,pred,184.0,179.2667429274398,-4.733257072560207,-11.345805125804986,30.0,2021-04-01 08:15:00,2021-04-01 08:45:00,13.7,398,"(10.5, inf]",positive,07-10,True,True
2021-04-01,naive,184.0,186.0,2.0,-30.0,435.0,2021-04-01 08:15:00,2021-04-01 15:30:00,13.7,398,"(10.5, inf]",positive,07-10,True,True
2021-04-02,pred,181.0,140.44860357907598,-40.55139642092402,-46.91833624516096,120.0,2021-04-02 08:15:00,2021-04-02 10:15:00,12.9,0,"(10.5, inf]",zero,07-10,True,False
2021-04-02,naive,181.0,26.0,-155.0,-160.0,465.0,2021-04-02 08:15:00,2021-04-02 00:30:00,12.9,0,"(10.5, inf]",zero,07-10,True,False
2021-04-03,pred,118.0,111.0,-7.0,-16.145999061818642,255.0,2021-04-03 02:00:00,2021-04-03 06:15:00,11.1,0,"(10.5, inf]",zero,00-07,False,False
2021-04-03,naive,118.0,116.0,-2.0,-12.0,30.0,2021-04-03 02:00:00,2021-04-03 01:30:00,11.1,0,"(10.5, inf]",zero,00-07,False,False
2021-04-04,pred,26.0,198.0,172.0,-2.0,270.0,2021-04-04 04:15:00,2021-04-04 08:45:00,11.2,0,"(10.5, inf]",zero,00-07,False,True
2021-04-04,naive,26.0,198.0,172.0,-2.0,270.0,2021-04-04 04:15:00,2021-04-04 08:45:00,11.2,0,"(10.5, inf]",zero,00-07,False,True
2021-04-05,pred,184.0,177.55325840379987,-6.446741596200127,-8.048443892104245,30.0,2021-04-05 08:15:00,2021-04-05 08:45:00,8.9,1029,"(6.5, 10.5]",positive,07-10,True,False
2021-04-05,naive,184.0,222.0,38.0,38.0,0.0,2021-04-05 08:15:00,2021-04-05 08:15:00,8.9,1029,"(6.5, 10.5]",positive,07-10,True,True
2021-04-06,pred,181.0,177.06462314220047,-3.9353768577995254,-7.033017723393414,330.0,2021-04-06 08:15:00,2021-04-06 13:45:00,8.5,1007,"(6.5, 10.5]",positive,07-10,True,False
2021-04-06,naive,181.0,193.0,12.0,-4.0,30.0,2021-04-06 08:15:00,2021-04-06 08:45:00,8.5,1007,"(6.5, 10.5]",positive,07-10,True,True
2021-04-07,pred,199.0,145.9502525204339,-53.04974747956609,-65.81388186899687,120.0,2021-04-07 08:45:00,2021-04-07 10:45:00,13.6,669,"(10.5, inf]",positive,07-10,True,False
2021-04-07,naive,199.0,26.0,-173.0,-178.0,495.0,2021-04-07 08:45:00,2021-04-07 00:30:00,13.6,669,"(10.5, inf]",positive,07-10,True,False
2021-04-08,pred,181.0,181.3909928949122,0.3909928949121877,-4.871011464974686,45.0,2021-04-08 08:45:00,2021-04-08 09:30:00,13.4,458,"(10.5, inf]",positive,07-10,True,True
2021-04-08,naive,181.0,184.0,3.0,-2.0,30.0,2021-04-08 08:45:00,2021-04-08 08:15:00,13.4,458,"(10.5, inf]",positive,07-10,True,True
2021-04-09,pred,184.0,180.0,-4.0,-52.99863097825403,360.0,2021-04-09 08:45:00,2021-04-09 14:45:00,10.7,342,"(10.5, inf]",positive,07-10,True,True
2021-04-09,naive,184.0,181.0,-3.0,-9.0,30.0,2021-04-09 08:45:00,2021-04-09 08:15:00,10.7,342,"(10.5, inf]",positive,07-10,True,True
2021-04-10,pred,115.0,113.67182643276576,-1.328173567234245,-1.328173567234245,0.0,2021-04-10 01:45:00,2021-04-10 01:45:00,5.6,34,"(-inf, 6.5]",positive,00-07,False,False
2021-04-10,naive,115.0,118.0,3.0,1.0,15.0,2021-04-10 01:45:00,2021-04-10 02:00:00,5.6,34,"(-inf, 6.5]",positive,00-07,False,False
2021-04-11,pred,25.0,26.0,1.0,-1.0,180.0,2021-04-11 01:15:00,2021-04-11 04:15:00,7.1,0,"(6.5, 10.5]",zero,00-07,False,False
2021-04-11,naive,25.0,26.0,1.0,-1.0,180.0,2021-04-11 01:15:00,2021-04-11 04:15:00,7.1,0,"(6.5, 10.5]",zero,00-07,False,False
2021-04-12,pred,182.0,181.91948927980468,-0.08051072019532057,-14.945614875331387,270.0,2021-04-12 13:00:00,2021-04-12 08:30:00,14.4,580,"(10.5, inf]",positive,10-17,True,True
2021-04-12,naive,182.0,184.0,2.0,-5.0,285.0,2021-04-12 13:00:00,2021-04-12 08:15:00,14.4,580,"(10.5, inf]",positive,10-17,True,True
2021-04-13,pred,182.0,175.8551067612231,-6.144893238776888,-21.93292681240962,270.0,2021-04-13 13:00:00,2021-04-13 08:30:00,19.4,1208,"(10.5, inf]",positive,10-17,True,False
2021-04-13,naive,182.0,181.0,-1.0,-12.0,285.0,2021-04-13 13:00:00,2021-04-13 08:15:00,19.4,1208,"(10.5, inf]",positive,10-17,True,True
2021-04-14,pred,182.0,168.62175602628434,-13.378243973715655,-23.237604491994176,255.0,2021-04-14 13:00:00,2021-04-14 08:45:00,14.5,1032,"(10.5, inf]",positive,10-17,True,False
2021-04-14,naive,182.0,199.0,17.0,-9.0,255.0,2021-04-14 13:00:00,2021-04-14 08:45:00,14.5,1032,"(10.5, inf]",positive,10-17,True,True
2021-04-15,pred,182.0,174.66899967098303,-7.331000329016973,-13.663284552783438,105.0,2021-04-15 13:00:00,2021-04-15 11:15:00,15.6,1022,"(10.5, inf]",positive,10-17,True,False
2021-04-15,naive,182.0,181.0,-1.0,-8.0,255.0,2021-04-15 13:00:00,2021-04-15 08:45:00,15.6,1022,"(10.5, inf]",positive,10-17,True,True
2021-04-16,pred,182.0,126.0,-56.0,-77.13743491852708,15.0,2021-04-16 13:00:00,2021-04-16 12:45:00,18.9,1657,"(10.5, inf]",positive,10-17,True,False
2021-04-16,naive,182.0,184.0,2.0,-27.0,255.0,2021-04-16 13:00:00,2021-04-16 08:45:00,18.9,1657,"(10.5, inf]",positive,10-17,True,True
2021-04-17,pred,115.0,114.0,-1.0,-17.67650586319226,135.0,2021-04-17 01:45:00,2021-04-17 04:00:00,14.5,325,"(10.5, inf]",positive,00-07,False,False
2021-04-17,naive,115.0,115.0,0.0,0.0,0.0,2021-04-17 01:45:00,2021-04-17 01:45:00,14.5,325,"(10.5, inf]",positive,00-07,False,False
2021-04-18,pred,25.0,25.0,0.0,0.0,0.0,2021-04-18 01:15:00,2021-04-18 01:15:00,9.1,0,"(6.5, 10.5]",zero,00-07,False,False
2021-04-18,naive,25.0,25.0,0.0,0.0,0.0,2021-04-18 01:15:00,2021-04-18 01:15:00,9.1,0,"(6.5, 10.5]",zero,00-07,False,False
2021-04-19,pred,172.0,179.1219950000584,7.121995000058405,7.121995000058405,0.0,2021-04-19 08:30:00,2021-04-19 08:30:00,13.7,1040,"(10.5, inf]",positive,07-10,False,True
2021-04-19,naive,172.0,182.0,10.0,-5.0,270.0,2021-04-19 08:30:00,2021-04-19 13:00:00,13.7,1040,"(10.5, inf]",positive,07-10,False,True
2021-04-20,pred,172.0,169.43466105531223,-2.565338944687767,-2.565338944687767,0.0,2021-04-20 08:30:00,2021-04-20 08:30:00,16.3,69,"(10.5, inf]",positive,07-10,False,False
2021-04-20,naive,172.0,182.0,10.0,-5.0,270.0,2021-04-20 08:30:00,2021-04-20 13:00:00,16.3,69,"(10.5, inf]",positive,07-10,False,True
2021-04-21,pred,174.0,167.88959086255727,-6.11040913744273,-7.105526793637182,15.0,2021-04-21 08:15:00,2021-04-21 08:30:00,16.1,724,"(10.5, inf]",positive,07-10,False,False
2021-04-21,naive,174.0,182.0,8.0,-2.0,285.0,2021-04-21 08:15:00,2021-04-21 13:00:00,16.1,724,"(10.5, inf]",positive,07-10,False,True
2021-04-22,pred,174.0,167.25207637678253,-6.747923623217474,-9.610856020368573,15.0,2021-04-22 08:15:00,2021-04-22 08:30:00,15.3,728,"(10.5, inf]",positive,07-10,False,False
2021-04-22,naive,174.0,182.0,8.0,-2.0,285.0,2021-04-22 08:15:00,2021-04-22 13:00:00,15.3,728,"(10.5, inf]",positive,07-10,False,True
2021-04-23,pred,174.0,130.0,-44.0,-48.54397841071555,270.0,2021-04-23 08:15:00,2021-04-23 12:45:00,14.6,572,"(10.5, inf]",positive,07-10,False,False
2021-04-23,naive,174.0,182.0,8.0,-2.0,285.0,2021-04-23 08:15:00,2021-04-23 13:00:00,14.6,572,"(10.5, inf]",positive,07-10,False,True
2021-04-24,pred,112.0,111.0,-1.0,-1.327332374529405,165.0,2021-04-24 06:00:00,2021-04-24 03:15:00,12.6,675,"(10.5, inf]",positive,00-07,False,False
2021-04-24,naive,112.0,115.0,3.0,2.0,255.0,2021-04-24 06:00:00,2021-04-24 01:45:00,12.6,675,"(10.5, inf]",positive,00-07,False,False
2021-04-25,pred,25.0,25.0,0.0,0.0,0.0,2021-04-25 01:15:00,2021-04-25 01:15:00,11.4,0,"(10.5, inf]",zero,00-07,False,False
2021-04-25,naive,25.0,25.0,0.0,0.0,0.0,2021-04-25 01:15:00,2021-04-25 01:15:00,11.4,0,"(10.5, inf]",zero,00-07,False,False
2021-04-26,pred,176.0,172.67068148813877,-3.3293185118612314,-8.246655627209691,30.0,2021-04-26 08:15:00,2021-04-26 08:45:00,13.3,574,"(10.5, inf]",positive,07-10,False,False
2021-04-26,naive,176.0,172.0,-4.0,-24.0,15.0,2021-04-26 08:15:00,2021-04-26 08:30:00,13.3,574,"(10.5, inf]",positive,07-10,False,False
2021-04-27,pred,176.0,163.38158673304108,-12.618413266958925,-19.820257845733266,30.0,2021-04-27 08:15:00,2021-04-27 08:45:00,11.9,999,"(10.5, inf]",positive,07-10,False,False
2021-04-27,naive,176.0,172.0,-4.0,-24.0,15.0,2021-04-27 08:15:00,2021-04-27 08:30:00,11.9,999,"(10.5, inf]",positive,07-10,False,False
2021-04-28,pred,175.0,162.1129455885799,-12.88705441142011,-16.051600914322222,15.0,2021-04-28 08:15:00,2021-04-28 08:30:00,17.3,247,"(10.5, inf]",positive,07-10,False,False
2021-04-28,naive,175.0,174.0,-1.0,-1.0,0.0,2021-04-28 08:15:00,2021-04-28 08:15:00,17.3,247,"(10.5, inf]",positive,07-10,False,False
2021-04-29,pred,175.0,144.17017182373863,-30.829828176261373,-34.93018386916003,15.0,2021-04-29 08:15:00,2021-04-29 08:30:00,15.0,862,"(10.5, inf]",positive,07-10,False,False
2021-04-29,naive,175.0,174.0,-1.0,-1.0,0.0,2021-04-29 08:15:00,2021-04-29 08:15:00,15.0,862,"(10.5, inf]",positive,07-10,False,False
2021-04-30,pred,174.0,136.0,-38.0,-79.51071336208427,750.0,2021-04-30 08:15:00,2021-04-30 20:45:00,16.7,1201,"(10.5, inf]",positive,07-10,False,False
2021-04-30,naive,174.0,174.0,0.0,0.0,0.0,2021-04-30 08:15:00,2021-04-30 08:15:00,16.7,1201,"(10.5, inf]",positive,07-10,False,False
