candidate,period,n,days,mae,rmse,wape,daily_peak_mae,peak_underprediction,peak_day_recall,alarm_precision,false_alarm_days,daily_mean_mae,interval_tp,interval_fn,interval_fp,interval_tn,interval_recall,interval_precision,interval_f1,interval_false_positive_rate,interval_peak_rate,day_tp,day_fn,day_fp,day_tn,day_recall,day_precision,day_f1,day_false_positive_rate,day_peak_rate
naive,Apr-Jun,8736,91,19.08333333333333,37.97838032084665,0.2022217316309276,18.923076923076923,10.472527472527473,0.7272727272727273,0.6956521739130435,14,14.535027472527473,114,262,241,8119,0.3031914893617021,0.3211267605633803,0.3119015047879617,0.0288277511961722,0.043040293040293,32,12,14,33,0.7272727272727273,0.6956521739130435,0.7111111111111111,0.2978723404255319,0.4835164835164835
naive,July,2784,29,12.177083333333334,26.3811924146425,0.1201447364690539,16.620689655172413,10.620689655172416,0.95,1.0,0,8.133261494252878,282,160,87,2255,0.6380090497737556,0.7642276422764228,0.6954377311960542,0.0371477369769427,0.1587643678160919,19,1,0,9,0.95,1.0,0.9743589743589745,0.0,0.6896551724137931
reference,Apr-Jun,8736,91,16.910844772169657,33.010712241637584,0.1792003657556315,19.99278430178769,14.261528161222392,0.2954545454545454,0.6842105263157895,6,12.918873723726112,63,313,77,8283,0.1675531914893617,0.45,0.2441860465116279,0.0092105263157894,0.043040293040293,13,31,6,41,0.2954545454545454,0.6842105263157895,0.4126984126984127,0.1276595744680851,0.4835164835164835
reference,July,2784,29,10.552418143299022,17.006606644312793,0.1041150382429775,20.43826995057392,16.706200190569877,0.7,1.0,0,7.0182549653672,161,281,64,2278,0.3642533936651583,0.7155555555555555,0.4827586206896552,0.02732707087959,0.1587643678160919,14,6,0,9,0.7,1.0,0.8235294117647058,0.0,0.6896551724137931
H1,Apr-Jun,8736,91,17.107677968861072,32.965730948569444,0.1812861622557567,20.63383903112007,14.844391690775412,0.3409090909090909,0.7142857142857143,6,13.20396437805174,53,323,87,8273,0.1409574468085106,0.3785714285714285,0.2054263565891473,0.0104066985645933,0.043040293040293,15,29,6,41,0.3409090909090909,0.7142857142857143,0.4615384615384615,0.1276595744680851,0.4835164835164835
H1,July,2784,29,10.935968359514908,18.784558681732022,0.1078993220807799,20.44161877143389,16.02777446005796,0.85,1.0,0,7.1586556292903,207,235,79,2263,0.4683257918552036,0.7237762237762237,0.5686813186813187,0.033731853116994,0.1587643678160919,17,3,0,9,0.85,1.0,0.918918918918919,0.0,0.6896551724137931
H2,Apr-Jun,8736,91,17.153769538343486,33.054209496075714,0.1817745841069875,20.39221379405143,14.632301135265667,0.4090909090909091,0.782608695652174,5,13.267016472472468,60,316,77,8283,0.1595744680851064,0.437956204379562,0.2339181286549707,0.0092105263157894,0.043040293040293,18,26,5,42,0.4090909090909091,0.782608695652174,0.5373134328358209,0.1063829787234042,0.4835164835164835
H2,July,2784,29,10.887848782324577,18.859049192318665,0.1074245520753296,20.561439691439777,15.84279688674592,0.75,1.0,0,7.168989300140772,215,227,81,2261,0.4864253393665158,0.7263513513513513,0.5826558265582655,0.0345858240819812,0.1587643678160919,15,5,0,9,0.75,1.0,0.8571428571428571,0.0,0.6896551724137931
H3,Apr-Jun,8736,91,16.910844772169657,33.010712241637584,0.1792003657556315,19.99278430178769,14.261528161222392,0.2954545454545454,0.6842105263157895,6,12.918873723726112,63,313,77,8283,0.1675531914893617,0.45,0.2441860465116279,0.0092105263157894,0.043040293040293,13,31,6,41,0.2954545454545454,0.6842105263157895,0.4126984126984127,0.1276595744680851,0.4835164835164835
H3,July,2784,29,10.552418143299022,17.00660664431279,0.1041150382429775,20.43826995057392,16.706200190569877,0.7,1.0,0,7.0182549653672,161,281,64,2278,0.3642533936651583,0.7155555555555555,0.4827586206896552,0.02732707087959,0.1587643678160919,14,6,0,9,0.7,1.0,0.8235294117647058,0.0,0.6896551724137931
