fold,dimension,condition,n,days,large_error_threshold,large_errors,large_error_rate,overall_large_error_rate,peak_rate
2021-04,production,positive,1880,26,63.60673539141881,163,0.08670212765957447,0.11145833333333334,0.027659574468085105
2021-04,production,zero,1000,29,63.60673539141881,158,0.158,0.11145833333333334,0.003
2021-04,temperature,20-25,188,8,63.60673539141881,12,0.06382978723404255,0.11145833333333334,0.010638297872340425
2021-04,temperature,<=20,2692,30,63.60673539141881,309,0.11478454680534918,0.11145833333333334,0.019687964338781574
2021-04,period,00-07,840,30,63.60673539141881,176,0.20952380952380953,0.11145833333333334,0.0
2021-04,period,07-10,360,30,63.60673539141881,41,0.11388888888888889,0.11145833333333334,0.08055555555555556
2021-04,period,10-17,840,30,63.60673539141881,60,0.07142857142857142,0.11145833333333334,0.030952380952380953
2021-04,period,17-22,600,30,63.60673539141881,35,0.058333333333333334,0.11145833333333334,0.0
2021-04,period,22-24,240,30,63.60673539141881,9,0.0375,0.11145833333333334,0.0
2021-05,production,positive,1744,26,70.15620095780437,67,0.03841743119266055,0.12365591397849462,0.028669724770642203
2021-05,production,zero,1232,27,70.15620095780437,301,0.24431818181818182,0.12365591397849462,0.002435064935064935
2021-05,temperature,20-25,788,24,70.15620095780437,152,0.19289340101522842,0.12365591397849462,0.006345177664974619
2021-05,temperature,25-30,68,4,70.15620095780437,14,0.20588235294117646,0.12365591397849462,0.0
2021-05,temperature,<=20,2120,31,70.15620095780437,202,0.09528301886792453,0.12365591397849462,0.022641509433962263
2021-05,period,00-07,868,31,70.15620095780437,53,0.06105990783410138,0.12365591397849462,0.0
2021-05,period,07-10,372,31,70.15620095780437,49,0.13172043010752688,0.12365591397849462,0.08064516129032258
2021-05,period,10-17,868,31,70.15620095780437,140,0.16129032258064516,0.12365591397849462,0.026497695852534562
2021-05,period,17-22,620,31,70.15620095780437,94,0.15161290322580645,0.12365591397849462,0.0
2021-05,period,22-24,248,31,70.15620095780437,32,0.12903225806451613,0.12365591397849462,0.0
2021-06,production,positive,1988,26,74.0,0,0.0,0.0,0.13480885311871227
2021-06,production,zero,892,27,74.0,0,0.0,0.0,0.0
2021-06,temperature,20-25,1564,28,74.0,0,0.0,0.0,0.08759590792838874
2021-06,temperature,25-30,440,21,74.0,0,0.0,0.0,0.21363636363636362
2021-06,temperature,<=20,876,24,74.0,0,0.0,0.0,0.04223744292237443
2021-06,period,00-07,840,30,74.0,0,0.0,0.0,0.0
2021-06,period,07-10,360,30,74.0,0,0.0,0.0,0.2222222222222222
2021-06,period,10-17,840,30,74.0,0,0.0,0.0,0.20714285714285716
2021-06,period,17-22,600,30,74.0,0,0.0,0.0,0.023333333333333334
2021-06,period,22-24,240,30,74.0,0,0.0,0.0,0.0
2021-07,production,positive,1764,24,60.88074779393448,8,0.0045351473922902496,0.014367816091954023,0.24773242630385486
2021-07,production,zero,1020,25,60.88074779393448,32,0.03137254901960784,0.014367816091954023,0.004901960784313725
2021-07,temperature,20-25,1236,27,60.88074779393448,16,0.012944983818770227,0.014367816091954023,0.059870550161812294
2021-07,temperature,25-30,1260,25,60.88074779393448,19,0.01507936507936508,0.014367816091954023,0.19603174603174603
2021-07,temperature,<=20,32,2,60.88074779393448,0,0.0,0.014367816091954023,0.0
2021-07,temperature,>30,256,12,60.88074779393448,5,0.01953125,0.014367816091954023,0.47265625
2021-07,period,00-07,812,29,60.88074779393448,31,0.038177339901477834,0.014367816091954023,0.0
2021-07,period,07-10,348,29,60.88074779393448,4,0.011494252873563218,0.014367816091954023,0.3333333333333333
2021-07,period,10-17,812,29,60.88074779393448,5,0.006157635467980296,0.014367816091954023,0.3657635467980296
2021-07,period,17-22,580,29,60.88074779393448,0,0.0,0.014367816091954023,0.05
2021-07,period,22-24,232,29,60.88074779393448,0,0.0,0.014367816091954023,0.0
