candidate,period,interval_mae,hourly_mean_mae,daily_mean_mae
naive,Apr-Jun,19.083333333333332,17.96268315018315,14.535027472527473
naive,July,12.177083333333334,10.82794540229885,8.133261494252878
reference,Apr-Jun,16.910844772169657,15.917501009434963,12.918873723726112
reference,July,10.552418143299022,9.36772923336277,7.0182549653672
H1,Apr-Jun,17.107677968861072,16.19503013425453,13.20396437805174
H1,July,10.93596835951491,9.610493257259684,7.158655629290301
H2,Apr-Jun,17.153769538343486,16.234343433255795,13.267016472472468
H2,July,10.887848782324575,9.57858062723111,7.168989300140772
H3,Apr-Jun,16.910844772169657,15.917501009434963,12.918873723726112
H3,July,10.552418143299022,9.36772923336277,7.0182549653672
