month,scope,horizon,model,coverage,q75,q95,n,origins,MAE,RMSE,bias,recall,precision,FP,FN,positive_slots,window_max_MAE,window_recall,onset_events,onset_recall
4,all,15..120,last,1.0,141.0,178.0,5760,720,17.08298611111111,27.86933176051729,2.109027777777778,0.11956521739130435,0.08088235294117647,125,81,92,15.404166666666667,0.09836065573770492,55,0.0
4,all,15..120,lgb_F0,1.0,141.0,178.0,5760,720,12.787125286414343,20.17021528008869,3.1434639942154785,0.021739130434782608,0.2222222222222222,7,90,92,13.363859143618974,0.04918032786885246,55,0.05454545454545454
4,all,15..120,week,1.0,141.0,178.0,5760,720,23.662847222222222,43.78325323555673,-2.0631944444444446,0.32608695652173914,0.15306122448979592,166,62,92,24.855555555555554,0.5409836065573771,55,0.5272727272727272
4,all,45..120,last,1.0,141.0,178.0,4320,720,18.17685185185185,29.37964305307207,1.4111111111111112,0.09090909090909091,0.06862745098039216,95,70,77,15.941666666666666,0.07692307692307693,48,0.0
4,all,45..120,lgb_F0,1.0,141.0,178.0,4320,720,13.281385432583132,21.162833199449608,2.841666965689149,0.025974025974025976,0.25,6,75,77,13.750049353764338,0.038461538461538464,48,0.041666666666666664
4,all,45..120,week,1.0,141.0,178.0,4320,720,23.772916666666667,44.0619171881603,-2.145138888888889,0.35064935064935066,0.17307692307692307,129,50,77,24.895833333333332,0.5,48,0.5
4,clean_history,15..120,last,1.0,141.0,178.0,5760,720,17.08298611111111,27.86933176051729,2.109027777777778,0.11956521739130435,0.08088235294117647,125,81,92,15.404166666666667,0.09836065573770492,55,0.0
4,clean_history,15..120,lgb_F0,1.0,141.0,178.0,5760,720,12.787125286414343,20.17021528008869,3.1434639942154785,0.021739130434782608,0.2222222222222222,7,90,92,13.363859143618974,0.04918032786885246,55,0.05454545454545454
4,clean_history,15..120,week,1.0,141.0,178.0,5760,720,23.662847222222222,43.78325323555673,-2.0631944444444446,0.32608695652173914,0.15306122448979592,166,62,92,24.855555555555554,0.5409836065573771,55,0.5272727272727272
4,clean_history,45..120,last,1.0,141.0,178.0,4320,720,18.17685185185185,29.37964305307207,1.4111111111111112,0.09090909090909091,0.06862745098039216,95,70,77,15.941666666666666,0.07692307692307693,48,0.0
4,clean_history,45..120,lgb_F0,1.0,141.0,178.0,4320,720,13.281385432583132,21.162833199449608,2.841666965689149,0.025974025974025976,0.25,6,75,77,13.750049353764338,0.038461538461538464,48,0.041666666666666664
4,clean_history,45..120,week,1.0,141.0,178.0,4320,720,23.772916666666667,44.0619171881603,-2.145138888888889,0.35064935064935066,0.17307692307692307,129,50,77,24.895833333333332,0.5,48,0.5
4,production_positive_clean,15..120,last,0.6513888888888889,141.0,178.0,3752,469,21.19509594882729,30.929962495246517,4.780383795309168,0.1375,0.0859375,117,69,80,17.108742004264393,0.1111111111111111,48,0.0
4,production_positive_clean,15..120,lgb_F0,0.6513888888888889,141.0,178.0,3752,469,11.571074171153466,18.47608752096862,0.4613945712588657,0.025,0.2222222222222222,7,78,80,11.51620635106804,0.05555555555555555,48,0.0625
4,production_positive_clean,15..120,week,0.6513888888888889,141.0,178.0,3752,469,20.61993603411514,36.672570113378775,-4.4424307036247335,0.25,0.14814814814814814,115,60,80,20.699360341151387,0.5185185185185185,48,0.5
4,production_positive_clean,45..120,last,0.6513888888888889,141.0,178.0,2814,469,22.32906894100924,32.35479837624253,4.00639658848614,0.10606060606060606,0.07291666666666667,89,59,66,17.918976545842217,0.08888888888888889,41,0.0
4,production_positive_clean,45..120,lgb_F0,0.6513888888888889,141.0,178.0,2814,469,12.1410479652982,19.712553844149298,-0.0004872098160482815,0.030303030303030304,0.25,6,64,66,11.90443480582524,0.044444444444444446,41,0.04878048780487805
4,production_positive_clean,45..120,week,0.6513888888888889,141.0,178.0,2814,469,20.710376687988628,36.93550247774602,-4.697583511016346,0.2727272727272727,0.16981132075471697,88,48,66,20.84008528784648,0.4666666666666667,41,0.4634146341463415
4,approaching_high_load_clean,15..120,last,0.24444444444444444,141.0,178.0,1408,176,21.865767045454547,31.74842292074593,17.969460227272727,0.0,,0,21,21,7.846590909090909,0.0,21,0.0
4,approaching_high_load_clean,15..120,lgb_F0,0.24444444444444444,141.0,178.0,1408,176,9.028105767868126,11.994960882709327,3.2383582491933613,0.09523809523809523,0.5,2,19,21,6.304104769645321,0.09523809523809523,21,0.09523809523809523
4,approaching_high_load_clean,15..120,week,0.24444444444444444,141.0,178.0,1408,176,15.140625,27.96807230006777,-1.109375,0.19047619047619047,0.08163265306122448,45,17,21,14.659090909090908,0.2857142857142857,21,0.2857142857142857
4,approaching_high_load_clean,45..120,last,0.24444444444444444,141.0,178.0,1056,176,21.612689393939394,31.457929457571993,17.41003787878788,0.0,,0,21,21,9.005681818181818,0.0,21,0.0
4,approaching_high_load_clean,45..120,lgb_F0,0.24444444444444444,141.0,178.0,1056,176,9.245871846309132,12.272581540521776,3.175833609569376,0.09523809523809523,0.5,2,19,21,7.194838398973269,0.09523809523809523,21,0.09523809523809523
4,approaching_high_load_clean,45..120,week,0.24444444444444444,141.0,178.0,1056,176,15.525568181818182,28.279499883066595,-1.027462121212121,0.19047619047619047,0.09523809523809523,38,17,21,15.284090909090908,0.2857142857142857,21,0.2857142857142857
5,all,15..120,last,1.0,142.0,176.0,5952,744,15.47513440860215,26.85022926956038,1.7584005376344085,0.1792452830188679,0.1484375,109,87,106,14.455645161290322,0.15384615384615385,44,0.0
5,all,15..120,lgb_F0,1.0,142.0,176.0,5952,744,8.42363761889436,14.43821110080723,0.2534329760948437,0.05660377358490566,0.6,4,100,106,9.548671353902913,0.038461538461538464,44,0.045454545454545456
5,all,15..120,week,1.0,142.0,176.0,5952,744,25.214885752688172,47.38288299382438,0.5740927419354839,0.11320754716981132,0.11320754716981132,94,94,106,27.807795698924732,0.23076923076923078,44,0.2727272727272727
5,all,45..120,last,1.0,142.0,176.0,4464,744,16.531362007168457,28.47369565205791,1.196236559139785,0.16470588235294117,0.14583333333333334,82,71,85,14.989247311827956,0.14893617021276595,40,0.0
5,all,45..120,lgb_F0,1.0,142.0,176.0,4464,744,8.875348881411103,15.587447794186971,0.19445614874010622,0.047058823529411764,0.5,4,81,85,9.63669790539618,0.0425531914893617,40,0.05
5,all,45..120,week,1.0,142.0,176.0,4464,744,25.475806451612904,47.80586300480736,0.5842293906810035,0.10588235294117647,0.10588235294117647,76,76,85,27.876344086021504,0.2127659574468085,40,0.25
5,clean_history,15..120,last,1.0,142.0,176.0,5952,744,15.47513440860215,26.85022926956038,1.7584005376344085,0.1792452830188679,0.1484375,109,87,106,14.455645161290322,0.15384615384615385,44,0.0
5,clean_history,15..120,lgb_F0,1.0,142.0,176.0,5952,744,8.42363761889436,14.43821110080723,0.2534329760948437,0.05660377358490566,0.6,4,100,106,9.548671353902913,0.038461538461538464,44,0.045454545454545456
5,clean_history,15..120,week,1.0,142.0,176.0,5952,744,25.214885752688172,47.38288299382438,0.5740927419354839,0.11320754716981132,0.11320754716981132,94,94,106,27.807795698924732,0.23076923076923078,44,0.2727272727272727
5,clean_history,45..120,last,1.0,142.0,176.0,4464,744,16.531362007168457,28.47369565205791,1.196236559139785,0.16470588235294117,0.14583333333333334,82,71,85,14.989247311827956,0.14893617021276595,40,0.0
5,clean_history,45..120,lgb_F0,1.0,142.0,176.0,4464,744,8.875348881411103,15.587447794186971,0.19445614874010622,0.047058823529411764,0.5,4,81,85,9.63669790539618,0.0425531914893617,40,0.05
5,clean_history,45..120,week,1.0,142.0,176.0,4464,744,25.475806451612904,47.80586300480736,0.5842293906810035,0.10588235294117647,0.10588235294117647,76,76,85,27.876344086021504,0.2127659574468085,40,0.25
5,production_positive_clean,15..120,last,0.5860215053763441,142.0,176.0,3488,436,20.526662844036696,28.659935714122156,5.628727064220183,0.2602739726027397,0.15833333333333333,101,54,73,15.472477064220184,0.19047619047619047,34,0.0
5,production_positive_clean,15..120,lgb_F0,0.5860215053763441,142.0,176.0,3488,436,9.301894103234345,14.472411201505562,-0.43830441514423346,0.0410958904109589,0.5,3,70,73,9.26195846638903,0.023809523809523808,34,0.029411764705882353
5,production_positive_clean,15..120,week,0.5860215053763441,142.0,176.0,3488,436,21.479644495412845,39.68230705389073,-9.800172018348624,0.0547945205479452,0.05194805194805195,73,69,73,22.229357798165136,0.19047619047619047,34,0.23529411764705882
5,production_positive_clean,45..120,last,0.5860215053763441,142.0,176.0,2616,436,21.49579510703364,29.62068430738764,5.29243119266055,0.24561403508771928,0.15555555555555556,76,43,57,16.41743119266055,0.18421052631578946,31,0.0
5,production_positive_clean,45..120,lgb_F0,0.5860215053763441,142.0,176.0,2616,436,9.675679836716776,15.488662536423101,-0.3517833126323364,0.03508771929824561,0.4,3,55,57,9.37584601011633,0.02631578947368421,31,0.03225806451612903
5,production_positive_clean,45..120,week,0.5860215053763441,142.0,176.0,2616,436,21.77408256880734,40.244602844406046,-9.745030581039755,0.03508771929824561,0.03278688524590164,59,55,57,22.44495412844037,0.18421052631578946,31,0.22580645161290322
5,approaching_high_load_clean,15..120,last,0.1975806451612903,142.0,176.0,1176,147,21.68877551020408,31.458832833805296,17.965986394557824,0.0,,0,24,24,8.136054421768707,0.0,18,0.0
5,approaching_high_load_clean,15..120,lgb_F0,0.1975806451612903,142.0,176.0,1176,147,9.05195914764342,11.846015179793497,-1.5934357556753276,0.0,,0,24,24,8.927258122529897,0.0,18,0.0
5,approaching_high_load_clean,15..120,week,0.1975806451612903,142.0,176.0,1176,147,22.965986394557824,42.36282383809435,-13.612244897959183,0.041666666666666664,0.02857142857142857,34,23,24,24.8843537414966,0.1111111111111111,18,0.1111111111111111
5,approaching_high_load_clean,45..120,last,0.1975806451612903,142.0,176.0,882,147,21.320861678004537,31.031967278876778,17.24829931972789,0.0,,0,22,22,8.92517006802721,0.0,16,0.0
5,approaching_high_load_clean,45..120,lgb_F0,0.1975806451612903,142.0,176.0,882,147,9.107108926203773,11.952208374339124,-1.683779340089608,0.0,,0,22,22,8.904743899572297,0.0,16,0.0
5,approaching_high_load_clean,45..120,week,0.1975806451612903,142.0,176.0,882,147,23.240362811791382,42.670705591146,-13.52154195011338,0.045454545454545456,0.03225806451612903,30,21,22,24.714285714285715,0.125,16,0.125
6,all,15..120,last,1.0,140.0,175.0,5760,720,16.834895833333334,26.978762866991016,1.9154513888888889,0.39111111111111113,0.3384615384615385,344,274,450,15.433333333333334,0.3825503355704698,92,0.0
6,all,15..120,lgb_F0,1.0,140.0,175.0,5760,720,6.474294180071309,9.017235528995224,-0.8613532604759405,0.40444444444444444,0.7489711934156379,61,268,450,7.900566014323365,0.42953020134228187,92,0.34782608695652173
6,all,15..120,week,1.0,140.0,175.0,5760,720,8.1359375,11.687132347158563,-2.6140625,0.28,0.42,174,324,450,7.783333333333333,0.46308724832214765,92,0.4782608695652174
6,all,45..120,last,1.0,140.0,175.0,4320,720,18.02777777777778,28.578004038330157,1.2712962962962964,0.36134453781512604,0.33076923076923076,261,228,357,16.029166666666665,0.3597122302158273,89,0.0
6,all,45..120,lgb_F0,1.0,140.0,175.0,4320,720,6.651892592365194,9.301234107878253,-0.8980676251025471,0.4117647058823529,0.7577319587628866,47,210,357,7.686472223030651,0.4460431654676259,89,0.3595505617977528
6,all,45..120,week,1.0,140.0,175.0,4320,720,8.131018518518518,11.67228039543386,-2.60462962962963,0.2913165266106443,0.43333333333333335,136,253,357,7.904166666666667,0.4676258992805755,89,0.47191011235955055
6,clean_history,15..120,last,1.0,140.0,175.0,5760,720,16.834895833333334,26.978762866991016,1.9154513888888889,0.39111111111111113,0.3384615384615385,344,274,450,15.433333333333334,0.3825503355704698,92,0.0
6,clean_history,15..120,lgb_F0,1.0,140.0,175.0,5760,720,6.474294180071309,9.017235528995224,-0.8613532604759405,0.40444444444444444,0.7489711934156379,61,268,450,7.900566014323365,0.42953020134228187,92,0.34782608695652173
6,clean_history,15..120,week,1.0,140.0,175.0,5760,720,8.1359375,11.687132347158563,-2.6140625,0.28,0.42,174,324,450,7.783333333333333,0.46308724832214765,92,0.4782608695652174
6,clean_history,45..120,last,1.0,140.0,175.0,4320,720,18.02777777777778,28.578004038330157,1.2712962962962964,0.36134453781512604,0.33076923076923076,261,228,357,16.029166666666665,0.3597122302158273,89,0.0
6,clean_history,45..120,lgb_F0,1.0,140.0,175.0,4320,720,6.651892592365194,9.301234107878253,-0.8980676251025471,0.4117647058823529,0.7577319587628866,47,210,357,7.686472223030651,0.4460431654676259,89,0.3595505617977528
6,clean_history,45..120,week,1.0,140.0,175.0,4320,720,8.131018518518518,11.67228039543386,-2.60462962962963,0.2913165266106443,0.43333333333333335,136,253,357,7.904166666666667,0.4676258992805755,89,0.47191011235955055
6,production_positive_clean,15..120,last,0.6916666666666667,140.0,175.0,3984,498,20.649598393574298,28.453618991877637,5.115461847389558,0.4261501210653753,0.3384615384615385,344,237,413,16.401606425702813,0.41304347826086957,81,0.0
6,production_positive_clean,15..120,lgb_F0,0.6916666666666667,140.0,175.0,3984,498,7.3907193585977025,9.674055476610894,-1.845237485654681,0.3946731234866828,0.7511520737327189,54,250,413,8.816750205023512,0.41304347826086957,81,0.30864197530864196
6,production_positive_clean,15..120,week,0.6916666666666667,140.0,175.0,3984,498,10.39332329317269,13.582735838239865,-3.3034638554216866,0.2542372881355932,0.3917910447761194,163,308,413,9.48995983935743,0.4420289855072464,81,0.4444444444444444
6,production_positive_clean,45..120,last,0.6916666666666667,140.0,175.0,2988,498,21.88922356091031,29.70069908443937,4.584002677376171,0.40062111801242234,0.33076923076923076,261,193,322,17.275100401606426,0.390625,78,0.0
6,production_positive_clean,45..120,lgb_F0,0.6916666666666667,140.0,175.0,2988,498,7.522738010580857,9.880057187499636,-1.8978113007388877,0.39751552795031053,0.7485380116959064,43,194,322,8.469064523852557,0.4296875,78,0.32051282051282054
6,production_positive_clean,45..120,week,0.6916666666666667,140.0,175.0,2988,498,10.345046854082998,13.523159271414855,-3.2700803212851404,0.2577639751552795,0.3933649289099526,128,239,322,9.56425702811245,0.4453125,78,0.4358974358974359
6,approaching_high_load_clean,15..120,last,0.2361111111111111,140.0,175.0,1360,170,20.169117647058822,27.58614848497873,11.973529411764705,0.0,,0,155,155,11.847058823529412,0.0,56,0.0
6,approaching_high_load_clean,15..120,lgb_F0,0.2361111111111111,140.0,175.0,1360,170,8.142906091131492,10.351839855652134,-2.0996497419536024,0.21935483870967742,0.8717948717948718,5,121,155,8.979660786436943,0.23214285714285715,56,0.23214285714285715
6,approaching_high_load_clean,15..120,week,0.2361111111111111,140.0,175.0,1360,170,12.161029411764705,15.479136812839023,-2.9977941176470586,0.25161290322580643,0.29545454545454547,93,116,155,10.741176470588234,0.42857142857142855,56,0.42857142857142855
6,approaching_high_load_clean,45..120,last,0.2361111111111111,140.0,175.0,1020,170,20.2,27.31440042520127,11.570588235294117,0.0,,0,124,124,12.588235294117647,0.0,53,0.0
6,approaching_high_load_clean,45..120,lgb_F0,0.2361111111111111,140.0,175.0,1020,170,8.164210075575554,10.286695627972712,-2.225266791597286,0.21774193548387097,0.8709677419354839,4,97,124,8.94664537881388,0.24528301886792453,53,0.24528301886792453
6,approaching_high_load_clean,45..120,week,0.2361111111111111,140.0,175.0,1020,170,11.984313725490196,15.213899733402979,-2.9196078431372547,0.2661290322580645,0.308411214953271,74,91,124,10.935294117647059,0.41509433962264153,53,0.41509433962264153
7,all,15..120,last,1.0,142.0,176.0,5544,693,18.137626262626263,30.070321021718513,1.996933621933622,0.5153301886792453,0.4552083333333333,523,411,848,16.353535353535353,0.5048076923076923,103,0.0
7,all,15..120,lgb_F0,1.0,142.0,176.0,5544,693,8.10656847715732,12.260599861277708,-1.8264866460182207,0.419811320754717,0.8640776699029126,56,492,848,9.777867749266164,0.5144230769230769,103,0.3592233009708738
7,all,15..120,week,1.0,142.0,176.0,5544,693,9.58946608946609,15.970345896440316,0.09018759018759019,0.6344339622641509,0.7041884816753927,226,310,848,8.897546897546897,0.8365384615384616,103,0.8058252427184466
7,all,45..120,last,1.0,142.0,176.0,4158,693,19.392255892255893,31.806137004206455,1.2392977392977393,0.4947839046199702,0.46111111111111114,388,339,671,16.753246753246753,0.505,99,0.0
7,all,45..120,lgb_F0,1.0,142.0,176.0,4158,693,8.434133189112035,12.823123985555982,-2.063010479254899,0.40238450074515647,0.8544303797468354,46,401,671,9.74179348569958,0.495,99,0.35353535353535354
7,all,45..120,week,1.0,142.0,176.0,4158,693,9.685425685425685,16.255623957428096,-0.04329004329004329,0.6423248882265276,0.7195325542570952,168,240,671,9.077922077922079,0.82,99,0.8080808080808081
7,clean_history,15..120,last,0.9942279942279942,142.0,176.0,5512,689,18.105043541364296,30.091294928582837,2.111574746008708,0.5153301886792453,0.4552083333333333,523,411,848,16.262699564586356,0.5048076923076923,103,0.0
7,clean_history,15..120,lgb_F0,0.9942279942279942,142.0,176.0,5512,689,7.977245465277177,11.890791803434112,-1.6763941494500951,0.419811320754717,0.8640776699029126,56,492,848,9.601567195232287,0.5144230769230769,103,0.3592233009708738
7,clean_history,15..120,week,0.9942279942279942,142.0,176.0,5512,689,9.606857764876633,16.00426852531783,0.06803338171262699,0.6344339622641509,0.7041884816753927,226,310,848,8.925979680696662,0.8365384615384616,103,0.8058252427184466
7,clean_history,45..120,last,0.9942279942279942,142.0,176.0,4134,689,19.36090953072085,31.831772366280724,1.366231253023706,0.4947839046199702,0.46111111111111114,388,339,671,16.669085631349784,0.505,99,0.0
7,clean_history,45..120,lgb_F0,0.9942279942279942,142.0,176.0,4134,689,8.295464830268557,12.417640058839435,-1.90380556047201,0.40238450074515647,0.8544303797468354,46,401,671,9.569637638408421,0.495,99,0.35353535353535354
7,clean_history,45..120,week,0.9942279942279942,142.0,176.0,4134,689,9.704886308659894,16.291550280641985,-0.06724721819061441,0.6423248882265276,0.7195325542570952,168,240,671,9.103047895500726,0.82,99,0.8080808080808081
7,production_positive_clean,15..120,last,0.6277056277056277,142.0,176.0,3480,435,22.9316091954023,32.38008824791138,6.5954022988505745,0.5742705570291777,0.4586864406779661,511,321,754,17.445977011494254,0.5561497326203209,83,0.0
7,production_positive_clean,15..120,lgb_F0,0.6277056277056277,142.0,176.0,3480,435,10.273893506717679,13.555324555764152,-2.7430203210812394,0.4204244031830239,0.8756906077348067,45,437,754,12.215379818615258,0.5133689839572193,83,0.3253012048192771
7,production_positive_clean,15..120,week,0.6277056277056277,142.0,176.0,3480,435,12.105747126436782,17.191417265199718,-0.9149425287356322,0.6432360742705571,0.7018813314037626,206,269,754,10.537931034482758,0.8342245989304813,83,0.7831325301204819
7,production_positive_clean,45..120,last,0.6277056277056277,142.0,176.0,2610,435,24.226819923371647,33.81095743855647,5.830651340996169,0.5574324324324325,0.4661016949152542,378,262,592,18.117241379310343,0.5586592178770949,79,0.0
7,production_positive_clean,45..120,lgb_F0,0.6277056277056277,142.0,176.0,2610,435,10.60449535796215,14.03728043534885,-3.0901077010031277,0.40371621621621623,0.8722627737226277,35,353,592,12.145924596078968,0.49162011173184356,79,0.31645569620253167
7,production_positive_clean,45..120,week,0.6277056277056277,142.0,176.0,2610,435,12.239080459770115,17.557502680710083,-1.0773946360153257,0.6469594594594594,0.7158878504672898,152,209,592,10.845977011494252,0.8156424581005587,79,0.7848101265822784
7,approaching_high_load_clean,15..120,last,0.1414141414141414,142.0,176.0,784,98,23.67219387755102,30.446486175060716,7.496173469387755,0.0,,0,214,214,18.336734693877553,0.0,56,0.0
7,approaching_high_load_clean,15..120,lgb_F0,0.1414141414141414,142.0,176.0,784,98,11.297437906632473,13.991688165769778,-2.915583703377987,0.22897196261682243,0.8305084745762712,10,165,214,13.147841460208738,0.3392857142857143,56,0.3392857142857143
7,approaching_high_load_clean,15..120,week,0.1414141414141414,142.0,176.0,784,98,13.09311224489796,17.061824853952135,-2.253826530612245,0.5,0.6445783132530121,59,107,214,11.571428571428571,0.7321428571428571,56,0.7321428571428571
7,approaching_high_load_clean,45..120,last,0.1414141414141414,142.0,176.0,588,98,24.215986394557824,30.933794786025615,7.086734693877551,0.0,,0,165,165,18.275510204081634,0.0,52,0.0
7,approaching_high_load_clean,45..120,lgb_F0,0.1414141414141414,142.0,176.0,588,98,11.620885183325395,14.242570832709214,-3.3300318495794956,0.21212121212121213,0.813953488372093,8,130,165,12.843865167201958,0.3269230769230769,52,0.3269230769230769
7,approaching_high_load_clean,45..120,week,0.1414141414141414,142.0,176.0,588,98,13.28061224489796,17.136060160466563,-2.4404761904761907,0.5272727272727272,0.6590909090909091,45,78,165,11.591836734693878,0.7307692307692307,52,0.7307692307692307
