month,model,condition,n,origins,MAE,RMSE,bias,recall,precision,FP,FN,positive_slots,window_max_MAE,window_recall,onset_events,onset_recall
4,lgb_F0,production_zero,2008,251,15.059348286642827,23.003766872534072,8.154980166990983,0.0,,0,12,12,16.816246234082673,0.0,7,0.0
4,lgb_F0,production_positive,3752,469,11.571074171153466,18.47608752096862,0.46139457125886546,0.025,0.2222222222222222,7,78,80,11.51620635106804,0.05555555555555555,48,0.0625
4,last,production_zero,2008,251,9.399402390438247,20.98652574744584,-2.8824701195219125,0.0,0.0,8,12,12,12.219123505976096,0.0,7,0.0
4,last,production_positive,3752,469,21.19509594882729,30.929962495246517,4.780383795309168,0.1375,0.0859375,117,69,80,17.108742004264393,0.1111111111111111,48,0.0
4,week,production_zero,2008,251,29.34860557768924,54.64383957215352,2.3824701195219125,0.8333333333333334,0.16393442622950818,51,2,12,32.62151394422311,0.7142857142857143,7,0.7142857142857143
4,week,production_positive,3752,469,20.61993603411514,36.672570113378775,-4.4424307036247335,0.25,0.14814814814814814,115,60,80,20.699360341151387,0.5185185185185185,48,0.5
4,day,production_zero,2008,251,48.6050796812749,70.7645322453585,25.095119521912352,0.08333333333333333,0.06666666666666667,14,11,12,56.9800796812749,0.2857142857142857,7,0.2857142857142857
4,day,production_positive,3752,469,30.52132196162047,55.770575959524955,-18.58688699360341,0.4625,0.4805194805194805,40,43,80,32.865671641791046,0.6296296296296297,48,0.7083333333333334
4,hour_mean,production_zero,2008,251,10.159362549800797,22.937539691336415,-3.9213147410358564,0.0,,0,12,12,13.865537848605578,0.0,7,0.0
4,hour_mean,production_positive,3752,469,23.6102078891258,34.21350755399279,1.8853944562899787,0.0625,0.15625,27,75,80,20.483475479744136,0.037037037037037035,48,0.0
5,lgb_F0,production_zero,2464,308,7.180391426776716,14.389658998332507,1.2326456468099005,0.06451612903225806,0.6666666666666666,1,29,31,9.954537649214773,0.1,10,0.1
5,lgb_F0,production_positive,3488,436,9.301894103234345,14.472411201505562,-0.4383044151442335,0.022222222222222223,0.3333333333333333,2,44,45,9.26195846638903,0.03225806451612903,25,0.04
5,last,production_zero,2464,308,8.324269480519481,24.056793259868446,-3.7203733766233764,0.0,0.0,8,31,31,13.016233766233766,0.0,10,0.0
5,last,production_positive,3488,436,20.526662844036696,28.659935714122156,5.628727064220183,0.26666666666666666,0.11538461538461539,92,33,45,15.472477064220184,0.1935483870967742,25,0.0
5,week,production_zero,2464,308,30.502435064935064,56.517423471387616,15.25974025974026,0.22580645161290322,0.2692307692307692,19,24,31,35.70454545454545,0.4,10,0.4
5,week,production_positive,3488,436,21.479644495412845,39.68230705389073,-9.800172018348624,0.06666666666666667,0.06,47,42,45,22.229357798165136,0.0967741935483871,25,0.12
5,day,production_zero,2464,308,60.52232142857143,80.67513668145489,36.38595779220779,0.1935483870967742,0.5,6,25,31,70.07142857142857,0.2,10,0.2
5,day,production_positive,3488,436,40.82339449541284,63.223151280192965,-24.54415137614679,0.17777777777777778,0.125,56,37,45,43.727064220183486,0.2903225806451613,25,0.36
5,hour_mean,production_zero,2464,308,9.730519480519481,27.801859375593203,-5.049107142857143,0.0,,0,31,31,14.604707792207792,0.0,10,0.0
5,hour_mean,production_positive,3488,436,22.311209862385322,30.85046661134341,3.5805619266055047,0.1111111111111111,0.15625,27,40,45,18.545871559633028,0.06451612903225806,25,0.0
6,lgb_F0,production_zero,1776,222,4.418529590403998,7.332847964463407,1.3457383797898825,0.4117647058823529,0.7,6,20,34,5.845342018968978,0.45454545454545453,11,0.45454545454545453
6,lgb_F0,production_positive,3984,498,7.3907193585977025,9.674055476610894,-1.8452374856546807,0.19666666666666666,0.686046511627907,27,241,300,8.816750205023512,0.2672413793103448,77,0.22077922077922077
6,last,production_zero,1776,222,8.27759009009009,23.333618884996607,-5.26295045045045,0.0,,0,34,34,13.26126126126126,0.0,11,0.0
6,last,production_positive,3984,498,20.649598393574298,28.453618991877637,5.115461847389558,0.36333333333333334,0.2838541666666667,275,191,300,16.401606425702813,0.33620689655172414,77,0.0
6,week,production_zero,1776,222,3.0720720720720722,5.397592890262196,-1.0675675675675675,0.5588235294117647,0.6785714285714286,9,15,34,3.954954954954955,0.7272727272727273,11,0.7272727272727273
6,week,production_positive,3984,498,10.39332329317269,13.582735838239865,-3.3034638554216866,0.20333333333333334,0.32105263157894737,129,239,300,9.48995983935743,0.39655172413793105,77,0.36363636363636365
6,day,production_zero,1776,222,50.02646396396396,74.51072765740538,33.079391891891895,0.058823529411764705,0.06451612903225806,29,32,34,59.585585585585584,0.09090909090909091,11,0.09090909090909091
6,day,production_positive,3984,498,29.707329317269075,52.02022602471707,-16.194277108433734,0.25333333333333335,0.2611683848797251,215,224,300,30.69277108433735,0.49137931034482757,77,0.5324675324675324
6,hour_mean,production_zero,1776,222,9.39527027027027,26.750994550847253,-6.34740990990991,0.0,,0,34,34,14.46509009009009,0.0,11,0.0
6,hour_mean,production_positive,3984,498,22.126882530120483,30.09054275104071,2.8122489959839356,0.34,0.375,170,198,300,19.163654618473895,0.27586206896551724,77,0.07792207792207792
7,lgb_F0,production_zero,2032,254,4.044009646274737,8.297728133653832,0.15030815235914827,0.4375,0.7777777777777778,10,45,80,5.125155812666965,0.47619047619047616,20,0.5
7,lgb_F0,production_positive,3496,437,10.24951968082032,13.530666478460123,-2.728375543231332,0.31044776119402984,0.896551724137931,24,462,670,12.18148146822733,0.3559322033898305,82,0.2073170731707317
7,lgb_F0,temperature_gt30,512,64,10.62002761346856,14.200159878676645,-3.482587859074777,0.4470588235294118,0.9156626506024096,7,94,170,14.06902112177158,0.46511627906976744,15,0.2
7,last,production_zero,2032,254,9.839074803149606,25.702367840306568,-5.5674212598425195,0.0375,0.1875,13,77,80,14.236220472440944,0.047619047619047616,20,0.0
7,last,production_positive,3496,437,22.975686498855836,32.38316881383953,6.4161899313501145,0.5701492537313433,0.44212962962962965,482,288,670,17.544622425629292,0.536723163841808,82,0.0
7,last,temperature_gt30,512,64,28.107421875,42.328029831011506,8.158203125,0.6647058823529411,0.45564516129032256,135,57,170,16.8125,0.6511627906976745,15,0.0
7,week,production_zero,2032,254,5.327263779527559,13.734852071184562,1.751476377952756,0.5125,0.6949152542372882,18,39,80,6.165354330708661,0.8571428571428571,20,0.9
7,week,production_positive,3496,437,12.079805491990847,17.16074394433738,-0.8938787185354691,0.6149253731343284,0.6787479406919276,195,258,670,10.51487414187643,0.8022598870056498,82,0.7560975609756098
7,week,temperature_gt30,512,64,11.154296875,18.522948182592316,0.091796875,0.6882352941176471,0.7267080745341615,44,53,170,7.875,0.9069767441860465,15,0.8666666666666667
7,day,production_zero,2032,254,55.656496062992126,81.80845931655254,42.29035433070866,0.325,0.14689265536723164,151,54,80,66.28346456692914,0.5238095238095238,20,0.5
7,day,production_positive,3496,437,32.181350114416475,54.63227392934579,-17.23970251716247,0.5746268656716418,0.644891122278057,212,285,670,33.39588100686499,0.6892655367231638,82,0.5975609756097561
7,day,temperature_gt30,512,64,48.861328125,79.71760460760848,-10.958984375,0.6294117647058823,0.6729559748427673,52,63,170,53.15625,0.627906976744186,15,0.3333333333333333
7,hour_mean,production_zero,2032,254,10.974655511811024,28.635307001787393,-6.3420275590551185,0.0,0.0,8,80,80,15.668307086614174,0.0,20,0.0
7,hour_mean,production_positive,3496,437,24.029891304347824,32.778022231653395,3.7188215102974826,0.5223880597014925,0.5028735632183908,346,320,670,20.941075514874143,0.4519774011299435,82,0.07317073170731707
7,hour_mean,temperature_gt30,512,64,26.025390625,39.028209949663335,4.576171875,0.5588235294117647,0.475,105,75,170,19.33203125,0.5581395348837209,15,0.06666666666666667
