month,model,event_end,event_start,evaluable,detected,available_origins,lead_to_interval_start_minutes
4,F0,2021-04-01 08:30:00,2021-04-01 08:15:00,True,True,2,75.0
4,F0,2021-04-01 12:00:00,2021-04-01 11:45:00,True,True,2,105.0
4,F0,2021-04-01 13:45:00,2021-04-01 13:30:00,True,True,1,30.0
4,F0,2021-04-02 08:30:00,2021-04-02 08:15:00,True,True,2,15.0
4,F0,2021-04-02 15:00:00,2021-04-02 14:45:00,True,True,2,105.0
4,F0,2021-04-05 08:30:00,2021-04-05 08:15:00,True,True,2,75.0
4,F0,2021-04-05 12:00:00,2021-04-05 11:45:00,True,True,2,105.0
4,F0,2021-04-05 13:45:00,2021-04-05 13:30:00,True,True,1,30.0
4,F0,2021-04-06 08:30:00,2021-04-06 08:15:00,True,True,2,15.0
4,F0,2021-04-06 15:00:00,2021-04-06 14:45:00,True,True,2,105.0
4,F0,2021-04-07 08:30:00,2021-04-07 08:15:00,True,False,2,
4,F0,2021-04-07 11:45:00,2021-04-07 11:30:00,True,True,1,30.0
4,F0,2021-04-08 08:45:00,2021-04-08 08:30:00,True,True,2,90.0
4,F0,2021-04-09 08:30:00,2021-04-09 08:15:00,True,True,2,15.0
4,F0,2021-04-12 09:00:00,2021-04-12 08:45:00,True,True,2,105.0
4,F0,2021-04-12 13:15:00,2021-04-12 13:00:00,True,True,2,60.0
4,F0,2021-04-12 15:45:00,2021-04-12 15:30:00,True,True,2,90.0
4,F0,2021-04-13 09:00:00,2021-04-13 08:45:00,True,True,2,45.0
4,F0,2021-04-13 13:15:00,2021-04-13 13:00:00,True,True,2,60.0
4,F0,2021-04-13 15:45:00,2021-04-13 15:30:00,True,True,2,90.0
4,F0,2021-04-14 09:00:00,2021-04-14 08:45:00,True,True,2,45.0
4,F0,2021-04-14 13:15:00,2021-04-14 13:00:00,True,True,2,60.0
4,F0,2021-04-14 15:45:00,2021-04-14 15:30:00,True,True,2,90.0
4,F0,2021-04-15 09:00:00,2021-04-15 08:45:00,True,False,2,
4,F0,2021-04-15 13:15:00,2021-04-15 13:00:00,True,True,2,60.0
4,F0,2021-04-15 15:45:00,2021-04-15 15:30:00,True,True,2,90.0
4,F0,2021-04-16 09:00:00,2021-04-16 08:45:00,True,True,2,45.0
4,F0,2021-04-16 13:15:00,2021-04-16 13:00:00,True,True,2,60.0
4,F0,2021-04-16 15:45:00,2021-04-16 15:30:00,True,True,2,90.0
4,F1,2021-04-01 08:30:00,2021-04-01 08:15:00,True,True,2,15.0
4,F1,2021-04-01 12:00:00,2021-04-01 11:45:00,True,True,2,105.0
4,F1,2021-04-01 13:45:00,2021-04-01 13:30:00,True,True,1,30.0
4,F1,2021-04-02 08:30:00,2021-04-02 08:15:00,True,True,2,75.0
4,F1,2021-04-02 15:00:00,2021-04-02 14:45:00,True,True,2,105.0
4,F1,2021-04-05 08:30:00,2021-04-05 08:15:00,True,True,2,15.0
4,F1,2021-04-05 12:00:00,2021-04-05 11:45:00,True,True,2,105.0
4,F1,2021-04-05 13:45:00,2021-04-05 13:30:00,True,True,1,30.0
4,F1,2021-04-06 08:30:00,2021-04-06 08:15:00,True,True,2,75.0
4,F1,2021-04-06 15:00:00,2021-04-06 14:45:00,True,True,2,105.0
4,F1,2021-04-07 08:30:00,2021-04-07 08:15:00,True,True,2,15.0
4,F1,2021-04-07 11:45:00,2021-04-07 11:30:00,True,True,1,30.0
4,F1,2021-04-08 08:45:00,2021-04-08 08:30:00,True,True,2,90.0
4,F1,2021-04-09 08:30:00,2021-04-09 08:15:00,True,True,2,15.0
4,F1,2021-04-12 09:00:00,2021-04-12 08:45:00,True,True,2,45.0
4,F1,2021-04-12 13:15:00,2021-04-12 13:00:00,True,True,2,60.0
4,F1,2021-04-12 15:45:00,2021-04-12 15:30:00,True,True,2,90.0
4,F1,2021-04-13 09:00:00,2021-04-13 08:45:00,True,True,2,45.0
4,F1,2021-04-13 13:15:00,2021-04-13 13:00:00,True,True,2,60.0
4,F1,2021-04-13 15:45:00,2021-04-13 15:30:00,True,True,2,90.0
4,F1,2021-04-14 09:00:00,2021-04-14 08:45:00,True,True,2,45.0
4,F1,2021-04-14 13:15:00,2021-04-14 13:00:00,True,True,2,60.0
4,F1,2021-04-14 15:45:00,2021-04-14 15:30:00,True,True,2,90.0
4,F1,2021-04-15 09:00:00,2021-04-15 08:45:00,True,True,2,45.0
4,F1,2021-04-15 13:15:00,2021-04-15 13:00:00,True,True,2,60.0
4,F1,2021-04-15 15:45:00,2021-04-15 15:30:00,True,True,2,90.0
4,F1,2021-04-16 09:00:00,2021-04-16 08:45:00,True,True,2,45.0
4,F1,2021-04-16 13:15:00,2021-04-16 13:00:00,True,True,2,60.0
4,F1,2021-04-16 15:45:00,2021-04-16 15:30:00,True,True,2,90.0
4,day,2021-04-01 08:30:00,2021-04-01 08:15:00,True,False,2,
4,day,2021-04-01 12:00:00,2021-04-01 11:45:00,True,False,2,
4,day,2021-04-01 13:45:00,2021-04-01 13:30:00,True,False,1,
4,day,2021-04-02 08:30:00,2021-04-02 08:15:00,True,False,2,
4,day,2021-04-02 15:00:00,2021-04-02 14:45:00,True,False,2,
4,day,2021-04-05 08:30:00,2021-04-05 08:15:00,True,False,2,
4,day,2021-04-05 12:00:00,2021-04-05 11:45:00,True,False,2,
4,day,2021-04-05 13:45:00,2021-04-05 13:30:00,True,False,1,
4,day,2021-04-06 08:30:00,2021-04-06 08:15:00,True,False,2,
4,day,2021-04-06 15:00:00,2021-04-06 14:45:00,True,False,2,
4,day,2021-04-07 08:30:00,2021-04-07 08:15:00,True,False,2,
4,day,2021-04-07 11:45:00,2021-04-07 11:30:00,True,False,1,
4,day,2021-04-08 08:45:00,2021-04-08 08:30:00,True,True,2,90.0
4,day,2021-04-09 08:30:00,2021-04-09 08:15:00,True,False,2,
4,day,2021-04-12 09:00:00,2021-04-12 08:45:00,True,False,2,
4,day,2021-04-12 13:15:00,2021-04-12 13:00:00,True,False,2,
4,day,2021-04-12 15:45:00,2021-04-12 15:30:00,True,False,2,
4,day,2021-04-13 09:00:00,2021-04-13 08:45:00,True,False,2,
4,day,2021-04-13 13:15:00,2021-04-13 13:00:00,True,False,2,
4,day,2021-04-13 15:45:00,2021-04-13 15:30:00,True,False,2,
4,day,2021-04-14 09:00:00,2021-04-14 08:45:00,True,False,2,
4,day,2021-04-14 13:15:00,2021-04-14 13:00:00,True,False,2,
4,day,2021-04-14 15:45:00,2021-04-14 15:30:00,True,False,2,
4,day,2021-04-15 09:00:00,2021-04-15 08:45:00,True,False,2,
4,day,2021-04-15 13:15:00,2021-04-15 13:00:00,True,False,2,
4,day,2021-04-15 15:45:00,2021-04-15 15:30:00,True,False,2,
4,day,2021-04-16 09:00:00,2021-04-16 08:45:00,True,False,2,
4,day,2021-04-16 13:15:00,2021-04-16 13:00:00,True,False,2,
4,day,2021-04-16 15:45:00,2021-04-16 15:30:00,True,False,2,
4,week,2021-04-01 08:30:00,2021-04-01 08:15:00,True,False,2,
4,week,2021-04-01 12:00:00,2021-04-01 11:45:00,True,False,2,
4,week,2021-04-01 13:45:00,2021-04-01 13:30:00,True,False,1,
4,week,2021-04-02 08:30:00,2021-04-02 08:15:00,True,False,2,
4,week,2021-04-02 15:00:00,2021-04-02 14:45:00,True,False,2,
4,week,2021-04-05 08:30:00,2021-04-05 08:15:00,True,True,2,75.0
4,week,2021-04-05 12:00:00,2021-04-05 11:45:00,True,True,2,105.0
4,week,2021-04-05 13:45:00,2021-04-05 13:30:00,True,True,1,30.0
4,week,2021-04-06 08:30:00,2021-04-06 08:15:00,True,True,2,75.0
4,week,2021-04-06 15:00:00,2021-04-06 14:45:00,True,False,2,
4,week,2021-04-07 08:30:00,2021-04-07 08:15:00,True,False,2,
4,week,2021-04-07 11:45:00,2021-04-07 11:30:00,True,False,1,
4,week,2021-04-08 08:45:00,2021-04-08 08:30:00,True,False,2,
4,week,2021-04-09 08:30:00,2021-04-09 08:15:00,True,False,2,
4,week,2021-04-12 09:00:00,2021-04-12 08:45:00,True,False,2,
4,week,2021-04-12 13:15:00,2021-04-12 13:00:00,True,False,2,
4,week,2021-04-12 15:45:00,2021-04-12 15:30:00,True,False,2,
4,week,2021-04-13 09:00:00,2021-04-13 08:45:00,True,False,2,
4,week,2021-04-13 13:15:00,2021-04-13 13:00:00,True,False,2,
4,week,2021-04-13 15:45:00,2021-04-13 15:30:00,True,False,2,
4,week,2021-04-14 09:00:00,2021-04-14 08:45:00,True,True,2,105.0
4,week,2021-04-14 13:15:00,2021-04-14 13:00:00,True,False,2,
4,week,2021-04-14 15:45:00,2021-04-14 15:30:00,True,False,2,
4,week,2021-04-15 09:00:00,2021-04-15 08:45:00,True,False,2,
4,week,2021-04-15 13:15:00,2021-04-15 13:00:00,True,False,2,
4,week,2021-04-15 15:45:00,2021-04-15 15:30:00,True,False,2,
4,week,2021-04-16 09:00:00,2021-04-16 08:45:00,True,False,2,
4,week,2021-04-16 13:15:00,2021-04-16 13:00:00,True,False,2,
4,week,2021-04-16 15:45:00,2021-04-16 15:30:00,True,False,2,
5,F0,2021-05-03 08:30:00,2021-05-03 08:15:00,True,True,2,75.0
5,F0,2021-05-03 12:00:00,2021-05-03 11:45:00,True,True,2,105.0
5,F0,2021-05-03 13:15:00,2021-05-03 13:00:00,True,True,1,0.0
5,F0,2021-05-04 08:30:00,2021-05-04 08:15:00,True,True,2,15.0
5,F0,2021-05-04 09:45:00,2021-05-04 09:30:00,True,True,1,30.0
5,F0,2021-05-04 11:15:00,2021-05-04 11:00:00,True,True,2,60.0
5,F0,2021-05-04 15:00:00,2021-05-04 14:45:00,True,True,2,105.0
5,F0,2021-05-04 15:45:00,2021-05-04 15:30:00,False,False,0,
5,F0,2021-05-06 08:30:00,2021-05-06 08:15:00,True,True,2,15.0
5,F0,2021-05-06 11:00:00,2021-05-06 10:45:00,False,False,0,
5,F0,2021-05-06 11:45:00,2021-05-06 11:30:00,False,False,0,
5,F0,2021-05-07 08:45:00,2021-05-07 08:30:00,True,True,2,90.0
5,F0,2021-05-09 08:30:00,2021-05-09 08:15:00,True,False,2,
5,F0,2021-05-10 08:30:00,2021-05-10 08:15:00,True,False,2,
5,F0,2021-05-11 08:45:00,2021-05-11 08:30:00,True,False,2,
5,F0,2021-05-11 10:00:00,2021-05-11 09:45:00,True,True,1,45.0
5,F0,2021-05-11 13:15:00,2021-05-11 13:00:00,True,True,2,60.0
5,F0,2021-05-12 08:30:00,2021-05-12 08:15:00,True,True,2,15.0
5,F0,2021-05-12 11:30:00,2021-05-12 11:15:00,True,True,2,75.0
5,F0,2021-05-12 13:30:00,2021-05-12 13:15:00,True,True,2,15.0
5,F0,2021-05-12 14:00:00,2021-05-12 13:45:00,False,False,0,
5,F0,2021-05-17 08:30:00,2021-05-17 08:15:00,True,True,2,75.0
5,F0,2021-05-17 09:00:00,2021-05-17 08:45:00,False,False,0,
5,F0,2021-05-17 10:45:00,2021-05-17 10:30:00,True,True,1,30.0
5,F0,2021-05-17 12:00:00,2021-05-17 11:45:00,False,False,0,
5,F0,2021-05-18 09:00:00,2021-05-18 08:45:00,True,True,2,45.0
5,F0,2021-05-18 13:15:00,2021-05-18 13:00:00,True,True,2,60.0
5,F0,2021-05-18 15:45:00,2021-05-18 15:30:00,True,True,2,90.0
5,F0,2021-05-20 11:45:00,2021-05-20 11:30:00,True,False,2,
5,F0,2021-05-20 13:15:00,2021-05-20 13:00:00,True,True,2,60.0
5,F1,2021-05-03 08:30:00,2021-05-03 08:15:00,True,True,2,75.0
5,F1,2021-05-03 12:00:00,2021-05-03 11:45:00,True,True,2,105.0
5,F1,2021-05-03 13:15:00,2021-05-03 13:00:00,True,True,1,0.0
5,F1,2021-05-04 08:30:00,2021-05-04 08:15:00,True,True,2,75.0
5,F1,2021-05-04 09:45:00,2021-05-04 09:30:00,True,True,1,30.0
5,F1,2021-05-04 11:15:00,2021-05-04 11:00:00,True,True,2,60.0
5,F1,2021-05-04 15:00:00,2021-05-04 14:45:00,True,True,2,105.0
5,F1,2021-05-04 15:45:00,2021-05-04 15:30:00,False,False,0,
5,F1,2021-05-06 08:30:00,2021-05-06 08:15:00,True,True,2,75.0
5,F1,2021-05-06 11:00:00,2021-05-06 10:45:00,False,False,0,
5,F1,2021-05-06 11:45:00,2021-05-06 11:30:00,False,False,0,
5,F1,2021-05-07 08:45:00,2021-05-07 08:30:00,True,True,2,90.0
5,F1,2021-05-09 08:30:00,2021-05-09 08:15:00,True,True,2,15.0
5,F1,2021-05-10 08:30:00,2021-05-10 08:15:00,True,True,2,15.0
5,F1,2021-05-11 08:45:00,2021-05-11 08:30:00,True,True,2,30.0
5,F1,2021-05-11 10:00:00,2021-05-11 09:45:00,True,False,1,
5,F1,2021-05-11 13:15:00,2021-05-11 13:00:00,True,True,2,60.0
5,F1,2021-05-12 08:30:00,2021-05-12 08:15:00,True,True,2,15.0
5,F1,2021-05-12 11:30:00,2021-05-12 11:15:00,True,False,2,
5,F1,2021-05-12 13:30:00,2021-05-12 13:15:00,True,True,2,15.0
5,F1,2021-05-12 14:00:00,2021-05-12 13:45:00,False,False,0,
5,F1,2021-05-17 08:30:00,2021-05-17 08:15:00,True,True,2,75.0
5,F1,2021-05-17 09:00:00,2021-05-17 08:45:00,False,False,0,
5,F1,2021-05-17 10:45:00,2021-05-17 10:30:00,True,True,1,30.0
5,F1,2021-05-17 12:00:00,2021-05-17 11:45:00,False,False,0,
5,F1,2021-05-18 09:00:00,2021-05-18 08:45:00,True,True,2,105.0
5,F1,2021-05-18 13:15:00,2021-05-18 13:00:00,True,True,2,60.0
5,F1,2021-05-18 15:45:00,2021-05-18 15:30:00,True,True,2,90.0
5,F1,2021-05-20 11:45:00,2021-05-20 11:30:00,True,True,2,90.0
5,F1,2021-05-20 13:15:00,2021-05-20 13:00:00,True,True,2,60.0
5,day,2021-05-03 08:30:00,2021-05-03 08:15:00,True,False,2,
5,day,2021-05-03 12:00:00,2021-05-03 11:45:00,True,False,2,
5,day,2021-05-03 13:15:00,2021-05-03 13:00:00,True,False,1,
5,day,2021-05-04 08:30:00,2021-05-04 08:15:00,True,True,2,75.0
5,day,2021-05-04 09:45:00,2021-05-04 09:30:00,True,True,1,30.0
5,day,2021-05-04 11:15:00,2021-05-04 11:00:00,True,True,2,60.0
5,day,2021-05-04 15:00:00,2021-05-04 14:45:00,True,True,2,105.0
5,day,2021-05-04 15:45:00,2021-05-04 15:30:00,False,False,0,
5,day,2021-05-06 08:30:00,2021-05-06 08:15:00,True,False,2,
5,day,2021-05-06 11:00:00,2021-05-06 10:45:00,False,False,0,
5,day,2021-05-06 11:45:00,2021-05-06 11:30:00,False,False,0,
5,day,2021-05-07 08:45:00,2021-05-07 08:30:00,True,True,2,90.0
5,day,2021-05-09 08:30:00,2021-05-09 08:15:00,True,False,2,
5,day,2021-05-10 08:30:00,2021-05-10 08:15:00,True,True,2,75.0
5,day,2021-05-11 08:45:00,2021-05-11 08:30:00,True,True,2,90.0
5,day,2021-05-11 10:00:00,2021-05-11 09:45:00,True,False,1,
5,day,2021-05-11 13:15:00,2021-05-11 13:00:00,True,False,2,
5,day,2021-05-12 08:30:00,2021-05-12 08:15:00,True,True,2,75.0
5,day,2021-05-12 11:30:00,2021-05-12 11:15:00,True,False,2,
5,day,2021-05-12 13:30:00,2021-05-12 13:15:00,True,True,2,75.0
5,day,2021-05-12 14:00:00,2021-05-12 13:45:00,False,False,0,
5,day,2021-05-17 08:30:00,2021-05-17 08:15:00,True,False,2,
5,day,2021-05-17 09:00:00,2021-05-17 08:45:00,False,False,0,
5,day,2021-05-17 10:45:00,2021-05-17 10:30:00,True,False,1,
5,day,2021-05-17 12:00:00,2021-05-17 11:45:00,False,False,0,
5,day,2021-05-18 09:00:00,2021-05-18 08:45:00,True,True,2,105.0
5,day,2021-05-18 13:15:00,2021-05-18 13:00:00,True,True,2,0.0
5,day,2021-05-18 15:45:00,2021-05-18 15:30:00,True,True,2,90.0
5,day,2021-05-20 11:45:00,2021-05-20 11:30:00,True,False,2,
5,day,2021-05-20 13:15:00,2021-05-20 13:00:00,True,False,2,
5,week,2021-05-03 08:30:00,2021-05-03 08:15:00,True,False,2,
5,week,2021-05-03 12:00:00,2021-05-03 11:45:00,True,False,2,
5,week,2021-05-03 13:15:00,2021-05-03 13:00:00,True,False,1,
5,week,2021-05-04 08:30:00,2021-05-04 08:15:00,True,False,2,
5,week,2021-05-04 09:45:00,2021-05-04 09:30:00,True,False,1,
5,week,2021-05-04 11:15:00,2021-05-04 11:00:00,True,False,2,
5,week,2021-05-04 15:00:00,2021-05-04 14:45:00,True,False,2,
5,week,2021-05-04 15:45:00,2021-05-04 15:30:00,False,False,0,
5,week,2021-05-06 08:30:00,2021-05-06 08:15:00,True,False,2,
5,week,2021-05-06 11:00:00,2021-05-06 10:45:00,False,False,0,
5,week,2021-05-06 11:45:00,2021-05-06 11:30:00,False,False,0,
5,week,2021-05-07 08:45:00,2021-05-07 08:30:00,True,False,2,
5,week,2021-05-09 08:30:00,2021-05-09 08:15:00,True,False,2,
5,week,2021-05-10 08:30:00,2021-05-10 08:15:00,True,True,2,75.0
5,week,2021-05-11 08:45:00,2021-05-11 08:30:00,True,True,2,90.0
5,week,2021-05-11 10:00:00,2021-05-11 09:45:00,True,False,1,
5,week,2021-05-11 13:15:00,2021-05-11 13:00:00,True,True,2,0.0
5,week,2021-05-12 08:30:00,2021-05-12 08:15:00,True,False,2,
5,week,2021-05-12 11:30:00,2021-05-12 11:15:00,True,False,2,
5,week,2021-05-12 13:30:00,2021-05-12 13:15:00,True,False,2,
5,week,2021-05-12 14:00:00,2021-05-12 13:45:00,False,False,0,
5,week,2021-05-17 08:30:00,2021-05-17 08:15:00,True,True,2,75.0
5,week,2021-05-17 09:00:00,2021-05-17 08:45:00,False,False,0,
5,week,2021-05-17 10:45:00,2021-05-17 10:30:00,True,False,1,
5,week,2021-05-17 12:00:00,2021-05-17 11:45:00,False,False,0,
5,week,2021-05-18 09:00:00,2021-05-18 08:45:00,True,False,2,
5,week,2021-05-18 13:15:00,2021-05-18 13:00:00,True,True,2,60.0
5,week,2021-05-18 15:45:00,2021-05-18 15:30:00,True,False,2,
5,week,2021-05-20 11:45:00,2021-05-20 11:30:00,True,False,2,
5,week,2021-05-20 13:15:00,2021-05-20 13:00:00,True,False,2,
6,F0,2021-06-01 08:30:00,2021-06-01 08:15:00,True,True,2,75.0
6,F0,2021-06-01 10:00:00,2021-06-01 09:45:00,False,False,0,
6,F0,2021-06-01 10:30:00,2021-06-01 10:15:00,False,False,0,
6,F0,2021-06-01 13:45:00,2021-06-01 13:30:00,True,True,2,90.0
6,F0,2021-06-02 09:00:00,2021-06-02 08:45:00,True,True,2,105.0
6,F0,2021-06-02 09:30:00,2021-06-02 09:15:00,False,False,0,
6,F0,2021-06-02 10:30:00,2021-06-02 10:15:00,False,False,0,
6,F0,2021-06-02 13:15:00,2021-06-02 13:00:00,True,True,2,60.0
6,F0,2021-06-02 14:45:00,2021-06-02 14:30:00,False,False,0,
6,F0,2021-06-03 08:30:00,2021-06-03 08:15:00,True,True,2,75.0
6,F0,2021-06-07 08:45:00,2021-06-07 08:30:00,True,True,2,90.0
6,F0,2021-06-07 10:30:00,2021-06-07 10:15:00,True,True,1,15.0
6,F0,2021-06-07 13:45:00,2021-06-07 13:30:00,True,True,2,90.0
6,F0,2021-06-07 14:30:00,2021-06-07 14:15:00,True,True,1,15.0
6,F0,2021-06-08 15:00:00,2021-06-08 14:45:00,True,True,2,105.0
6,F0,2021-06-08 16:00:00,2021-06-08 15:45:00,False,False,0,
6,F0,2021-06-09 09:30:00,2021-06-09 09:15:00,True,True,2,75.0
6,F0,2021-06-09 10:30:00,2021-06-09 10:15:00,True,True,1,15.0
6,F0,2021-06-09 11:45:00,2021-06-09 11:30:00,True,True,1,30.0
6,F0,2021-06-09 14:00:00,2021-06-09 13:45:00,True,True,2,105.0
6,F0,2021-06-10 10:45:00,2021-06-10 10:30:00,True,True,2,90.0
6,F0,2021-06-14 08:45:00,2021-06-14 08:30:00,True,True,2,90.0
6,F0,2021-06-14 10:00:00,2021-06-14 09:45:00,False,False,0,
6,F0,2021-06-14 10:30:00,2021-06-14 10:15:00,False,False,0,
6,F0,2021-06-14 11:30:00,2021-06-14 11:15:00,True,True,1,15.0
6,F0,2021-06-14 13:30:00,2021-06-14 13:15:00,True,True,2,75.0
6,F0,2021-06-14 15:00:00,2021-06-14 14:45:00,False,False,0,
6,F0,2021-06-14 15:30:00,2021-06-14 15:15:00,False,False,0,
6,F0,2021-06-14 18:00:00,2021-06-14 17:45:00,True,True,1,45.0
6,F0,2021-06-15 08:15:00,2021-06-15 08:00:00,True,True,2,60.0
6,F0,2021-06-15 10:45:00,2021-06-15 10:30:00,False,False,0,
6,F0,2021-06-15 11:30:00,2021-06-15 11:15:00,True,True,1,15.0
6,F0,2021-06-15 12:00:00,2021-06-15 11:45:00,False,False,0,
6,F0,2021-06-15 13:30:00,2021-06-15 13:15:00,True,True,1,15.0
6,F0,2021-06-15 14:15:00,2021-06-15 14:00:00,True,True,1,0.0
6,F0,2021-06-15 16:00:00,2021-06-15 15:45:00,True,True,1,45.0
6,F0,2021-06-15 16:45:00,2021-06-15 16:30:00,False,False,0,
6,F0,2021-06-16 08:30:00,2021-06-16 08:15:00,True,True,2,75.0
6,F0,2021-06-16 09:45:00,2021-06-16 09:30:00,True,True,1,30.0
6,F0,2021-06-16 10:30:00,2021-06-16 10:15:00,False,False,0,
6,F0,2021-06-16 15:30:00,2021-06-16 15:15:00,True,True,2,75.0
6,F0,2021-06-16 16:45:00,2021-06-16 16:30:00,True,True,1,30.0
6,F0,2021-06-16 18:00:00,2021-06-16 17:45:00,True,True,1,45.0
6,F0,2021-06-17 08:15:00,2021-06-17 08:00:00,True,True,2,60.0
6,F0,2021-06-17 10:00:00,2021-06-17 09:45:00,False,False,0,
6,F0,2021-06-17 10:45:00,2021-06-17 10:30:00,False,False,0,
6,F0,2021-06-17 11:15:00,2021-06-17 11:00:00,True,True,1,0.0
6,F0,2021-06-17 13:30:00,2021-06-17 13:15:00,True,True,1,15.0
6,F0,2021-06-17 14:30:00,2021-06-17 14:15:00,False,False,0,
6,F0,2021-06-17 15:30:00,2021-06-17 15:15:00,False,False,0,
6,F0,2021-06-17 18:45:00,2021-06-17 18:30:00,True,True,2,90.0
6,F0,2021-06-18 09:00:00,2021-06-18 08:45:00,True,True,2,105.0
6,F0,2021-06-18 10:00:00,2021-06-18 09:45:00,False,False,0,
6,F0,2021-06-18 10:30:00,2021-06-18 10:15:00,False,False,0,
6,F0,2021-06-18 11:30:00,2021-06-18 11:15:00,True,True,1,15.0
6,F0,2021-06-18 13:30:00,2021-06-18 13:15:00,True,True,1,15.0
6,F0,2021-06-21 08:30:00,2021-06-21 08:15:00,True,True,2,75.0
6,F0,2021-06-21 10:30:00,2021-06-21 10:15:00,False,False,0,
6,F0,2021-06-21 11:45:00,2021-06-21 11:30:00,False,False,0,
6,F0,2021-06-21 13:15:00,2021-06-21 13:00:00,True,True,1,0.0
6,F0,2021-06-21 15:45:00,2021-06-21 15:30:00,False,False,0,
6,F0,2021-06-22 09:00:00,2021-06-22 08:45:00,True,True,2,105.0
6,F0,2021-06-22 09:30:00,2021-06-22 09:15:00,False,False,0,
6,F0,2021-06-22 10:45:00,2021-06-22 10:30:00,True,True,1,30.0
6,F0,2021-06-22 11:45:00,2021-06-22 11:30:00,False,False,0,
6,F0,2021-06-22 14:00:00,2021-06-22 13:45:00,True,True,2,105.0
6,F0,2021-06-24 08:30:00,2021-06-24 08:15:00,True,True,2,75.0
6,F0,2021-06-24 13:45:00,2021-06-24 13:30:00,True,True,2,90.0
6,F0,2021-06-24 16:00:00,2021-06-24 15:45:00,True,True,1,45.0
6,F0,2021-06-25 09:45:00,2021-06-25 09:30:00,True,True,2,90.0
6,F0,2021-06-25 10:30:00,2021-06-25 10:15:00,True,True,1,15.0
6,F0,2021-06-25 13:15:00,2021-06-25 13:00:00,True,True,1,0.0
6,F0,2021-06-25 14:15:00,2021-06-25 14:00:00,True,True,1,0.0
6,F0,2021-06-25 15:00:00,2021-06-25 14:45:00,False,False,0,
6,F0,2021-06-25 15:30:00,2021-06-25 15:15:00,False,False,0,
6,F0,2021-06-25 17:00:00,2021-06-25 16:45:00,False,False,0,
6,F0,2021-06-25 18:00:00,2021-06-25 17:45:00,False,False,0,
6,F0,2021-06-28 08:45:00,2021-06-28 08:30:00,True,True,2,90.0
6,F0,2021-06-28 10:30:00,2021-06-28 10:15:00,True,True,1,15.0
6,F0,2021-06-28 11:15:00,2021-06-28 11:00:00,True,True,1,0.0
6,F0,2021-06-28 13:30:00,2021-06-28 13:15:00,True,True,1,15.0
6,F0,2021-06-28 14:45:00,2021-06-28 14:30:00,False,False,0,
6,F0,2021-06-28 15:30:00,2021-06-28 15:15:00,False,False,0,
6,F0,2021-06-28 18:00:00,2021-06-28 17:45:00,True,True,1,45.0
6,F0,2021-06-29 08:15:00,2021-06-29 08:00:00,True,True,2,60.0
6,F0,2021-06-29 11:15:00,2021-06-29 11:00:00,True,True,1,0.0
6,F0,2021-06-29 13:15:00,2021-06-29 13:00:00,True,True,1,0.0
6,F0,2021-06-29 14:30:00,2021-06-29 14:15:00,False,False,0,
6,F0,2021-06-29 15:30:00,2021-06-29 15:15:00,False,False,0,
6,F0,2021-06-29 19:15:00,2021-06-29 19:00:00,True,True,2,60.0
6,F0,2021-06-30 08:30:00,2021-06-30 08:15:00,True,True,2,75.0
6,F0,2021-06-30 14:00:00,2021-06-30 13:45:00,True,True,2,105.0
6,F0,2021-06-30 15:45:00,2021-06-30 15:30:00,True,True,1,30.0
6,F0,2021-06-30 17:45:00,2021-06-30 17:30:00,True,True,2,90.0
6,F1,2021-06-01 08:30:00,2021-06-01 08:15:00,True,True,2,75.0
6,F1,2021-06-01 10:00:00,2021-06-01 09:45:00,False,False,0,
6,F1,2021-06-01 10:30:00,2021-06-01 10:15:00,False,False,0,
6,F1,2021-06-01 13:45:00,2021-06-01 13:30:00,True,True,2,90.0
6,F1,2021-06-02 09:00:00,2021-06-02 08:45:00,True,True,2,105.0
6,F1,2021-06-02 09:30:00,2021-06-02 09:15:00,False,False,0,
6,F1,2021-06-02 10:30:00,2021-06-02 10:15:00,False,False,0,
6,F1,2021-06-02 13:15:00,2021-06-02 13:00:00,True,True,2,60.0
6,F1,2021-06-02 14:45:00,2021-06-02 14:30:00,False,False,0,
6,F1,2021-06-03 08:30:00,2021-06-03 08:15:00,True,True,2,75.0
6,F1,2021-06-07 08:45:00,2021-06-07 08:30:00,True,True,2,90.0
6,F1,2021-06-07 10:30:00,2021-06-07 10:15:00,True,True,1,15.0
6,F1,2021-06-07 13:45:00,2021-06-07 13:30:00,True,True,2,90.0
6,F1,2021-06-07 14:30:00,2021-06-07 14:15:00,True,True,1,15.0
6,F1,2021-06-08 15:00:00,2021-06-08 14:45:00,True,True,2,105.0
6,F1,2021-06-08 16:00:00,2021-06-08 15:45:00,False,False,0,
6,F1,2021-06-09 09:30:00,2021-06-09 09:15:00,True,True,2,75.0
6,F1,2021-06-09 10:30:00,2021-06-09 10:15:00,True,True,1,15.0
6,F1,2021-06-09 11:45:00,2021-06-09 11:30:00,True,True,1,30.0
6,F1,2021-06-09 14:00:00,2021-06-09 13:45:00,True,True,2,105.0
6,F1,2021-06-10 10:45:00,2021-06-10 10:30:00,True,True,2,90.0
6,F1,2021-06-14 08:45:00,2021-06-14 08:30:00,True,True,2,90.0
6,F1,2021-06-14 10:00:00,2021-06-14 09:45:00,False,False,0,
6,F1,2021-06-14 10:30:00,2021-06-14 10:15:00,False,False,0,
6,F1,2021-06-14 11:30:00,2021-06-14 11:15:00,True,True,1,15.0
6,F1,2021-06-14 13:30:00,2021-06-14 13:15:00,True,True,2,75.0
6,F1,2021-06-14 15:00:00,2021-06-14 14:45:00,False,False,0,
6,F1,2021-06-14 15:30:00,2021-06-14 15:15:00,False,False,0,
6,F1,2021-06-14 18:00:00,2021-06-14 17:45:00,True,True,1,45.0
6,F1,2021-06-15 08:15:00,2021-06-15 08:00:00,True,True,2,60.0
6,F1,2021-06-15 10:45:00,2021-06-15 10:30:00,False,False,0,
6,F1,2021-06-15 11:30:00,2021-06-15 11:15:00,True,True,1,15.0
6,F1,2021-06-15 12:00:00,2021-06-15 11:45:00,False,False,0,
6,F1,2021-06-15 13:30:00,2021-06-15 13:15:00,True,True,1,15.0
6,F1,2021-06-15 14:15:00,2021-06-15 14:00:00,True,True,1,0.0
6,F1,2021-06-15 16:00:00,2021-06-15 15:45:00,True,True,1,45.0
6,F1,2021-06-15 16:45:00,2021-06-15 16:30:00,False,False,0,
6,F1,2021-06-16 08:30:00,2021-06-16 08:15:00,True,True,2,75.0
6,F1,2021-06-16 09:45:00,2021-06-16 09:30:00,True,True,1,30.0
6,F1,2021-06-16 10:30:00,2021-06-16 10:15:00,False,False,0,
6,F1,2021-06-16 15:30:00,2021-06-16 15:15:00,True,True,2,75.0
6,F1,2021-06-16 16:45:00,2021-06-16 16:30:00,True,True,1,30.0
6,F1,2021-06-16 18:00:00,2021-06-16 17:45:00,True,True,1,45.0
6,F1,2021-06-17 08:15:00,2021-06-17 08:00:00,True,True,2,60.0
6,F1,2021-06-17 10:00:00,2021-06-17 09:45:00,False,False,0,
6,F1,2021-06-17 10:45:00,2021-06-17 10:30:00,False,False,0,
6,F1,2021-06-17 11:15:00,2021-06-17 11:00:00,True,True,1,0.0
6,F1,2021-06-17 13:30:00,2021-06-17 13:15:00,True,True,1,15.0
6,F1,2021-06-17 14:30:00,2021-06-17 14:15:00,False,False,0,
6,F1,2021-06-17 15:30:00,2021-06-17 15:15:00,False,False,0,
6,F1,2021-06-17 18:45:00,2021-06-17 18:30:00,True,True,2,90.0
6,F1,2021-06-18 09:00:00,2021-06-18 08:45:00,True,True,2,105.0
6,F1,2021-06-18 10:00:00,2021-06-18 09:45:00,False,False,0,
6,F1,2021-06-18 10:30:00,2021-06-18 10:15:00,False,False,0,
6,F1,2021-06-18 11:30:00,2021-06-18 11:15:00,True,True,1,15.0
6,F1,2021-06-18 13:30:00,2021-06-18 13:15:00,True,True,1,15.0
6,F1,2021-06-21 08:30:00,2021-06-21 08:15:00,True,True,2,75.0
6,F1,2021-06-21 10:30:00,2021-06-21 10:15:00,False,False,0,
6,F1,2021-06-21 11:45:00,2021-06-21 11:30:00,False,False,0,
6,F1,2021-06-21 13:15:00,2021-06-21 13:00:00,True,True,1,0.0
6,F1,2021-06-21 15:45:00,2021-06-21 15:30:00,False,False,0,
6,F1,2021-06-22 09:00:00,2021-06-22 08:45:00,True,True,2,105.0
6,F1,2021-06-22 09:30:00,2021-06-22 09:15:00,False,False,0,
6,F1,2021-06-22 10:45:00,2021-06-22 10:30:00,True,True,1,30.0
6,F1,2021-06-22 11:45:00,2021-06-22 11:30:00,False,False,0,
6,F1,2021-06-22 14:00:00,2021-06-22 13:45:00,True,True,2,105.0
6,F1,2021-06-24 08:30:00,2021-06-24 08:15:00,True,True,2,75.0
6,F1,2021-06-24 13:45:00,2021-06-24 13:30:00,True,True,2,90.0
6,F1,2021-06-24 16:00:00,2021-06-24 15:45:00,True,True,1,45.0
6,F1,2021-06-25 09:45:00,2021-06-25 09:30:00,True,True,2,90.0
6,F1,2021-06-25 10:30:00,2021-06-25 10:15:00,True,True,1,15.0
6,F1,2021-06-25 13:15:00,2021-06-25 13:00:00,True,True,1,0.0
6,F1,2021-06-25 14:15:00,2021-06-25 14:00:00,True,True,1,0.0
6,F1,2021-06-25 15:00:00,2021-06-25 14:45:00,False,False,0,
6,F1,2021-06-25 15:30:00,2021-06-25 15:15:00,False,False,0,
6,F1,2021-06-25 17:00:00,2021-06-25 16:45:00,False,False,0,
6,F1,2021-06-25 18:00:00,2021-06-25 17:45:00,False,False,0,
6,F1,2021-06-28 08:45:00,2021-06-28 08:30:00,True,True,2,90.0
6,F1,2021-06-28 10:30:00,2021-06-28 10:15:00,True,True,1,15.0
6,F1,2021-06-28 11:15:00,2021-06-28 11:00:00,True,True,1,0.0
6,F1,2021-06-28 13:30:00,2021-06-28 13:15:00,True,True,1,15.0
6,F1,2021-06-28 14:45:00,2021-06-28 14:30:00,False,False,0,
6,F1,2021-06-28 15:30:00,2021-06-28 15:15:00,False,False,0,
6,F1,2021-06-28 18:00:00,2021-06-28 17:45:00,True,True,1,45.0
6,F1,2021-06-29 08:15:00,2021-06-29 08:00:00,True,True,2,60.0
6,F1,2021-06-29 11:15:00,2021-06-29 11:00:00,True,True,1,0.0
6,F1,2021-06-29 13:15:00,2021-06-29 13:00:00,True,True,1,0.0
6,F1,2021-06-29 14:30:00,2021-06-29 14:15:00,False,False,0,
6,F1,2021-06-29 15:30:00,2021-06-29 15:15:00,False,False,0,
6,F1,2021-06-29 19:15:00,2021-06-29 19:00:00,True,True,2,60.0
6,F1,2021-06-30 08:30:00,2021-06-30 08:15:00,True,True,2,75.0
6,F1,2021-06-30 14:00:00,2021-06-30 13:45:00,True,True,2,105.0
6,F1,2021-06-30 15:45:00,2021-06-30 15:30:00,True,True,1,30.0
6,F1,2021-06-30 17:45:00,2021-06-30 17:30:00,True,True,2,90.0
6,day,2021-06-01 08:30:00,2021-06-01 08:15:00,True,False,2,
6,day,2021-06-01 10:00:00,2021-06-01 09:45:00,False,False,0,
6,day,2021-06-01 10:30:00,2021-06-01 10:15:00,False,False,0,
6,day,2021-06-01 13:45:00,2021-06-01 13:30:00,True,False,2,
6,day,2021-06-02 09:00:00,2021-06-02 08:45:00,True,True,2,105.0
6,day,2021-06-02 09:30:00,2021-06-02 09:15:00,False,False,0,
6,day,2021-06-02 10:30:00,2021-06-02 10:15:00,False,False,0,
6,day,2021-06-02 13:15:00,2021-06-02 13:00:00,True,True,2,60.0
6,day,2021-06-02 14:45:00,2021-06-02 14:30:00,False,False,0,
6,day,2021-06-03 08:30:00,2021-06-03 08:15:00,True,True,2,75.0
6,day,2021-06-07 08:45:00,2021-06-07 08:30:00,True,False,2,
6,day,2021-06-07 10:30:00,2021-06-07 10:15:00,True,False,1,
6,day,2021-06-07 13:45:00,2021-06-07 13:30:00,True,False,2,
6,day,2021-06-07 14:30:00,2021-06-07 14:15:00,True,False,1,
6,day,2021-06-08 15:00:00,2021-06-08 14:45:00,True,True,2,105.0
6,day,2021-06-08 16:00:00,2021-06-08 15:45:00,False,False,0,
6,day,2021-06-09 09:30:00,2021-06-09 09:15:00,True,False,2,
6,day,2021-06-09 10:30:00,2021-06-09 10:15:00,True,False,1,
6,day,2021-06-09 11:45:00,2021-06-09 11:30:00,True,False,1,
6,day,2021-06-09 14:00:00,2021-06-09 13:45:00,True,False,2,
6,day,2021-06-10 10:45:00,2021-06-10 10:30:00,True,True,2,90.0
6,day,2021-06-14 08:45:00,2021-06-14 08:30:00,True,False,2,
6,day,2021-06-14 10:00:00,2021-06-14 09:45:00,False,False,0,
6,day,2021-06-14 10:30:00,2021-06-14 10:15:00,False,False,0,
6,day,2021-06-14 11:30:00,2021-06-14 11:15:00,True,False,1,
6,day,2021-06-14 13:30:00,2021-06-14 13:15:00,True,False,2,
6,day,2021-06-14 15:00:00,2021-06-14 14:45:00,False,False,0,
6,day,2021-06-14 15:30:00,2021-06-14 15:15:00,False,False,0,
6,day,2021-06-14 18:00:00,2021-06-14 17:45:00,True,False,1,
6,day,2021-06-15 08:15:00,2021-06-15 08:00:00,True,True,2,60.0
6,day,2021-06-15 10:45:00,2021-06-15 10:30:00,False,False,0,
6,day,2021-06-15 11:30:00,2021-06-15 11:15:00,True,True,1,15.0
6,day,2021-06-15 12:00:00,2021-06-15 11:45:00,False,False,0,
6,day,2021-06-15 13:30:00,2021-06-15 13:15:00,True,True,1,15.0
6,day,2021-06-15 14:15:00,2021-06-15 14:00:00,True,True,1,0.0
6,day,2021-06-15 16:00:00,2021-06-15 15:45:00,True,True,1,45.0
6,day,2021-06-15 16:45:00,2021-06-15 16:30:00,False,False,0,
6,day,2021-06-16 08:30:00,2021-06-16 08:15:00,True,True,2,75.0
6,day,2021-06-16 09:45:00,2021-06-16 09:30:00,True,True,1,30.0
6,day,2021-06-16 10:30:00,2021-06-16 10:15:00,False,False,0,
6,day,2021-06-16 15:30:00,2021-06-16 15:15:00,True,True,2,75.0
6,day,2021-06-16 16:45:00,2021-06-16 16:30:00,True,True,1,30.0
6,day,2021-06-16 18:00:00,2021-06-16 17:45:00,True,False,1,
6,day,2021-06-17 08:15:00,2021-06-17 08:00:00,True,True,2,60.0
6,day,2021-06-17 10:00:00,2021-06-17 09:45:00,False,False,0,
6,day,2021-06-17 10:45:00,2021-06-17 10:30:00,False,False,0,
6,day,2021-06-17 11:15:00,2021-06-17 11:00:00,True,True,1,0.0
6,day,2021-06-17 13:30:00,2021-06-17 13:15:00,True,False,1,
6,day,2021-06-17 14:30:00,2021-06-17 14:15:00,False,False,0,
6,day,2021-06-17 15:30:00,2021-06-17 15:15:00,False,False,0,
6,day,2021-06-17 18:45:00,2021-06-17 18:30:00,True,True,2,90.0
6,day,2021-06-18 09:00:00,2021-06-18 08:45:00,True,True,2,105.0
6,day,2021-06-18 10:00:00,2021-06-18 09:45:00,False,False,0,
6,day,2021-06-18 10:30:00,2021-06-18 10:15:00,False,False,0,
6,day,2021-06-18 11:30:00,2021-06-18 11:15:00,True,True,1,15.0
6,day,2021-06-18 13:30:00,2021-06-18 13:15:00,True,True,1,15.0
6,day,2021-06-21 08:30:00,2021-06-21 08:15:00,True,False,2,
6,day,2021-06-21 10:30:00,2021-06-21 10:15:00,False,False,0,
6,day,2021-06-21 11:45:00,2021-06-21 11:30:00,False,False,0,
6,day,2021-06-21 13:15:00,2021-06-21 13:00:00,True,False,1,
6,day,2021-06-21 15:45:00,2021-06-21 15:30:00,False,False,0,
6,day,2021-06-22 09:00:00,2021-06-22 08:45:00,True,True,2,105.0
6,day,2021-06-22 09:30:00,2021-06-22 09:15:00,False,False,0,
6,day,2021-06-22 10:45:00,2021-06-22 10:30:00,True,True,1,30.0
6,day,2021-06-22 11:45:00,2021-06-22 11:30:00,False,False,0,
6,day,2021-06-22 14:00:00,2021-06-22 13:45:00,True,True,2,105.0
6,day,2021-06-24 08:30:00,2021-06-24 08:15:00,True,False,2,
6,day,2021-06-24 13:45:00,2021-06-24 13:30:00,True,False,2,
6,day,2021-06-24 16:00:00,2021-06-24 15:45:00,True,False,1,
6,day,2021-06-25 09:45:00,2021-06-25 09:30:00,True,True,2,90.0
6,day,2021-06-25 10:30:00,2021-06-25 10:15:00,True,False,1,
6,day,2021-06-25 13:15:00,2021-06-25 13:00:00,True,True,1,0.0
6,day,2021-06-25 14:15:00,2021-06-25 14:00:00,True,True,1,0.0
6,day,2021-06-25 15:00:00,2021-06-25 14:45:00,False,False,0,
6,day,2021-06-25 15:30:00,2021-06-25 15:15:00,False,False,0,
6,day,2021-06-25 17:00:00,2021-06-25 16:45:00,False,False,0,
6,day,2021-06-25 18:00:00,2021-06-25 17:45:00,False,False,0,
6,day,2021-06-28 08:45:00,2021-06-28 08:30:00,True,False,2,
6,day,2021-06-28 10:30:00,2021-06-28 10:15:00,True,False,1,
6,day,2021-06-28 11:15:00,2021-06-28 11:00:00,True,False,1,
6,day,2021-06-28 13:30:00,2021-06-28 13:15:00,True,False,1,
6,day,2021-06-28 14:45:00,2021-06-28 14:30:00,False,False,0,
6,day,2021-06-28 15:30:00,2021-06-28 15:15:00,False,False,0,
6,day,2021-06-28 18:00:00,2021-06-28 17:45:00,True,False,1,
6,day,2021-06-29 08:15:00,2021-06-29 08:00:00,True,True,2,60.0
6,day,2021-06-29 11:15:00,2021-06-29 11:00:00,True,True,1,0.0
6,day,2021-06-29 13:15:00,2021-06-29 13:00:00,True,True,1,0.0
6,day,2021-06-29 14:30:00,2021-06-29 14:15:00,False,False,0,
6,day,2021-06-29 15:30:00,2021-06-29 15:15:00,False,False,0,
6,day,2021-06-29 19:15:00,2021-06-29 19:00:00,True,True,2,60.0
6,day,2021-06-30 08:30:00,2021-06-30 08:15:00,True,True,2,75.0
6,day,2021-06-30 14:00:00,2021-06-30 13:45:00,True,True,2,105.0
6,day,2021-06-30 15:45:00,2021-06-30 15:30:00,True,True,1,30.0
6,day,2021-06-30 17:45:00,2021-06-30 17:30:00,True,False,2,
6,week,2021-06-01 08:30:00,2021-06-01 08:15:00,True,False,2,
6,week,2021-06-01 10:00:00,2021-06-01 09:45:00,False,False,0,
6,week,2021-06-01 10:30:00,2021-06-01 10:15:00,False,False,0,
6,week,2021-06-01 13:45:00,2021-06-01 13:30:00,True,False,2,
6,week,2021-06-02 09:00:00,2021-06-02 08:45:00,True,False,2,
6,week,2021-06-02 09:30:00,2021-06-02 09:15:00,False,False,0,
6,week,2021-06-02 10:30:00,2021-06-02 10:15:00,False,False,0,
6,week,2021-06-02 13:15:00,2021-06-02 13:00:00,True,False,2,
6,week,2021-06-02 14:45:00,2021-06-02 14:30:00,False,False,0,
6,week,2021-06-03 08:30:00,2021-06-03 08:15:00,True,False,2,
6,week,2021-06-07 08:45:00,2021-06-07 08:30:00,True,False,2,
6,week,2021-06-07 10:30:00,2021-06-07 10:15:00,True,False,1,
6,week,2021-06-07 13:45:00,2021-06-07 13:30:00,True,False,2,
6,week,2021-06-07 14:30:00,2021-06-07 14:15:00,True,False,1,
6,week,2021-06-08 15:00:00,2021-06-08 14:45:00,True,False,2,
6,week,2021-06-08 16:00:00,2021-06-08 15:45:00,False,False,0,
6,week,2021-06-09 09:30:00,2021-06-09 09:15:00,True,True,2,75.0
6,week,2021-06-09 10:30:00,2021-06-09 10:15:00,True,True,1,15.0
6,week,2021-06-09 11:45:00,2021-06-09 11:30:00,True,True,1,30.0
6,week,2021-06-09 14:00:00,2021-06-09 13:45:00,True,True,2,105.0
6,week,2021-06-10 10:45:00,2021-06-10 10:30:00,True,False,2,
6,week,2021-06-14 08:45:00,2021-06-14 08:30:00,True,True,2,90.0
6,week,2021-06-14 10:00:00,2021-06-14 09:45:00,False,False,0,
6,week,2021-06-14 10:30:00,2021-06-14 10:15:00,False,False,0,
6,week,2021-06-14 11:30:00,2021-06-14 11:15:00,True,False,1,
6,week,2021-06-14 13:30:00,2021-06-14 13:15:00,True,True,2,75.0
6,week,2021-06-14 15:00:00,2021-06-14 14:45:00,False,False,0,
6,week,2021-06-14 15:30:00,2021-06-14 15:15:00,False,False,0,
6,week,2021-06-14 18:00:00,2021-06-14 17:45:00,True,False,1,
6,week,2021-06-15 08:15:00,2021-06-15 08:00:00,True,False,2,
6,week,2021-06-15 10:45:00,2021-06-15 10:30:00,False,False,0,
6,week,2021-06-15 11:30:00,2021-06-15 11:15:00,True,False,1,
6,week,2021-06-15 12:00:00,2021-06-15 11:45:00,False,False,0,
6,week,2021-06-15 13:30:00,2021-06-15 13:15:00,True,False,1,
6,week,2021-06-15 14:15:00,2021-06-15 14:00:00,True,True,1,0.0
6,week,2021-06-15 16:00:00,2021-06-15 15:45:00,True,True,1,45.0
6,week,2021-06-15 16:45:00,2021-06-15 16:30:00,False,False,0,
6,week,2021-06-16 08:30:00,2021-06-16 08:15:00,True,False,2,
6,week,2021-06-16 09:45:00,2021-06-16 09:30:00,True,True,1,30.0
6,week,2021-06-16 10:30:00,2021-06-16 10:15:00,False,False,0,
6,week,2021-06-16 15:30:00,2021-06-16 15:15:00,True,False,2,
6,week,2021-06-16 16:45:00,2021-06-16 16:30:00,True,False,1,
6,week,2021-06-16 18:00:00,2021-06-16 17:45:00,True,False,1,
6,week,2021-06-17 08:15:00,2021-06-17 08:00:00,True,False,2,
6,week,2021-06-17 10:00:00,2021-06-17 09:45:00,False,False,0,
6,week,2021-06-17 10:45:00,2021-06-17 10:30:00,False,False,0,
6,week,2021-06-17 11:15:00,2021-06-17 11:00:00,True,False,1,
6,week,2021-06-17 13:30:00,2021-06-17 13:15:00,True,False,1,
6,week,2021-06-17 14:30:00,2021-06-17 14:15:00,False,False,0,
6,week,2021-06-17 15:30:00,2021-06-17 15:15:00,False,False,0,
6,week,2021-06-17 18:45:00,2021-06-17 18:30:00,True,False,2,
6,week,2021-06-18 09:00:00,2021-06-18 08:45:00,True,False,2,
6,week,2021-06-18 10:00:00,2021-06-18 09:45:00,False,False,0,
6,week,2021-06-18 10:30:00,2021-06-18 10:15:00,False,False,0,
6,week,2021-06-18 11:30:00,2021-06-18 11:15:00,True,False,1,
6,week,2021-06-18 13:30:00,2021-06-18 13:15:00,True,False,1,
6,week,2021-06-21 08:30:00,2021-06-21 08:15:00,True,True,2,75.0
6,week,2021-06-21 10:30:00,2021-06-21 10:15:00,False,False,0,
6,week,2021-06-21 11:45:00,2021-06-21 11:30:00,False,False,0,
6,week,2021-06-21 13:15:00,2021-06-21 13:00:00,True,True,1,0.0
6,week,2021-06-21 15:45:00,2021-06-21 15:30:00,False,False,0,
6,week,2021-06-22 09:00:00,2021-06-22 08:45:00,True,True,2,105.0
6,week,2021-06-22 09:30:00,2021-06-22 09:15:00,False,False,0,
6,week,2021-06-22 10:45:00,2021-06-22 10:30:00,True,True,1,30.0
6,week,2021-06-22 11:45:00,2021-06-22 11:30:00,False,False,0,
6,week,2021-06-22 14:00:00,2021-06-22 13:45:00,True,True,2,45.0
6,week,2021-06-24 08:30:00,2021-06-24 08:15:00,True,True,2,75.0
6,week,2021-06-24 13:45:00,2021-06-24 13:30:00,True,True,2,90.0
6,week,2021-06-24 16:00:00,2021-06-24 15:45:00,True,False,1,
6,week,2021-06-25 09:45:00,2021-06-25 09:30:00,True,True,2,90.0
6,week,2021-06-25 10:30:00,2021-06-25 10:15:00,True,True,1,15.0
6,week,2021-06-25 13:15:00,2021-06-25 13:00:00,True,True,1,0.0
6,week,2021-06-25 14:15:00,2021-06-25 14:00:00,True,False,1,
6,week,2021-06-25 15:00:00,2021-06-25 14:45:00,False,False,0,
6,week,2021-06-25 15:30:00,2021-06-25 15:15:00,False,False,0,
6,week,2021-06-25 17:00:00,2021-06-25 16:45:00,False,False,0,
6,week,2021-06-25 18:00:00,2021-06-25 17:45:00,False,False,0,
6,week,2021-06-28 08:45:00,2021-06-28 08:30:00,True,True,2,90.0
6,week,2021-06-28 10:30:00,2021-06-28 10:15:00,True,True,1,15.0
6,week,2021-06-28 11:15:00,2021-06-28 11:00:00,True,True,1,0.0
6,week,2021-06-28 13:30:00,2021-06-28 13:15:00,True,True,1,15.0
6,week,2021-06-28 14:45:00,2021-06-28 14:30:00,False,False,0,
6,week,2021-06-28 15:30:00,2021-06-28 15:15:00,False,False,0,
6,week,2021-06-28 18:00:00,2021-06-28 17:45:00,True,False,1,
6,week,2021-06-29 08:15:00,2021-06-29 08:00:00,True,False,2,
6,week,2021-06-29 11:15:00,2021-06-29 11:00:00,True,True,1,0.0
6,week,2021-06-29 13:15:00,2021-06-29 13:00:00,True,True,1,0.0
6,week,2021-06-29 14:30:00,2021-06-29 14:15:00,False,False,0,
6,week,2021-06-29 15:30:00,2021-06-29 15:15:00,False,False,0,
6,week,2021-06-29 19:15:00,2021-06-29 19:00:00,True,False,2,
6,week,2021-06-30 08:30:00,2021-06-30 08:15:00,True,False,2,
6,week,2021-06-30 14:00:00,2021-06-30 13:45:00,True,False,2,
6,week,2021-06-30 15:45:00,2021-06-30 15:30:00,True,False,1,
6,week,2021-06-30 17:45:00,2021-06-30 17:30:00,True,False,2,
7,F0,2021-07-01 08:30:00,2021-07-01 08:15:00,True,True,2,75.0
7,F0,2021-07-01 09:30:00,2021-07-01 09:15:00,False,False,0,
7,F0,2021-07-01 10:30:00,2021-07-01 10:15:00,True,True,1,15.0
7,F0,2021-07-01 11:15:00,2021-07-01 11:00:00,True,True,1,0.0
7,F0,2021-07-01 13:30:00,2021-07-01 13:15:00,True,True,1,15.0
7,F0,2021-07-01 15:45:00,2021-07-01 15:30:00,True,True,1,30.0
7,F0,2021-07-02 09:15:00,2021-07-02 09:00:00,True,True,2,60.0
7,F0,2021-07-02 10:45:00,2021-07-02 10:30:00,True,True,1,30.0
7,F0,2021-07-02 11:15:00,2021-07-02 11:00:00,True,True,1,0.0
7,F0,2021-07-02 13:45:00,2021-07-02 13:30:00,True,True,2,90.0
7,F0,2021-07-02 14:45:00,2021-07-02 14:30:00,False,False,0,
7,F0,2021-07-05 08:45:00,2021-07-05 08:30:00,True,True,2,90.0
7,F0,2021-07-05 10:30:00,2021-07-05 10:15:00,True,True,2,75.0
7,F0,2021-07-05 14:00:00,2021-07-05 13:45:00,True,True,2,105.0
7,F0,2021-07-05 16:00:00,2021-07-05 15:45:00,True,True,1,45.0
7,F0,2021-07-06 08:30:00,2021-07-06 08:15:00,True,True,2,75.0
7,F0,2021-07-06 09:45:00,2021-07-06 09:30:00,False,False,0,
7,F0,2021-07-06 11:15:00,2021-07-06 11:00:00,True,True,1,0.0
7,F0,2021-07-06 14:15:00,2021-07-06 14:00:00,True,True,2,60.0
7,F0,2021-07-06 15:00:00,2021-07-06 14:45:00,False,False,0,
7,F0,2021-07-06 16:15:00,2021-07-06 16:00:00,True,True,1,0.0
7,F0,2021-07-07 08:45:00,2021-07-07 08:30:00,True,True,2,90.0
7,F0,2021-07-07 10:30:00,2021-07-07 10:15:00,True,True,1,15.0
7,F0,2021-07-07 11:30:00,2021-07-07 11:15:00,True,True,1,15.0
7,F0,2021-07-07 13:30:00,2021-07-07 13:15:00,True,True,2,75.0
7,F0,2021-07-07 16:15:00,2021-07-07 16:00:00,True,True,2,60.0
7,F0,2021-07-07 18:00:00,2021-07-07 17:45:00,True,True,1,45.0
7,F0,2021-07-08 09:00:00,2021-07-08 08:45:00,True,True,2,105.0
7,F0,2021-07-08 09:30:00,2021-07-08 09:15:00,False,False,0,
7,F0,2021-07-08 10:30:00,2021-07-08 10:15:00,False,False,0,
7,F0,2021-07-08 13:30:00,2021-07-08 13:15:00,True,True,1,15.0
7,F0,2021-07-08 16:00:00,2021-07-08 15:45:00,True,True,1,45.0
7,F0,2021-07-09 08:45:00,2021-07-09 08:30:00,True,True,2,90.0
7,F0,2021-07-09 13:30:00,2021-07-09 13:15:00,True,True,2,75.0
7,F0,2021-07-09 14:30:00,2021-07-09 14:15:00,True,True,1,15.0
7,F0,2021-07-09 15:45:00,2021-07-09 15:30:00,False,False,0,
7,F0,2021-07-12 08:30:00,2021-07-12 08:15:00,True,True,2,75.0
7,F0,2021-07-12 10:30:00,2021-07-12 10:15:00,False,False,0,
7,F0,2021-07-12 13:45:00,2021-07-12 13:30:00,True,True,1,30.0
7,F0,2021-07-12 14:15:00,2021-07-12 14:00:00,True,True,1,0.0
7,F0,2021-07-12 15:45:00,2021-07-12 15:30:00,False,False,0,
7,F0,2021-07-12 16:45:00,2021-07-12 16:30:00,False,False,0,
7,F0,2021-07-14 08:30:00,2021-07-14 08:15:00,True,True,2,75.0
7,F0,2021-07-14 10:30:00,2021-07-14 10:15:00,False,False,0,
7,F0,2021-07-14 11:15:00,2021-07-14 11:00:00,True,True,1,0.0
7,F0,2021-07-14 13:30:00,2021-07-14 13:15:00,True,True,1,15.0
7,F0,2021-07-14 14:15:00,2021-07-14 14:00:00,True,True,1,0.0
7,F0,2021-07-14 15:00:00,2021-07-14 14:45:00,False,False,0,
7,F0,2021-07-14 18:00:00,2021-07-14 17:45:00,True,True,2,105.0
7,F0,2021-07-16 08:15:00,2021-07-16 08:00:00,True,True,2,60.0
7,F0,2021-07-16 09:45:00,2021-07-16 09:30:00,False,False,0,
7,F0,2021-07-16 10:45:00,2021-07-16 10:30:00,False,False,0,
7,F0,2021-07-16 13:45:00,2021-07-16 13:30:00,True,True,1,30.0
7,F0,2021-07-16 15:00:00,2021-07-16 14:45:00,False,False,0,
7,F0,2021-07-16 15:45:00,2021-07-16 15:30:00,False,False,0,
7,F0,2021-07-16 16:15:00,2021-07-16 16:00:00,True,True,1,0.0
7,F0,2021-07-19 08:30:00,2021-07-19 08:15:00,True,True,2,75.0
7,F0,2021-07-19 09:45:00,2021-07-19 09:30:00,False,False,0,
7,F0,2021-07-19 10:30:00,2021-07-19 10:15:00,True,True,1,15.0
7,F0,2021-07-19 13:30:00,2021-07-19 13:15:00,True,True,1,15.0
7,F0,2021-07-19 14:30:00,2021-07-19 14:15:00,True,True,1,15.0
7,F0,2021-07-19 15:45:00,2021-07-19 15:30:00,True,True,1,30.0
7,F0,2021-07-19 18:00:00,2021-07-19 17:45:00,False,False,0,
7,F0,2021-07-20 08:30:00,2021-07-20 08:15:00,True,True,2,75.0
7,F0,2021-07-20 10:00:00,2021-07-20 09:45:00,False,False,0,
7,F0,2021-07-20 10:30:00,2021-07-20 10:15:00,False,False,0,
7,F0,2021-07-20 13:30:00,2021-07-20 13:15:00,True,True,1,15.0
7,F0,2021-07-20 15:45:00,2021-07-20 15:30:00,False,False,0,
7,F0,2021-07-20 18:15:00,2021-07-20 18:00:00,True,True,1,0.0
7,F0,2021-07-20 19:00:00,2021-07-20 18:45:00,False,False,0,
7,F0,2021-07-21 08:30:00,2021-07-21 08:15:00,True,True,2,75.0
7,F0,2021-07-21 10:30:00,2021-07-21 10:15:00,False,False,0,
7,F0,2021-07-21 11:15:00,2021-07-21 11:00:00,True,True,1,0.0
7,F0,2021-07-21 13:15:00,2021-07-21 13:00:00,True,True,1,0.0
7,F0,2021-07-21 15:45:00,2021-07-21 15:30:00,False,False,0,
7,F0,2021-07-22 08:15:00,2021-07-22 08:00:00,True,True,2,60.0
7,F0,2021-07-22 10:30:00,2021-07-22 10:15:00,False,False,0,
7,F0,2021-07-22 13:45:00,2021-07-22 13:30:00,True,True,1,30.0
7,F0,2021-07-22 14:15:00,2021-07-22 14:00:00,True,True,1,0.0
7,F0,2021-07-22 15:45:00,2021-07-22 15:30:00,False,False,0,
7,F0,2021-07-23 08:30:00,2021-07-23 08:15:00,True,True,2,75.0
7,F0,2021-07-23 10:30:00,2021-07-23 10:15:00,False,False,0,
7,F0,2021-07-23 13:30:00,2021-07-23 13:15:00,True,True,1,15.0
7,F0,2021-07-23 15:45:00,2021-07-23 15:30:00,False,False,0,
7,F0,2021-07-23 18:00:00,2021-07-23 17:45:00,False,False,0,
7,F0,2021-07-26 08:15:00,2021-07-26 08:00:00,True,True,2,60.0
7,F0,2021-07-26 10:30:00,2021-07-26 10:15:00,False,False,0,
7,F0,2021-07-26 13:30:00,2021-07-26 13:15:00,True,True,1,15.0
7,F0,2021-07-26 14:30:00,2021-07-26 14:15:00,True,True,1,15.0
7,F0,2021-07-26 15:45:00,2021-07-26 15:30:00,False,False,0,
7,F0,2021-07-26 16:45:00,2021-07-26 16:30:00,False,False,0,
7,F0,2021-07-26 18:15:00,2021-07-26 18:00:00,True,True,2,60.0
7,F0,2021-07-26 19:30:00,2021-07-26 19:15:00,True,True,1,15.0
7,F0,2021-07-27 08:15:00,2021-07-27 08:00:00,True,True,2,60.0
7,F0,2021-07-27 09:45:00,2021-07-27 09:30:00,False,False,0,
7,F0,2021-07-27 10:30:00,2021-07-27 10:15:00,False,False,0,
7,F0,2021-07-27 13:30:00,2021-07-27 13:15:00,True,True,1,15.0
7,F0,2021-07-27 15:45:00,2021-07-27 15:30:00,False,False,0,
7,F0,2021-07-27 18:00:00,2021-07-27 17:45:00,False,False,0,
7,F0,2021-07-27 19:45:00,2021-07-27 19:30:00,True,True,1,30.0
7,F0,2021-07-28 08:15:00,2021-07-28 08:00:00,True,True,2,60.0
7,F0,2021-07-28 10:30:00,2021-07-28 10:15:00,False,False,0,
7,F0,2021-07-28 13:15:00,2021-07-28 13:00:00,True,True,1,0.0
7,F0,2021-07-28 15:45:00,2021-07-28 15:30:00,False,False,0,
7,F0,2021-07-28 18:00:00,2021-07-28 17:45:00,True,True,1,45.0
7,F0,2021-07-29 08:30:00,2021-07-29 08:15:00,True,True,2,75.0
7,F0,2021-07-29 10:30:00,2021-07-29 10:15:00,False,False,0,
7,F0,2021-07-29 13:30:00,2021-07-29 13:15:00,True,True,1,15.0
7,F0,2021-07-29 14:30:00,2021-07-29 14:15:00,False,False,0,
7,F0,2021-07-29 15:45:00,2021-07-29 15:30:00,False,False,0,
7,F0,2021-07-29 18:45:00,2021-07-29 18:30:00,True,True,2,90.0
7,F0,2021-07-29 19:45:00,2021-07-29 19:30:00,False,False,0,
7,F0,2021-07-30 08:15:00,2021-07-30 08:00:00,True,True,2,60.0
7,F0,2021-07-30 10:30:00,2021-07-30 10:15:00,False,False,0,
7,F0,2021-07-30 13:15:00,2021-07-30 13:00:00,True,True,1,0.0
7,F0,2021-07-30 15:45:00,2021-07-30 15:30:00,False,False,0,
7,F0,2021-07-30 18:00:00,2021-07-30 17:45:00,True,True,1,45.0
7,F1,2021-07-01 08:30:00,2021-07-01 08:15:00,True,True,2,75.0
7,F1,2021-07-01 09:30:00,2021-07-01 09:15:00,False,False,0,
7,F1,2021-07-01 10:30:00,2021-07-01 10:15:00,True,True,1,15.0
7,F1,2021-07-01 11:15:00,2021-07-01 11:00:00,True,True,1,0.0
7,F1,2021-07-01 13:30:00,2021-07-01 13:15:00,True,True,1,15.0
7,F1,2021-07-01 15:45:00,2021-07-01 15:30:00,True,True,1,30.0
7,F1,2021-07-02 09:15:00,2021-07-02 09:00:00,True,True,2,60.0
7,F1,2021-07-02 10:45:00,2021-07-02 10:30:00,True,True,1,30.0
7,F1,2021-07-02 11:15:00,2021-07-02 11:00:00,True,True,1,0.0
7,F1,2021-07-02 13:45:00,2021-07-02 13:30:00,True,True,2,90.0
7,F1,2021-07-02 14:45:00,2021-07-02 14:30:00,False,False,0,
7,F1,2021-07-05 08:45:00,2021-07-05 08:30:00,True,True,2,90.0
7,F1,2021-07-05 10:30:00,2021-07-05 10:15:00,True,True,2,75.0
7,F1,2021-07-05 14:00:00,2021-07-05 13:45:00,True,True,2,105.0
7,F1,2021-07-05 16:00:00,2021-07-05 15:45:00,True,True,1,45.0
7,F1,2021-07-06 08:30:00,2021-07-06 08:15:00,True,True,2,75.0
7,F1,2021-07-06 09:45:00,2021-07-06 09:30:00,False,False,0,
7,F1,2021-07-06 11:15:00,2021-07-06 11:00:00,True,True,1,0.0
7,F1,2021-07-06 14:15:00,2021-07-06 14:00:00,True,True,2,60.0
7,F1,2021-07-06 15:00:00,2021-07-06 14:45:00,False,False,0,
7,F1,2021-07-06 16:15:00,2021-07-06 16:00:00,True,True,1,0.0
7,F1,2021-07-07 08:45:00,2021-07-07 08:30:00,True,True,2,90.0
7,F1,2021-07-07 10:30:00,2021-07-07 10:15:00,True,True,1,15.0
7,F1,2021-07-07 11:30:00,2021-07-07 11:15:00,True,True,1,15.0
7,F1,2021-07-07 13:30:00,2021-07-07 13:15:00,True,True,2,75.0
7,F1,2021-07-07 16:15:00,2021-07-07 16:00:00,True,True,2,60.0
7,F1,2021-07-07 18:00:00,2021-07-07 17:45:00,True,True,1,45.0
7,F1,2021-07-08 09:00:00,2021-07-08 08:45:00,True,True,2,105.0
7,F1,2021-07-08 09:30:00,2021-07-08 09:15:00,False,False,0,
7,F1,2021-07-08 10:30:00,2021-07-08 10:15:00,False,False,0,
7,F1,2021-07-08 13:30:00,2021-07-08 13:15:00,True,True,1,15.0
7,F1,2021-07-08 16:00:00,2021-07-08 15:45:00,True,True,1,45.0
7,F1,2021-07-09 08:45:00,2021-07-09 08:30:00,True,True,2,90.0
7,F1,2021-07-09 13:30:00,2021-07-09 13:15:00,True,True,2,75.0
7,F1,2021-07-09 14:30:00,2021-07-09 14:15:00,True,True,1,15.0
7,F1,2021-07-09 15:45:00,2021-07-09 15:30:00,False,False,0,
7,F1,2021-07-12 08:30:00,2021-07-12 08:15:00,True,True,2,75.0
7,F1,2021-07-12 10:30:00,2021-07-12 10:15:00,False,False,0,
7,F1,2021-07-12 13:45:00,2021-07-12 13:30:00,True,True,1,30.0
7,F1,2021-07-12 14:15:00,2021-07-12 14:00:00,True,True,1,0.0
7,F1,2021-07-12 15:45:00,2021-07-12 15:30:00,False,False,0,
7,F1,2021-07-12 16:45:00,2021-07-12 16:30:00,False,False,0,
7,F1,2021-07-14 08:30:00,2021-07-14 08:15:00,True,True,2,75.0
7,F1,2021-07-14 10:30:00,2021-07-14 10:15:00,False,False,0,
7,F1,2021-07-14 11:15:00,2021-07-14 11:00:00,True,True,1,0.0
7,F1,2021-07-14 13:30:00,2021-07-14 13:15:00,True,True,1,15.0
7,F1,2021-07-14 14:15:00,2021-07-14 14:00:00,True,True,1,0.0
7,F1,2021-07-14 15:00:00,2021-07-14 14:45:00,False,False,0,
7,F1,2021-07-14 18:00:00,2021-07-14 17:45:00,True,False,2,
7,F1,2021-07-16 08:15:00,2021-07-16 08:00:00,True,True,2,60.0
7,F1,2021-07-16 09:45:00,2021-07-16 09:30:00,False,False,0,
7,F1,2021-07-16 10:45:00,2021-07-16 10:30:00,False,False,0,
7,F1,2021-07-16 13:45:00,2021-07-16 13:30:00,True,True,1,30.0
7,F1,2021-07-16 15:00:00,2021-07-16 14:45:00,False,False,0,
7,F1,2021-07-16 15:45:00,2021-07-16 15:30:00,False,False,0,
7,F1,2021-07-16 16:15:00,2021-07-16 16:00:00,True,True,1,0.0
7,F1,2021-07-19 08:30:00,2021-07-19 08:15:00,True,True,2,75.0
7,F1,2021-07-19 09:45:00,2021-07-19 09:30:00,False,False,0,
7,F1,2021-07-19 10:30:00,2021-07-19 10:15:00,True,True,1,15.0
7,F1,2021-07-19 13:30:00,2021-07-19 13:15:00,True,True,1,15.0
7,F1,2021-07-19 14:30:00,2021-07-19 14:15:00,True,True,1,15.0
7,F1,2021-07-19 15:45:00,2021-07-19 15:30:00,True,True,1,30.0
7,F1,2021-07-19 18:00:00,2021-07-19 17:45:00,False,False,0,
7,F1,2021-07-20 08:30:00,2021-07-20 08:15:00,True,True,2,75.0
7,F1,2021-07-20 10:00:00,2021-07-20 09:45:00,False,False,0,
7,F1,2021-07-20 10:30:00,2021-07-20 10:15:00,False,False,0,
7,F1,2021-07-20 13:30:00,2021-07-20 13:15:00,True,True,1,15.0
7,F1,2021-07-20 15:45:00,2021-07-20 15:30:00,False,False,0,
7,F1,2021-07-20 18:15:00,2021-07-20 18:00:00,True,True,1,0.0
7,F1,2021-07-20 19:00:00,2021-07-20 18:45:00,False,False,0,
7,F1,2021-07-21 08:30:00,2021-07-21 08:15:00,True,True,2,75.0
7,F1,2021-07-21 10:30:00,2021-07-21 10:15:00,False,False,0,
7,F1,2021-07-21 11:15:00,2021-07-21 11:00:00,True,True,1,0.0
7,F1,2021-07-21 13:15:00,2021-07-21 13:00:00,True,True,1,0.0
7,F1,2021-07-21 15:45:00,2021-07-21 15:30:00,False,False,0,
7,F1,2021-07-22 08:15:00,2021-07-22 08:00:00,True,True,2,60.0
7,F1,2021-07-22 10:30:00,2021-07-22 10:15:00,False,False,0,
7,F1,2021-07-22 13:45:00,2021-07-22 13:30:00,True,True,1,30.0
7,F1,2021-07-22 14:15:00,2021-07-22 14:00:00,True,True,1,0.0
7,F1,2021-07-22 15:45:00,2021-07-22 15:30:00,False,False,0,
7,F1,2021-07-23 08:30:00,2021-07-23 08:15:00,True,True,2,75.0
7,F1,2021-07-23 10:30:00,2021-07-23 10:15:00,False,False,0,
7,F1,2021-07-23 13:30:00,2021-07-23 13:15:00,True,True,1,15.0
7,F1,2021-07-23 15:45:00,2021-07-23 15:30:00,False,False,0,
7,F1,2021-07-23 18:00:00,2021-07-23 17:45:00,False,False,0,
7,F1,2021-07-26 08:15:00,2021-07-26 08:00:00,True,True,2,60.0
7,F1,2021-07-26 10:30:00,2021-07-26 10:15:00,False,False,0,
7,F1,2021-07-26 13:30:00,2021-07-26 13:15:00,True,True,1,15.0
7,F1,2021-07-26 14:30:00,2021-07-26 14:15:00,True,True,1,15.0
7,F1,2021-07-26 15:45:00,2021-07-26 15:30:00,False,False,0,
7,F1,2021-07-26 16:45:00,2021-07-26 16:30:00,False,False,0,
7,F1,2021-07-26 18:15:00,2021-07-26 18:00:00,True,True,2,60.0
7,F1,2021-07-26 19:30:00,2021-07-26 19:15:00,True,False,1,
7,F1,2021-07-27 08:15:00,2021-07-27 08:00:00,True,True,2,60.0
7,F1,2021-07-27 09:45:00,2021-07-27 09:30:00,False,False,0,
7,F1,2021-07-27 10:30:00,2021-07-27 10:15:00,False,False,0,
7,F1,2021-07-27 13:30:00,2021-07-27 13:15:00,True,True,1,15.0
7,F1,2021-07-27 15:45:00,2021-07-27 15:30:00,False,False,0,
7,F1,2021-07-27 18:00:00,2021-07-27 17:45:00,False,False,0,
7,F1,2021-07-27 19:45:00,2021-07-27 19:30:00,True,True,1,30.0
7,F1,2021-07-28 08:15:00,2021-07-28 08:00:00,True,True,2,60.0
7,F1,2021-07-28 10:30:00,2021-07-28 10:15:00,False,False,0,
7,F1,2021-07-28 13:15:00,2021-07-28 13:00:00,True,True,1,0.0
7,F1,2021-07-28 15:45:00,2021-07-28 15:30:00,False,False,0,
7,F1,2021-07-28 18:00:00,2021-07-28 17:45:00,True,True,1,45.0
7,F1,2021-07-29 08:30:00,2021-07-29 08:15:00,True,True,2,75.0
7,F1,2021-07-29 10:30:00,2021-07-29 10:15:00,False,False,0,
7,F1,2021-07-29 13:30:00,2021-07-29 13:15:00,True,True,1,15.0
7,F1,2021-07-29 14:30:00,2021-07-29 14:15:00,False,False,0,
7,F1,2021-07-29 15:45:00,2021-07-29 15:30:00,False,False,0,
7,F1,2021-07-29 18:45:00,2021-07-29 18:30:00,True,True,2,90.0
7,F1,2021-07-29 19:45:00,2021-07-29 19:30:00,False,False,0,
7,F1,2021-07-30 08:15:00,2021-07-30 08:00:00,True,True,2,60.0
7,F1,2021-07-30 10:30:00,2021-07-30 10:15:00,False,False,0,
7,F1,2021-07-30 13:15:00,2021-07-30 13:00:00,True,True,1,0.0
7,F1,2021-07-30 15:45:00,2021-07-30 15:30:00,False,False,0,
7,F1,2021-07-30 18:00:00,2021-07-30 17:45:00,True,True,1,45.0
7,day,2021-07-01 08:30:00,2021-07-01 08:15:00,True,True,2,75.0
7,day,2021-07-01 09:30:00,2021-07-01 09:15:00,False,False,0,
7,day,2021-07-01 10:30:00,2021-07-01 10:15:00,True,False,1,
7,day,2021-07-01 11:15:00,2021-07-01 11:00:00,True,False,1,
7,day,2021-07-01 13:30:00,2021-07-01 13:15:00,True,False,1,
7,day,2021-07-01 15:45:00,2021-07-01 15:30:00,True,False,1,
7,day,2021-07-02 09:15:00,2021-07-02 09:00:00,True,True,2,60.0
7,day,2021-07-02 10:45:00,2021-07-02 10:30:00,True,True,1,30.0
7,day,2021-07-02 11:15:00,2021-07-02 11:00:00,True,True,1,0.0
7,day,2021-07-02 13:45:00,2021-07-02 13:30:00,True,True,2,90.0
7,day,2021-07-02 14:45:00,2021-07-02 14:30:00,False,False,0,
7,day,2021-07-05 08:45:00,2021-07-05 08:30:00,True,False,2,
7,day,2021-07-05 10:30:00,2021-07-05 10:15:00,True,False,2,
7,day,2021-07-05 14:00:00,2021-07-05 13:45:00,True,False,2,
7,day,2021-07-05 16:00:00,2021-07-05 15:45:00,True,False,1,
7,day,2021-07-06 08:30:00,2021-07-06 08:15:00,True,False,2,
7,day,2021-07-06 09:45:00,2021-07-06 09:30:00,False,False,0,
7,day,2021-07-06 11:15:00,2021-07-06 11:00:00,True,False,1,
7,day,2021-07-06 14:15:00,2021-07-06 14:00:00,True,False,2,
7,day,2021-07-06 15:00:00,2021-07-06 14:45:00,False,False,0,
7,day,2021-07-06 16:15:00,2021-07-06 16:00:00,True,False,1,
7,day,2021-07-07 08:45:00,2021-07-07 08:30:00,True,True,2,90.0
7,day,2021-07-07 10:30:00,2021-07-07 10:15:00,True,False,1,
7,day,2021-07-07 11:30:00,2021-07-07 11:15:00,True,False,1,
7,day,2021-07-07 13:30:00,2021-07-07 13:15:00,True,False,2,
7,day,2021-07-07 16:15:00,2021-07-07 16:00:00,True,False,2,
7,day,2021-07-07 18:00:00,2021-07-07 17:45:00,True,False,1,
7,day,2021-07-08 09:00:00,2021-07-08 08:45:00,True,True,2,105.0
7,day,2021-07-08 09:30:00,2021-07-08 09:15:00,False,False,0,
7,day,2021-07-08 10:30:00,2021-07-08 10:15:00,False,False,0,
7,day,2021-07-08 13:30:00,2021-07-08 13:15:00,True,False,1,
7,day,2021-07-08 16:00:00,2021-07-08 15:45:00,True,False,1,
7,day,2021-07-09 08:45:00,2021-07-09 08:30:00,True,True,2,90.0
7,day,2021-07-09 13:30:00,2021-07-09 13:15:00,True,True,2,75.0
7,day,2021-07-09 14:30:00,2021-07-09 14:15:00,True,True,1,15.0
7,day,2021-07-09 15:45:00,2021-07-09 15:30:00,False,False,0,
7,day,2021-07-12 08:30:00,2021-07-12 08:15:00,True,False,2,
7,day,2021-07-12 10:30:00,2021-07-12 10:15:00,False,False,0,
7,day,2021-07-12 13:45:00,2021-07-12 13:30:00,True,False,1,
7,day,2021-07-12 14:15:00,2021-07-12 14:00:00,True,False,1,
7,day,2021-07-12 15:45:00,2021-07-12 15:30:00,False,False,0,
7,day,2021-07-12 16:45:00,2021-07-12 16:30:00,False,False,0,
7,day,2021-07-14 08:30:00,2021-07-14 08:15:00,True,False,2,
7,day,2021-07-14 10:30:00,2021-07-14 10:15:00,False,False,0,
7,day,2021-07-14 11:15:00,2021-07-14 11:00:00,True,False,1,
7,day,2021-07-14 13:30:00,2021-07-14 13:15:00,True,False,1,
7,day,2021-07-14 14:15:00,2021-07-14 14:00:00,True,False,1,
7,day,2021-07-14 15:00:00,2021-07-14 14:45:00,False,False,0,
7,day,2021-07-14 18:00:00,2021-07-14 17:45:00,True,False,2,
7,day,2021-07-16 08:15:00,2021-07-16 08:00:00,True,False,2,
7,day,2021-07-16 09:45:00,2021-07-16 09:30:00,False,False,0,
7,day,2021-07-16 10:45:00,2021-07-16 10:30:00,False,False,0,
7,day,2021-07-16 13:45:00,2021-07-16 13:30:00,True,False,1,
7,day,2021-07-16 15:00:00,2021-07-16 14:45:00,False,False,0,
7,day,2021-07-16 15:45:00,2021-07-16 15:30:00,False,False,0,
7,day,2021-07-16 16:15:00,2021-07-16 16:00:00,True,False,1,
7,day,2021-07-19 08:30:00,2021-07-19 08:15:00,True,False,2,
7,day,2021-07-19 09:45:00,2021-07-19 09:30:00,False,False,0,
7,day,2021-07-19 10:30:00,2021-07-19 10:15:00,True,False,1,
7,day,2021-07-19 13:30:00,2021-07-19 13:15:00,True,False,1,
7,day,2021-07-19 14:30:00,2021-07-19 14:15:00,True,False,1,
7,day,2021-07-19 15:45:00,2021-07-19 15:30:00,True,False,1,
7,day,2021-07-19 18:00:00,2021-07-19 17:45:00,False,False,0,
7,day,2021-07-20 08:30:00,2021-07-20 08:15:00,True,True,2,75.0
7,day,2021-07-20 10:00:00,2021-07-20 09:45:00,False,False,0,
7,day,2021-07-20 10:30:00,2021-07-20 10:15:00,False,False,0,
7,day,2021-07-20 13:30:00,2021-07-20 13:15:00,True,True,1,15.0
7,day,2021-07-20 15:45:00,2021-07-20 15:30:00,False,False,0,
7,day,2021-07-20 18:15:00,2021-07-20 18:00:00,True,True,1,0.0
7,day,2021-07-20 19:00:00,2021-07-20 18:45:00,False,False,0,
7,day,2021-07-21 08:30:00,2021-07-21 08:15:00,True,True,2,75.0
7,day,2021-07-21 10:30:00,2021-07-21 10:15:00,False,False,0,
7,day,2021-07-21 11:15:00,2021-07-21 11:00:00,True,True,1,0.0
7,day,2021-07-21 13:15:00,2021-07-21 13:00:00,True,True,1,0.0
7,day,2021-07-21 15:45:00,2021-07-21 15:30:00,False,False,0,
7,day,2021-07-22 08:15:00,2021-07-22 08:00:00,True,True,2,60.0
7,day,2021-07-22 10:30:00,2021-07-22 10:15:00,False,False,0,
7,day,2021-07-22 13:45:00,2021-07-22 13:30:00,True,True,1,30.0
7,day,2021-07-22 14:15:00,2021-07-22 14:00:00,True,True,1,0.0
7,day,2021-07-22 15:45:00,2021-07-22 15:30:00,False,False,0,
7,day,2021-07-23 08:30:00,2021-07-23 08:15:00,True,True,2,75.0
7,day,2021-07-23 10:30:00,2021-07-23 10:15:00,False,False,0,
7,day,2021-07-23 13:30:00,2021-07-23 13:15:00,True,True,1,15.0
7,day,2021-07-23 15:45:00,2021-07-23 15:30:00,False,False,0,
7,day,2021-07-23 18:00:00,2021-07-23 17:45:00,False,False,0,
7,day,2021-07-26 08:15:00,2021-07-26 08:00:00,True,False,2,
7,day,2021-07-26 10:30:00,2021-07-26 10:15:00,False,False,0,
7,day,2021-07-26 13:30:00,2021-07-26 13:15:00,True,False,1,
7,day,2021-07-26 14:30:00,2021-07-26 14:15:00,True,False,1,
7,day,2021-07-26 15:45:00,2021-07-26 15:30:00,False,False,0,
7,day,2021-07-26 16:45:00,2021-07-26 16:30:00,False,False,0,
7,day,2021-07-26 18:15:00,2021-07-26 18:00:00,True,False,2,
7,day,2021-07-26 19:30:00,2021-07-26 19:15:00,True,False,1,
7,day,2021-07-27 08:15:00,2021-07-27 08:00:00,True,True,2,60.0
7,day,2021-07-27 09:45:00,2021-07-27 09:30:00,False,False,0,
7,day,2021-07-27 10:30:00,2021-07-27 10:15:00,False,False,0,
7,day,2021-07-27 13:30:00,2021-07-27 13:15:00,True,True,1,15.0
7,day,2021-07-27 15:45:00,2021-07-27 15:30:00,False,False,0,
7,day,2021-07-27 18:00:00,2021-07-27 17:45:00,False,False,0,
7,day,2021-07-27 19:45:00,2021-07-27 19:30:00,True,False,1,
7,day,2021-07-28 08:15:00,2021-07-28 08:00:00,True,True,2,60.0
7,day,2021-07-28 10:30:00,2021-07-28 10:15:00,False,False,0,
7,day,2021-07-28 13:15:00,2021-07-28 13:00:00,True,True,1,0.0
7,day,2021-07-28 15:45:00,2021-07-28 15:30:00,False,False,0,
7,day,2021-07-28 18:00:00,2021-07-28 17:45:00,True,False,1,
7,day,2021-07-29 08:30:00,2021-07-29 08:15:00,True,True,2,75.0
7,day,2021-07-29 10:30:00,2021-07-29 10:15:00,False,False,0,
7,day,2021-07-29 13:30:00,2021-07-29 13:15:00,True,True,1,15.0
7,day,2021-07-29 14:30:00,2021-07-29 14:15:00,False,False,0,
7,day,2021-07-29 15:45:00,2021-07-29 15:30:00,False,False,0,
7,day,2021-07-29 18:45:00,2021-07-29 18:30:00,True,True,2,90.0
7,day,2021-07-29 19:45:00,2021-07-29 19:30:00,False,False,0,
7,day,2021-07-30 08:15:00,2021-07-30 08:00:00,True,True,2,60.0
7,day,2021-07-30 10:30:00,2021-07-30 10:15:00,False,False,0,
7,day,2021-07-30 13:15:00,2021-07-30 13:00:00,True,True,1,0.0
7,day,2021-07-30 15:45:00,2021-07-30 15:30:00,False,False,0,
7,day,2021-07-30 18:00:00,2021-07-30 17:45:00,True,False,1,
7,week,2021-07-01 08:30:00,2021-07-01 08:15:00,True,True,2,75.0
7,week,2021-07-01 09:30:00,2021-07-01 09:15:00,False,False,0,
7,week,2021-07-01 10:30:00,2021-07-01 10:15:00,True,False,1,
7,week,2021-07-01 11:15:00,2021-07-01 11:00:00,True,False,1,
7,week,2021-07-01 13:30:00,2021-07-01 13:15:00,True,True,1,15.0
7,week,2021-07-01 15:45:00,2021-07-01 15:30:00,True,False,1,
7,week,2021-07-02 09:15:00,2021-07-02 09:00:00,True,True,2,0.0
7,week,2021-07-02 10:45:00,2021-07-02 10:30:00,True,True,1,30.0
7,week,2021-07-02 11:15:00,2021-07-02 11:00:00,True,True,1,0.0
7,week,2021-07-02 13:45:00,2021-07-02 13:30:00,True,True,2,90.0
7,week,2021-07-02 14:45:00,2021-07-02 14:30:00,False,False,0,
7,week,2021-07-05 08:45:00,2021-07-05 08:30:00,True,True,2,90.0
7,week,2021-07-05 10:30:00,2021-07-05 10:15:00,True,True,2,75.0
7,week,2021-07-05 14:00:00,2021-07-05 13:45:00,True,True,2,105.0
7,week,2021-07-05 16:00:00,2021-07-05 15:45:00,True,True,1,45.0
7,week,2021-07-06 08:30:00,2021-07-06 08:15:00,True,True,2,75.0
7,week,2021-07-06 09:45:00,2021-07-06 09:30:00,False,False,0,
7,week,2021-07-06 11:15:00,2021-07-06 11:00:00,True,True,1,0.0
7,week,2021-07-06 14:15:00,2021-07-06 14:00:00,True,True,2,60.0
7,week,2021-07-06 15:00:00,2021-07-06 14:45:00,False,False,0,
7,week,2021-07-06 16:15:00,2021-07-06 16:00:00,True,False,1,
7,week,2021-07-07 08:45:00,2021-07-07 08:30:00,True,True,2,90.0
7,week,2021-07-07 10:30:00,2021-07-07 10:15:00,True,False,1,
7,week,2021-07-07 11:30:00,2021-07-07 11:15:00,True,False,1,
7,week,2021-07-07 13:30:00,2021-07-07 13:15:00,True,True,2,75.0
7,week,2021-07-07 16:15:00,2021-07-07 16:00:00,True,True,2,0.0
7,week,2021-07-07 18:00:00,2021-07-07 17:45:00,True,True,1,45.0
7,week,2021-07-08 09:00:00,2021-07-08 08:45:00,True,True,2,105.0
7,week,2021-07-08 09:30:00,2021-07-08 09:15:00,False,False,0,
7,week,2021-07-08 10:30:00,2021-07-08 10:15:00,False,False,0,
7,week,2021-07-08 13:30:00,2021-07-08 13:15:00,True,True,1,15.0
7,week,2021-07-08 16:00:00,2021-07-08 15:45:00,True,True,1,45.0
7,week,2021-07-09 08:45:00,2021-07-09 08:30:00,True,True,2,30.0
7,week,2021-07-09 13:30:00,2021-07-09 13:15:00,True,True,2,15.0
7,week,2021-07-09 14:30:00,2021-07-09 14:15:00,True,True,1,15.0
7,week,2021-07-09 15:45:00,2021-07-09 15:30:00,False,False,0,
7,week,2021-07-12 08:30:00,2021-07-12 08:15:00,True,True,2,75.0
7,week,2021-07-12 10:30:00,2021-07-12 10:15:00,False,False,0,
7,week,2021-07-12 13:45:00,2021-07-12 13:30:00,True,True,1,30.0
7,week,2021-07-12 14:15:00,2021-07-12 14:00:00,True,True,1,0.0
7,week,2021-07-12 15:45:00,2021-07-12 15:30:00,False,False,0,
7,week,2021-07-12 16:45:00,2021-07-12 16:30:00,False,False,0,
7,week,2021-07-14 08:30:00,2021-07-14 08:15:00,True,True,2,75.0
7,week,2021-07-14 10:30:00,2021-07-14 10:15:00,False,False,0,
7,week,2021-07-14 11:15:00,2021-07-14 11:00:00,True,True,1,0.0
7,week,2021-07-14 13:30:00,2021-07-14 13:15:00,True,True,1,15.0
7,week,2021-07-14 14:15:00,2021-07-14 14:00:00,True,True,1,0.0
7,week,2021-07-14 15:00:00,2021-07-14 14:45:00,False,False,0,
7,week,2021-07-14 18:00:00,2021-07-14 17:45:00,True,True,2,105.0
7,week,2021-07-16 08:15:00,2021-07-16 08:00:00,True,True,2,60.0
7,week,2021-07-16 09:45:00,2021-07-16 09:30:00,False,False,0,
7,week,2021-07-16 10:45:00,2021-07-16 10:30:00,False,False,0,
7,week,2021-07-16 13:45:00,2021-07-16 13:30:00,True,True,1,30.0
7,week,2021-07-16 15:00:00,2021-07-16 14:45:00,False,False,0,
7,week,2021-07-16 15:45:00,2021-07-16 15:30:00,False,False,0,
7,week,2021-07-16 16:15:00,2021-07-16 16:00:00,True,False,1,
7,week,2021-07-19 08:30:00,2021-07-19 08:15:00,True,True,2,75.0
7,week,2021-07-19 09:45:00,2021-07-19 09:30:00,False,False,0,
7,week,2021-07-19 10:30:00,2021-07-19 10:15:00,True,True,1,15.0
7,week,2021-07-19 13:30:00,2021-07-19 13:15:00,True,True,1,15.0
7,week,2021-07-19 14:30:00,2021-07-19 14:15:00,True,True,1,15.0
7,week,2021-07-19 15:45:00,2021-07-19 15:30:00,True,True,1,30.0
7,week,2021-07-19 18:00:00,2021-07-19 17:45:00,False,False,0,
7,week,2021-07-20 08:30:00,2021-07-20 08:15:00,True,False,2,
7,week,2021-07-20 10:00:00,2021-07-20 09:45:00,False,False,0,
7,week,2021-07-20 10:30:00,2021-07-20 10:15:00,False,False,0,
7,week,2021-07-20 13:30:00,2021-07-20 13:15:00,True,False,1,
7,week,2021-07-20 15:45:00,2021-07-20 15:30:00,False,False,0,
7,week,2021-07-20 18:15:00,2021-07-20 18:00:00,True,False,1,
7,week,2021-07-20 19:00:00,2021-07-20 18:45:00,False,False,0,
7,week,2021-07-21 08:30:00,2021-07-21 08:15:00,True,True,2,75.0
7,week,2021-07-21 10:30:00,2021-07-21 10:15:00,False,False,0,
7,week,2021-07-21 11:15:00,2021-07-21 11:00:00,True,True,1,0.0
7,week,2021-07-21 13:15:00,2021-07-21 13:00:00,True,True,1,0.0
7,week,2021-07-21 15:45:00,2021-07-21 15:30:00,False,False,0,
7,week,2021-07-22 08:15:00,2021-07-22 08:00:00,True,False,2,
7,week,2021-07-22 10:30:00,2021-07-22 10:15:00,False,False,0,
7,week,2021-07-22 13:45:00,2021-07-22 13:30:00,True,False,1,
7,week,2021-07-22 14:15:00,2021-07-22 14:00:00,True,False,1,
7,week,2021-07-22 15:45:00,2021-07-22 15:30:00,False,False,0,
7,week,2021-07-23 08:30:00,2021-07-23 08:15:00,True,True,2,75.0
7,week,2021-07-23 10:30:00,2021-07-23 10:15:00,False,False,0,
7,week,2021-07-23 13:30:00,2021-07-23 13:15:00,True,True,1,15.0
7,week,2021-07-23 15:45:00,2021-07-23 15:30:00,False,False,0,
7,week,2021-07-23 18:00:00,2021-07-23 17:45:00,False,False,0,
7,week,2021-07-26 08:15:00,2021-07-26 08:00:00,True,True,2,60.0
7,week,2021-07-26 10:30:00,2021-07-26 10:15:00,False,False,0,
7,week,2021-07-26 13:30:00,2021-07-26 13:15:00,True,True,1,15.0
7,week,2021-07-26 14:30:00,2021-07-26 14:15:00,True,True,1,15.0
7,week,2021-07-26 15:45:00,2021-07-26 15:30:00,False,False,0,
7,week,2021-07-26 16:45:00,2021-07-26 16:30:00,False,False,0,
7,week,2021-07-26 18:15:00,2021-07-26 18:00:00,True,True,2,60.0
7,week,2021-07-26 19:30:00,2021-07-26 19:15:00,True,False,1,
7,week,2021-07-27 08:15:00,2021-07-27 08:00:00,True,True,2,60.0
7,week,2021-07-27 09:45:00,2021-07-27 09:30:00,False,False,0,
7,week,2021-07-27 10:30:00,2021-07-27 10:15:00,False,False,0,
7,week,2021-07-27 13:30:00,2021-07-27 13:15:00,True,True,1,15.0
7,week,2021-07-27 15:45:00,2021-07-27 15:30:00,False,False,0,
7,week,2021-07-27 18:00:00,2021-07-27 17:45:00,False,False,0,
7,week,2021-07-27 19:45:00,2021-07-27 19:30:00,True,False,1,
7,week,2021-07-28 08:15:00,2021-07-28 08:00:00,True,True,2,60.0
7,week,2021-07-28 10:30:00,2021-07-28 10:15:00,False,False,0,
7,week,2021-07-28 13:15:00,2021-07-28 13:00:00,True,True,1,0.0
7,week,2021-07-28 15:45:00,2021-07-28 15:30:00,False,False,0,
7,week,2021-07-28 18:00:00,2021-07-28 17:45:00,True,False,1,
7,week,2021-07-29 08:30:00,2021-07-29 08:15:00,True,True,2,75.0
7,week,2021-07-29 10:30:00,2021-07-29 10:15:00,False,False,0,
7,week,2021-07-29 13:30:00,2021-07-29 13:15:00,True,True,1,15.0
7,week,2021-07-29 14:30:00,2021-07-29 14:15:00,False,False,0,
7,week,2021-07-29 15:45:00,2021-07-29 15:30:00,False,False,0,
7,week,2021-07-29 18:45:00,2021-07-29 18:30:00,True,False,2,
7,week,2021-07-29 19:45:00,2021-07-29 19:30:00,False,False,0,
7,week,2021-07-30 08:15:00,2021-07-30 08:00:00,True,True,2,60.0
7,week,2021-07-30 10:30:00,2021-07-30 10:15:00,False,False,0,
7,week,2021-07-30 13:15:00,2021-07-30 13:00:00,True,True,1,0.0
7,week,2021-07-30 15:45:00,2021-07-30 15:30:00,False,False,0,
7,week,2021-07-30 18:00:00,2021-07-30 17:45:00,True,False,1,
