period,model,days,daily_peak_mae,peak_underprediction,tp,fn,fp,tn,recall,precision,f1,false_positive_rate,peak_rate
Apr-Jun,pred,91,19.992784301787694,14.261528161222392,13,31,6,41,0.29545454545454547,0.6842105263157895,0.4126984126984127,0.1276595744680851,0.4835164835164835
Apr-Jun,naive,91,18.923076923076923,10.472527472527473,32,12,14,33,0.7272727272727273,0.6956521739130435,0.7111111111111111,0.2978723404255319,0.4835164835164835
Apr-Jun,peak_head,91,17.77121584530134,11.52367043330945,23,21,7,40,0.5227272727272727,0.7666666666666667,0.6216216216216216,0.14893617021276595,0.4835164835164835
July,pred,29,20.438269950573922,16.706200190569877,14,6,0,9,0.7,1.0,0.8235294117647058,0.0,0.6896551724137931
July,naive,29,16.620689655172413,10.620689655172415,19,1,0,9,0.95,1.0,0.9743589743589743,0.0,0.6896551724137931
July,peak_head,29,17.483028712000547,13.140219377434835,19,1,0,9,0.95,1.0,0.9743589743589743,0.0,0.6896551724137931
2021-04,pred,30,18.119353840760308,12.102254244261287,4,8,2,16,0.3333333333333333,0.6666666666666666,0.4444444444444444,0.1111111111111111,0.4
2021-04,naive,30,21.466666666666665,11.5,10,2,6,12,0.8333333333333334,0.625,0.7142857142857143,0.3333333333333333,0.4
2021-04,peak_head,30,18.006586306363722,10.907915148455764,8,4,2,16,0.6666666666666666,0.8,0.7272727272727273,0.1111111111111111,0.4
2021-05,pred,31,27.035274592608538,16.034264241109444,0,11,4,16,0.0,0.0,0.0,0.2,0.3548387096774194
2021-05,naive,31,24.677419354838708,12.064516129032258,4,7,7,13,0.36363636363636365,0.36363636363636365,0.36363636363636365,0.35,0.3548387096774194
2021-05,peak_head,31,24.43485314173206,13.338643269075066,2,9,5,15,0.18181818181818182,0.2857142857142857,0.2222222222222222,0.25,0.3548387096774194
2021-06,pred,30,14.588974795633536,14.588974795633536,9,12,0,9,0.42857142857142855,1.0,0.6,0.0,0.7
2021-06,naive,30,10.433333333333334,7.8,18,3,1,8,0.8571428571428571,0.9473684210526315,0.9,0.1111111111111111,0.7
2021-06,peak_head,30,10.650086844593893,10.263953787872,13,8,0,9,0.6190476190476191,1.0,0.7647058823529411,0.0,0.7
2021-07,pred,29,20.438269950573922,16.706200190569877,14,6,0,9,0.7,1.0,0.8235294117647058,0.0,0.6896551724137931
2021-07,naive,29,16.620689655172413,10.620689655172415,19,1,0,9,0.95,1.0,0.9743589743589743,0.0,0.6896551724137931
2021-07,peak_head,29,17.483028712000547,13.140219377434835,19,1,0,9,0.95,1.0,0.9743589743589743,0.0,0.6896551724137931
