features,model,fold,n,days,mae,rmse,wape,daily_peak_mae,peak_underprediction,peak_day_recall,alarm_precision,false_alarm_days,seconds
F0,LGB_small,2021-04,2880,30,38.3346108686084,58.49556870795579,0.4052894356664557,48.20673617446562,29.002238967325432,0.0,0.0,1,0.13515996932983398
F0,LGB_small,2021-05,2976,31,24.644639145062634,40.32773263470649,0.2867616489445475,26.847359604389847,23.582736609746693,0.0,0.0,0,0.10356473922729492
F0,LGB_small,2021-06,2880,30,35.88567722316839,47.91753344468405,0.34888213507809696,44.15295495670936,27.709934251973767,0.14285714285714285,1.0,0,0.11712074279785156
F1,LGB_small,2021-04,2880,30,22.376809237457607,33.78870630041623,0.2365769257173197,24.306574178394783,19.024141791884837,0.16666666666666666,0.5,2,0.13706755638122559
F1,LGB_small,2021-05,2976,31,23.380048380021023,40.50671517103003,0.27204704383757716,28.10301843266657,20.248628309594558,0.0,0.0,0,0.18135690689086914
F1,LGB_small,2021-06,2880,30,16.488845649063947,22.01139030069163,0.16030528389484047,20.840737158922952,14.703298432763498,0.19047619047619047,0.8,1,0.1976149082183838
F2,LGB_small,2021-04,2880,30,24.54634893630753,37.57824920075109,0.2595142009440495,26.465246659681004,21.70091206972138,0.08333333333333333,1.0,0,0.17464518547058105
F2,LGB_small,2021-05,2976,31,25.935233744060888,40.76977077479215,0.30177883110531006,24.967708561415563,14.11731229729278,0.09090909090909091,0.3333333333333333,2,0.23830127716064453
F2,LGB_small,2021-06,2880,30,10.991389010642989,15.322142263530425,0.1068587682394722,24.695467440541325,24.670167534862767,0.0,0.0,0,0.29941225051879883
F3,LGB_small,2021-04,2880,30,23.311514823461124,36.12307060639726,0.2464590215800917,23.612746231487144,18.207110347343136,0.25,0.6,2,0.23980998992919922
F3,LGB_small,2021-05,2976,31,26.464136103209384,41.091965603612884,0.3079330665861923,24.608400137690612,14.471933301081304,0.0,0.0,0,0.3122704029083252
F3,LGB_small,2021-06,2880,30,10.70443322173609,14.571426444574545,0.10406897141651512,23.747168045424793,23.517461679494506,0.0,0.0,0,0.3536980152130127
F4,LGB_small,2021-04,2880,30,22.5494314862029,35.448201150123246,0.23840195986250115,21.90118660306031,16.710967879202776,0.25,1.0,0,0.26018190383911133
F4,LGB_small,2021-05,2976,31,26.841792902981275,41.327933076410005,0.3123274294332298,24.64157898566929,14.07584589398297,0.09090909090909091,1.0,0,0.32921600341796875
F4,LGB_small,2021-06,2880,30,11.718545543654722,16.196749944972346,0.1139282160917572,24.916606136770394,24.70262269720643,0.09523809523809523,1.0,0,0.32666730880737305
F5,LGB_small,2021-04,2880,30,23.03856009446238,36.00140998086608,0.24357323076151366,22.540709540702274,16.992029343768483,0.25,0.6,2,0.21166658401489258
F5,LGB_small,2021-05,2976,31,26.697383971432334,41.797121519520005,0.31064710686532593,24.714087088818136,12.642720075715557,0.09090909090909091,1.0,0,0.33069849014282227
F5,LGB_small,2021-06,2880,30,12.494043826907284,16.833320597069456,0.12146764456980959,25.120972762941715,24.892453328690912,0.047619047619047616,1.0,0,0.3977682590484619
F2,Ridge,2021-04,2880,30,51.61796705889813,60.304200405623305,0.545726597075797,44.19145919263387,3.385573147187144,0.8333333333333334,0.47619047619047616,11,0.015058755874633789
F2,Ridge,2021-05,2976,31,29.05805524788765,39.939749529847155,0.3381155548254568,32.33314287563403,26.490348448522692,0.09090909090909091,0.3333333333333333,2,0.017405271530151367
F2,Ridge,2021-06,2880,30,14.46714253317682,18.436332877302455,0.14065019712642451,26.954724287299523,26.290550089105828,0.14285714285714285,1.0,0,0.017332077026367188
F2,ExtraTrees,2021-04,2880,30,23.362889497560406,32.90787706296727,0.24700217598290047,25.160175362296524,19.500931946888684,0.0,0.0,1,0.373307466506958
F2,ExtraTrees,2021-05,2976,31,22.03029352774044,35.467140567151446,0.2563414810645702,25.616263012386003,18.2381546512274,0.0,0.0,0,0.5533380508422852
F2,ExtraTrees,2021-06,2880,30,13.332177430931157,16.94244172002499,0.12961601639609813,23.12653798535867,21.109474104448562,0.09523809523809523,1.0,0,0.7070283889770508
F2,LGB_medium,2021-04,2880,30,23.252086136764866,35.6143864935584,0.2458307168093434,22.913972525219265,17.80176788184894,0.25,0.6,2,0.4048588275909424
F2,LGB_medium,2021-05,2976,31,25.642161166142966,40.666047330652624,0.29836867869003275,23.158766593265394,11.818126454983101,0.09090909090909091,0.25,3,0.4592435359954834
F2,LGB_medium,2021-06,2880,30,11.722459139045277,17.151050968163194,0.11396626423857625,26.124881746631566,25.72388898448399,0.047619047619047616,1.0,0,0.6110372543334961
F2,LGB_smooth,2021-04,2880,30,24.074116038385096,34.79254335279108,0.2545215585155634,27.665044680798,23.41139618376052,0.0,0.0,0,0.17691254615783691
F2,LGB_smooth,2021-05,2976,31,27.178334639835136,40.70594368759084,0.3162433830339628,25.91423275039212,16.433783372781633,0.18181818181818182,0.5,2,0.231003999710083
F2,LGB_smooth,2021-06,2880,30,10.117581991004714,14.106206260666376,0.0983635778948182,21.090151881455952,20.62339916217044,0.14285714285714285,1.0,0,0.24147844314575195
