month,model,level,score_threshold,n,TP,FP,FN,TN,recall,precision,FPR
4,last,interval,178.0,5760,11,125,81,5543,0.11956521739130435,0.08088235294117647,0.02205363443895554
4,last,window,170.0,720,17,33,44,626,0.2786885245901639,0.34,0.05007587253414264
4,week,interval,175.0,5760,36,242,56,5426,0.391304347826087,0.12949640287769784,0.04269583627381793
4,week,window,182.0,720,22,17,39,642,0.36065573770491804,0.5641025641025641,0.025796661608497723
5,last,interval,172.0,5952,23,209,83,5637,0.2169811320754717,0.09913793103448276,0.035750940814231955
5,last,window,169.0,744,15,24,37,668,0.28846153846153844,0.38461538461538464,0.03468208092485549
5,week,interval,173.0,5952,22,138,84,5708,0.20754716981132076,0.1375,0.023605884365378037
5,week,window,180.0,744,8,23,44,669,0.15384615384615385,0.25806451612903225,0.033236994219653176
6,last,interval,170.0,5760,224,512,226,4798,0.49777777777777776,0.30434782608695654,0.09642184557438795
6,last,window,168.0,720,75,27,74,544,0.5033557046979866,0.7352941176470589,0.047285464098073555
6,week,interval,169.0,5760,198,304,252,5006,0.44,0.3944223107569721,0.05725047080979284
6,week,window,178.0,720,58,26,91,545,0.38926174496644295,0.6904761904761905,0.04553415061295972
7,last,interval,177.0,5544,434,478,414,4218,0.5117924528301887,0.4758771929824561,0.10178875638841567
7,last,window,167.0,693,136,24,72,461,0.6538461538461539,0.85,0.049484536082474224
7,week,interval,172.0,5544,622,284,226,4412,0.7334905660377359,0.6865342163355408,0.06047700170357751
7,week,window,177.0,693,172,13,36,472,0.8269230769230769,0.9297297297297298,0.026804123711340205
