month,model,minutes,n,origins,MAE,RMSE,bias,recall,precision,FP,FN,positive_slots,window_max_MAE,window_recall,onset_events,onset_recall
4,cat_F0,15,720,720,11.088843889004027,16.576951407272546,3.5332796034669647,0.0,0.0,1,8,8,11.088843889004027,0.0,5,0.0
4,cat_F0,30,720,720,12.434582640160752,18.34669509914314,3.173826840838233,0.0,,0,7,7,12.434582640160752,0.0,6,0.0
4,cat_F0,45,720,720,12.840743739143944,19.573346545993108,2.3353994146227652,0.07142857142857142,1.0,0,13,14,12.840743739143944,0.07142857142857142,13,0.07692307692307693
4,cat_F0,60,720,720,12.717154895678423,19.472085249022268,1.2898832011308383,0.058823529411764705,1.0,0,16,17,12.717154895678423,0.058823529411764705,16,0.0625
4,cat_F0,75,720,720,13.66145990782098,21.041582199473414,2.621123239181271,0.125,1.0,0,7,8,13.66145990782098,0.125,8,0.125
4,cat_F0,90,720,720,15.02937914249518,23.245433459059573,2.259489530389484,0.0,0.0,1,7,7,15.02937914249518,0.0,7,0.0
4,cat_F0,105,720,720,15.225457073296841,24.15301271987572,1.4277595680398434,0.0,0.0,2,14,14,15.225457073296841,0.0,11,0.0
4,cat_F0,120,720,720,15.188656949066212,24.31401578661815,0.44720524145823426,0.0,,0,17,17,15.188656949066212,0.0,15,0.0
4,cat_F1,15,720,720,12.411652770116918,21.91684049365374,5.521816312545355,0.0,0.0,2,8,8,12.411652770116918,0.0,5,0.0
4,cat_F1,30,720,720,13.956333418190894,23.92894433078885,5.06687014601286,0.14285714285714285,0.3333333333333333,2,6,7,13.956333418190894,0.14285714285714285,6,0.16666666666666666
4,cat_F1,45,720,720,14.222416885578756,25.24856721615253,4.18325557611863,0.14285714285714285,0.6666666666666666,1,12,14,14.222416885578756,0.14285714285714285,13,0.15384615384615385
4,cat_F1,60,720,720,14.032898983816573,24.81632573622308,3.2216593434382457,0.11764705882352941,0.6666666666666666,1,15,17,14.032898983816573,0.11764705882352941,16,0.125
4,cat_F1,75,720,720,15.182117139135535,25.593047326340113,4.7249518558173955,0.25,0.6666666666666666,1,6,8,15.182117139135535,0.25,8,0.25
4,cat_F1,90,720,720,16.624908725611164,27.769610611475734,4.460057275571491,0.0,0.0,3,7,7,16.624908725611164,0.0,7,0.0
4,cat_F1,105,720,720,16.706107224947107,28.737807398647664,3.5782498583458175,0.0,0.0,3,14,14,16.706107224947107,0.0,11,0.0
4,cat_F1,120,720,720,16.547636483864135,28.554412006802117,2.6478833529079133,0.0,0.0,3,17,17,16.547636483864135,0.0,15,0.0
4,cat_F2,15,720,720,11.796689907250071,22.48142416957458,4.219374784107102,0.0,0.0,1,8,8,11.796689907250071,0.0,5,0.0
4,cat_F2,30,720,720,13.416727107655626,24.638202241861137,3.865719857880214,0.14285714285714285,0.5,1,6,7,13.416727107655626,0.14285714285714285,6,0.16666666666666666
4,cat_F2,45,720,720,13.85753423179666,26.04638178634665,2.801902765941914,0.14285714285714285,0.6666666666666666,1,12,14,13.85753423179666,0.14285714285714285,13,0.15384615384615385
4,cat_F2,60,720,720,13.437893502526489,25.409049260051233,1.8147383642630817,0.11764705882352941,0.6666666666666666,1,15,17,13.437893502526489,0.11764705882352941,16,0.125
4,cat_F2,75,720,720,14.304700860741573,25.794432049971064,3.372164881621733,0.25,1.0,0,6,8,14.304700860741573,0.25,8,0.25
4,cat_F2,90,720,720,15.848721740028246,28.181510743446204,3.025309339267409,0.0,0.0,3,7,7,15.848721740028246,0.0,7,0.0
4,cat_F2,105,720,720,16.202986449662323,29.334189404153857,2.0513022989915766,0.0,0.0,2,14,14,16.202986449662323,0.0,11,0.0
4,cat_F2,120,720,720,15.804705374474912,28.95552751499299,1.1562051861465872,0.0,,0,17,17,15.804705374474912,0.0,15,0.0
4,day,15,720,720,35.11666666666667,58.83307365381785,-3.1777777777777776,0.5,0.5,4,4,8,35.11666666666667,0.5,5,0.8
4,day,30,720,720,36.768055555555556,61.28962437114095,-3.3541666666666665,0.42857142857142855,0.42857142857142855,4,4,7,36.768055555555556,0.42857142857142855,6,0.5
4,day,45,720,720,37.88611111111111,62.764639726521175,-3.441666666666667,0.42857142857142855,0.42857142857142855,8,8,14,37.88611111111111,0.42857142857142855,13,0.46153846153846156
4,day,60,720,720,37.50833333333333,62.685923459736955,-3.425,0.35294117647058826,0.35294117647058826,11,11,17,37.50833333333333,0.35294117647058826,16,0.375
4,day,75,720,720,35.13055555555555,58.835198270725286,-3.191666666666667,0.5,0.5,4,4,8,35.13055555555555,0.5,8,0.5
4,day,90,720,720,36.78055555555556,61.29074608418106,-3.3666666666666667,0.42857142857142855,0.42857142857142855,4,4,7,36.78055555555556,0.42857142857142855,7,0.42857142857142855
4,day,105,720,720,37.90138888888889,62.76719551910323,-3.470833333333333,0.42857142857142855,0.42857142857142855,8,8,14,37.90138888888889,0.42857142857142855,11,0.5454545454545454
4,day,120,720,720,37.5125,62.6863555063354,-3.4430555555555555,0.35294117647058826,0.35294117647058826,11,11,17,37.5125,0.35294117647058826,15,0.4
4,hour_mean,15,720,720,17.366666666666667,26.579029170883324,3.4006944444444445,0.125,0.25,3,7,8,17.366666666666667,0.125,5,0.0
4,hour_mean,30,720,720,17.445833333333333,29.262206617258226,0.5090277777777777,0.14285714285714285,0.25,3,6,7,17.445833333333333,0.14285714285714285,6,0.0
4,hour_mean,45,720,720,16.220833333333335,27.983744041059904,-2.0131944444444443,0.07142857142857142,0.25,3,13,14,16.220833333333335,0.07142857142857142,13,0.0
4,hour_mean,60,720,720,16.735416666666666,26.989111744882933,-2.3201388888888888,0.058823529411764705,0.25,3,16,17,16.735416666666666,0.058823529411764705,16,0.0
4,hour_mean,75,720,720,22.115972222222222,32.7119106324015,3.33125,0.0,0.0,4,8,8,22.115972222222222,0.0,8,0.0
4,hour_mean,90,720,720,21.086111111111112,34.49723720821712,0.4465277777777778,0.0,0.0,4,7,7,21.086111111111112,0.0,7,0.0
4,hour_mean,105,720,720,20.125,33.52365976275396,-2.0840277777777776,0.07142857142857142,0.25,3,13,14,20.125,0.07142857142857142,11,0.0
4,hour_mean,120,720,720,20.272916666666667,33.302730743889455,-2.38125,0.0,0.0,4,17,17,20.272916666666667,0.0,15,0.0
4,last,15,720,720,13.590277777777779,21.41848241330111,5.648611111111111,0.375,0.17647058823529413,14,5,8,13.590277777777779,0.375,5,0.0
4,last,30,720,720,14.0125,23.99719312290039,2.7569444444444446,0.14285714285714285,0.058823529411764705,16,6,7,14.0125,0.14285714285714285,6,0.0
4,last,45,720,720,13.440277777777778,23.19815006992296,0.23472222222222222,0.07142857142857142,0.058823529411764705,16,13,14,13.440277777777778,0.07142857142857142,13,0.0
4,last,60,720,720,14.427777777777777,22.520977874960145,-0.07222222222222222,0.058823529411764705,0.058823529411764705,16,16,17,14.427777777777777,0.058823529411764705,16,0.0
4,last,75,720,720,21.145833333333332,31.37742907816948,5.579166666666667,0.0,0.0,17,8,8,21.145833333333332,0.0,8,0.0
4,last,90,720,720,20.494444444444444,33.651646814581504,2.6944444444444446,0.0,0.0,17,7,7,20.494444444444444,0.0,7,0.0
4,last,105,720,720,19.569444444444443,31.950786809995428,0.1638888888888889,0.21428571428571427,0.17647058823529413,14,11,14,19.569444444444443,0.21428571428571427,11,0.0
4,last,120,720,720,19.983333333333334,31.55634290880009,-0.13333333333333333,0.11764705882352941,0.11764705882352941,15,15,17,19.983333333333334,0.11764705882352941,15,0.0
4,lgb_F0,15,720,720,10.430895767177317,15.840523485993332,3.981256416927579,0.0,,0,8,8,10.430895767177317,0.0,5,0.0
4,lgb_F0,30,720,720,12.177793928638618,17.792847919440003,4.116453742661361,0.0,0.0,1,7,7,12.177793928638618,0.0,6,0.0
4,lgb_F0,45,720,720,11.821360504342985,18.072139859755264,3.1762344834493863,0.0,0.0,3,14,14,11.821360504342985,0.0,13,0.0
4,lgb_F0,60,720,720,11.70924106266084,18.172405728936386,2.715452528759821,0.058823529411764705,0.3333333333333333,2,16,17,11.70924106266084,0.058823529411764705,16,0.0625
4,lgb_F0,75,720,720,13.104890412142415,20.70844748627431,3.4921961590094055,0.0,,0,8,8,13.104890412142415,0.0,8,0.0
4,lgb_F0,90,720,720,14.635973571631283,22.735247167091533,3.402599131676292,0.0,,0,7,7,14.635973571631283,0.0,7,0.0
4,lgb_F0,105,720,720,14.305898311527473,23.213142511169895,2.4035086483632484,0.0,0.0,1,14,14,14.305898311527473,0.0,11,0.0
4,lgb_F0,120,720,720,14.110948733193794,23.361790145327415,1.8600108428767375,0.058823529411764705,1.0,0,16,17,14.110948733193794,0.058823529411764705,15,0.06666666666666667
4,lgb_F1,15,720,720,12.047501341969422,22.612493045168897,5.230335981880652,0.0,0.0,2,8,8,12.047501341969422,0.0,5,0.0
4,lgb_F1,30,720,720,13.563734838075877,24.02128975644658,4.839524806293606,0.14285714285714285,0.2,4,6,7,13.563734838075877,0.14285714285714285,6,0.16666666666666666
4,lgb_F1,45,720,720,13.530088150648847,24.380521567591607,3.9083967828314212,0.21428571428571427,0.5,3,11,14,13.530088150648847,0.21428571428571427,13,0.23076923076923078
4,lgb_F1,60,720,720,13.518629225704414,24.47412551325751,3.187150944592554,0.23529411764705882,0.5714285714285714,3,13,17,13.518629225704414,0.23529411764705882,16,0.25
4,lgb_F1,75,720,720,14.43673525656542,25.681887863051564,5.063801512640919,0.25,0.6666666666666666,1,6,8,14.43673525656542,0.25,8,0.25
4,lgb_F1,90,720,720,15.708761628616394,27.500047382519632,4.305205526383372,0.0,0.0,6,7,7,15.708761628616394,0.0,7,0.0
4,lgb_F1,105,720,720,15.581138737895314,27.888827442455298,3.3241247450217766,0.0,0.0,7,14,14,15.581138737895314,0.0,11,0.0
4,lgb_F1,120,720,720,15.572267767057054,28.133430315548203,2.6452005914860037,0.0,0.0,4,17,17,15.572267767057054,0.0,15,0.0
4,lgb_F2,15,720,720,11.877221011695275,22.205489121105153,4.864836788743143,0.125,0.5,1,7,8,11.877221011695275,0.125,5,0.0
4,lgb_F2,30,720,720,13.30579545426456,23.61868070931896,4.683649724105602,0.14285714285714285,0.16666666666666666,5,6,7,13.30579545426456,0.14285714285714285,6,0.16666666666666666
4,lgb_F2,45,720,720,13.309003555517583,24.069167647107353,3.6023344930605856,0.21428571428571427,0.375,5,11,14,13.309003555517583,0.21428571428571427,13,0.23076923076923078
4,lgb_F2,60,720,720,13.210094082083888,24.173035501393798,2.909570559006478,0.17647058823529413,0.42857142857142855,4,14,17,13.210094082083888,0.17647058823529413,16,0.1875
4,lgb_F2,75,720,720,14.172348738336584,25.362418785441545,4.422215888021977,0.125,1.0,0,7,8,14.172348738336584,0.125,8,0.125
4,lgb_F2,90,720,720,15.491464124665342,27.124801948738714,4.163467848670041,0.0,0.0,2,7,7,15.491464124665342,0.0,7,0.0
4,lgb_F2,105,720,720,15.416450633454362,27.59775284018502,3.028051669319576,0.0,0.0,4,14,14,15.416450633454362,0.0,11,0.0
4,lgb_F2,120,720,720,15.231173763234732,27.751268505814114,2.369022954313941,0.0,0.0,3,17,17,15.231173763234732,0.0,15,0.0
4,ridge_F0,15,720,720,13.069779289247112,17.83888792009361,-0.9082796572590582,0.0,,0,8,8,13.069779289247112,0.0,5,0.0
4,ridge_F0,30,720,720,14.055313962757545,20.163261500937438,-2.507825376458014,0.0,0.0,1,7,7,14.055313962757545,0.0,6,0.0
4,ridge_F0,45,720,720,14.208551131651749,20.51985402185438,-3.798964451410983,0.0,0.0,1,14,14,14.208551131651749,0.0,13,0.0
4,ridge_F0,60,720,720,14.661367103677135,20.765259546724632,-4.526971559362297,0.0,,0,17,17,14.661367103677135,0.0,16,0.0
4,ridge_F0,75,720,720,16.861945941811623,23.637802257298024,0.07153701848684012,0.0,,0,8,8,16.861945941811623,0.0,8,0.0
4,ridge_F0,90,720,720,18.02186036876293,26.215238928722474,-1.520123125193111,0.0,,0,7,7,18.02186036876293,0.0,7,0.0
4,ridge_F0,105,720,720,17.720716183160675,25.986429100841377,-2.8183719909740925,0.0,,0,14,14,17.720716183160675,0.0,11,0.0
4,ridge_F0,120,720,720,18.210764459629747,26.337170195053368,-3.5362336200989937,0.0,,0,17,17,18.210764459629747,0.0,15,0.0
4,ridge_F1,15,720,720,11.818842987699687,15.907567758129963,-1.1987439473131851,0.0,0.0,1,8,8,11.818842987699687,0.0,5,0.0
4,ridge_F1,30,720,720,13.251019770409465,18.07727524571304,-2.4949149437012927,0.0,0.0,1,7,7,13.251019770409465,0.0,6,0.0
4,ridge_F1,45,720,720,13.31448616498407,18.6506660726409,-3.5286694995116688,0.0,,0,14,14,13.31448616498407,0.0,13,0.0
4,ridge_F1,60,720,720,13.852466743248993,19.181292343223642,-4.1051614506288745,0.0,,0,17,17,13.852466743248993,0.0,16,0.0
4,ridge_F1,75,720,720,15.378429149443708,21.731550575855252,-0.4514230488092802,0.0,,0,8,8,15.378429149443708,0.0,8,0.0
4,ridge_F1,90,720,720,16.270369428099336,23.70842679645429,-1.7367803521313439,0.0,,0,7,7,16.270369428099336,0.0,7,0.0
4,ridge_F1,105,720,720,16.373106928709888,23.85591943480408,-2.78027551168481,0.0,,0,14,14,16.373106928709888,0.0,11,0.0
4,ridge_F1,120,720,720,16.873439784374007,24.573473079941973,-3.3505666834386627,0.0,,0,17,17,16.873439784374007,0.0,15,0.0
4,ridge_F2,15,720,720,12.390369709094633,16.73213761400242,-0.9878860696561208,0.0,0.0,1,8,8,12.390369709094633,0.0,5,0.0
4,ridge_F2,30,720,720,13.842025658819683,18.823157734735197,-2.2567446029556,0.0,0.0,1,7,7,13.842025658819683,0.0,6,0.0
4,ridge_F2,45,720,720,13.980068617459128,19.440789758464263,-3.265579970546141,0.0,,0,14,14,13.980068617459128,0.0,13,0.0
4,ridge_F2,60,720,720,14.391381766201166,19.90159938211061,-3.8389196709137092,0.058823529411764705,1.0,0,16,17,14.391381766201166,0.058823529411764705,16,0.0625
4,ridge_F2,75,720,720,15.742392826209239,22.09842098675957,-0.2599469758063384,0.0,,0,8,8,15.742392826209239,0.0,8,0.0
4,ridge_F2,90,720,720,16.764345868932832,24.094546129377203,-1.5163063601218763,0.0,,0,7,7,16.764345868932832,0.0,7,0.0
4,ridge_F2,105,720,720,16.8851996803991,24.283839233920652,-2.5352323830958743,0.0,,0,14,14,16.8851996803991,0.0,11,0.0
4,ridge_F2,120,720,720,17.22690494772382,24.85297309238537,-3.1055144703720794,0.0,,0,17,17,17.22690494772382,0.0,15,0.0
4,week,15,720,720,22.67222222222222,42.0451807252891,-1.6972222222222222,0.125,0.05263157894736842,18,7,8,22.67222222222222,0.125,5,0.0
4,week,30,720,720,23.993055555555557,43.80951507505089,-1.9375,0.2857142857142857,0.09523809523809523,19,5,7,23.993055555555557,0.2857142857142857,6,0.3333333333333333
4,week,45,720,720,24.279166666666665,44.940377167976685,-1.9986111111111111,0.21428571428571427,0.1111111111111111,24,11,14,24.279166666666665,0.21428571428571427,13,0.23076923076923078
4,week,60,720,720,23.808333333333334,44.353034469657956,-2.452777777777778,0.5294117647058824,0.2903225806451613,22,8,17,23.808333333333334,0.5294117647058824,16,0.5625
4,week,75,720,720,22.631944444444443,42.01307666799839,-1.7902777777777779,0.125,0.05263157894736842,18,7,8,22.631944444444443,0.125,8,0.125
4,week,90,720,720,23.944444444444443,43.776769587939626,-2.0194444444444444,0.2857142857142857,0.09523809523809523,19,5,7,23.944444444444443,0.2857142857142857,7,0.2857142857142857
4,week,105,720,720,24.227777777777778,44.90548716780364,-2.0833333333333335,0.21428571428571427,0.1111111111111111,24,11,14,24.227777777777778,0.21428571428571427,11,0.18181818181818182
4,week,120,720,720,23.745833333333334,44.3156763083524,-2.526388888888889,0.5294117647058824,0.2903225806451613,22,8,17,23.745833333333334,0.5294117647058824,15,0.5333333333333333
5,cat_F0,15,744,744,7.1055075098502645,10.52422890418532,0.6888457763378778,0.0,0.0,1,8,8,7.1055075098502645,0.0,5,0.0
5,cat_F0,30,744,744,8.329848961737733,12.142405628941678,0.8004889430951121,0.23076923076923078,1.0,0,10,13,8.329848961737733,0.23076923076923078,11,0.2727272727272727
5,cat_F0,45,744,744,8.756852650548504,13.94738273273232,-0.06243632233340679,0.0625,0.5,1,15,16,8.756852650548504,0.0625,13,0.07692307692307693
5,cat_F0,60,744,744,9.014351245302764,14.772589089289355,-0.17770575456218837,0.1875,1.0,0,13,16,9.014351245302764,0.1875,13,0.23076923076923078
5,cat_F0,75,744,744,9.053053329761173,15.935054530435917,0.6683182514409329,0.125,1.0,0,7,8,9.053053329761173,0.125,7,0.14285714285714285
5,cat_F0,90,744,744,10.234844704011602,17.605682562588512,0.7996597441694835,0.07692307692307693,1.0,0,12,13,10.234844704011602,0.07692307692307693,12,0.08333333333333333
5,cat_F0,105,744,744,10.834874202098366,19.395007656487007,0.025012053556198472,0.0625,1.0,0,15,16,10.834874202098366,0.0625,13,0.07692307692307693
5,cat_F0,120,744,744,11.381203050003561,20.19804236336044,0.05632808802996941,0.0625,1.0,0,15,16,11.381203050003561,0.0625,13,0.07692307692307693
5,cat_F1,15,744,744,7.0510773993730265,10.435754163983022,1.0016738615645882,0.25,0.6666666666666666,1,6,8,7.0510773993730265,0.25,5,0.0
5,cat_F1,30,744,744,8.44065046092297,12.299791635758277,0.897054559602985,0.23076923076923078,0.42857142857142855,4,10,13,8.44065046092297,0.23076923076923078,11,0.18181818181818182
5,cat_F1,45,744,744,8.909578421113142,14.032702476868732,-0.04741414837658878,0.0625,0.14285714285714285,6,15,16,8.909578421113142,0.0625,13,0.0
5,cat_F1,60,744,744,9.171448010848282,14.831526475179542,-0.23155617123961228,0.25,1.0,0,12,16,9.171448010848282,0.25,13,0.15384615384615385
5,cat_F1,75,744,744,9.324188407562762,16.179062263871828,0.9618505012400674,0.125,0.5,1,7,8,9.324188407562762,0.125,7,0.14285714285714285
5,cat_F1,90,744,744,10.508582524478946,18.137286329165338,0.9225748713708456,0.0,0.0,3,13,13,10.508582524478946,0.0,12,0.0
5,cat_F1,105,744,744,11.069728432725423,19.75087454102899,0.0742577461174482,0.0625,0.3333333333333333,2,15,16,11.069728432725423,0.0625,13,0.0
5,cat_F1,120,744,744,11.556667505748731,20.570330913070748,0.06975661004112586,0.125,1.0,0,14,16,11.556667505748731,0.125,13,0.0
5,cat_F2,15,744,744,6.777709079235881,9.902995806541343,0.7362308829895072,0.25,1.0,0,6,8,6.777709079235881,0.25,5,0.0
5,cat_F2,30,744,744,8.157787005863142,11.77897140116628,0.47198770654028716,0.15384615384615385,0.6666666666666666,1,11,13,8.157787005863142,0.15384615384615385,11,0.09090909090909091
5,cat_F2,45,744,744,8.591508314847783,13.573251323754683,-0.4079246616335875,0.125,0.6666666666666666,1,14,16,8.591508314847783,0.125,13,0.07692307692307693
5,cat_F2,60,744,744,8.83579413935769,14.58395246591498,-0.7978726703412535,0.125,1.0,0,14,16,8.83579413935769,0.125,13,0.07692307692307693
5,cat_F2,75,744,744,9.220964314461302,16.09169045835194,0.6167459975170111,0.125,1.0,0,7,8,9.220964314461302,0.125,7,0.14285714285714285
5,cat_F2,90,744,744,10.435545540965899,18.05130638155135,0.49739090215876847,0.0,0.0,1,13,13,10.435545540965899,0.0,12,0.0
5,cat_F2,105,744,744,10.914589710667826,19.736516084029418,-0.4060188711596774,0.125,0.6666666666666666,1,14,16,10.914589710667826,0.125,13,0.07692307692307693
5,cat_F2,120,744,744,11.315859148524662,20.52159836753296,-0.49362038700215843,0.0,,0,16,16,11.315859148524662,0.0,13,0.0
5,day,15,744,744,46.66263440860215,67.85879353639477,0.6411290322580645,0.0,0.0,8,8,8,46.66263440860215,0.0,5,0.0
5,day,30,744,744,48.704301075268816,70.65391571917024,0.7580645161290323,0.15384615384615385,0.15384615384615385,11,11,13,48.704301075268816,0.15384615384615385,11,0.18181818181818182
5,day,45,744,744,50.119623655913976,72.5286280148772,0.7137096774193549,0.25,0.25,12,12,16,50.119623655913976,0.25,13,0.3076923076923077
5,day,60,744,744,50.350806451612904,72.70520643675219,0.6814516129032258,0.1875,0.1875,13,13,16,50.350806451612904,0.1875,13,0.23076923076923078
5,day,75,744,744,46.69892473118279,67.87349871604519,0.6048387096774194,0.0,0.0,8,8,8,46.69892473118279,0.0,7,0.0
5,day,90,744,744,48.744623655913976,70.66818191720989,0.717741935483871,0.15384615384615385,0.15384615384615385,11,11,13,48.744623655913976,0.15384615384615385,12,0.16666666666666666
5,day,105,744,744,50.151881720430104,72.54108031545528,0.6814516129032258,0.25,0.25,12,12,16,50.151881720430104,0.25,13,0.3076923076923077
5,day,120,744,744,50.39381720430107,72.71940290692564,0.6384408602150538,0.1875,0.1875,13,13,16,50.39381720430107,0.1875,13,0.23076923076923078
5,hour_mean,15,744,744,15.332997311827956,24.92489895742076,2.87869623655914,0.125,0.14285714285714285,6,7,8,15.332997311827956,0.125,5,0.0
5,hour_mean,30,744,744,15.68649193548387,27.573056368491326,0.5104166666666666,0.07692307692307693,0.14285714285714285,6,12,13,15.68649193548387,0.07692307692307693,11,0.0
5,hour_mean,45,744,744,14.947244623655914,26.789487925424247,-1.63877688172043,0.0625,0.14285714285714285,6,15,16,14.947244623655914,0.0625,13,0.0
5,hour_mean,60,744,744,15.414986559139784,26.720839736237284,-1.742271505376344,0.125,0.2857142857142857,5,14,16,15.414986559139784,0.125,13,0.0
5,hour_mean,75,744,744,19.401545698924732,31.371215178903658,2.897513440860215,0.0,0.0,7,8,8,19.401545698924732,0.0,7,0.0
5,hour_mean,90,744,744,18.819556451612904,32.84860468837479,0.5198252688172043,0.0,0.0,7,13,13,18.819556451612904,0.0,12,0.0
5,hour_mean,105,744,744,18.42842741935484,32.71168524363266,-1.623991935483871,0.125,0.2857142857142857,5,14,16,18.42842741935484,0.125,13,0.07692307692307693
5,hour_mean,120,744,744,18.793346774193548,32.79309397981253,-1.7368951612903225,0.0625,0.14285714285714285,6,15,16,18.793346774193548,0.0625,13,0.0
5,last,15,744,744,11.827956989247312,19.766445446549003,4.629032258064516,0.375,0.1875,13,5,8,11.827956989247312,0.375,5,0.0
5,last,30,744,744,12.78494623655914,22.633118753634662,2.260752688172043,0.15384615384615385,0.125,14,11,13,12.78494623655914,0.15384615384615385,11,0.0
5,last,45,744,744,12.434139784946236,22.032447967506023,0.11155913978494623,0.1875,0.1875,13,13,16,12.434139784946236,0.1875,13,0.0
5,last,60,744,744,13.290322580645162,22.218973776907987,0.008064516129032258,0.1875,0.1875,13,13,16,13.290322580645162,0.1875,13,0.0
5,last,75,744,744,18.723118279569892,29.933573411878193,4.647849462365591,0.125,0.0625,15,7,8,18.723118279569892,0.125,7,0.0
5,last,90,744,744,18.326612903225808,31.89420937094772,2.2701612903225805,0.07692307692307693,0.0625,15,12,13,18.326612903225808,0.07692307692307693,12,0.0
5,last,105,744,744,17.975806451612904,31.34614242871506,0.12634408602150538,0.1875,0.1875,13,13,16,17.975806451612904,0.1875,13,0.0
5,last,120,744,744,18.438172043010752,31.457216208890816,0.013440860215053764,0.1875,0.1875,13,13,16,18.438172043010752,0.1875,13,0.0
5,lgb_F0,15,744,744,6.664140534899288,9.672349894258277,0.4465448287282259,0.0,,0,8,8,6.664140534899288,0.0,5,0.0
5,lgb_F0,30,744,744,7.472867127788964,10.785638295242494,0.41418208758988506,0.15384615384615385,1.0,0,11,13,7.472867127788964,0.15384615384615385,11,0.18181818181818182
5,lgb_F0,45,744,744,7.832692337941172,12.301129540756802,-0.11014158895286806,0.0625,0.5,1,15,16,7.832692337941172,0.0625,13,0.07692307692307693
5,lgb_F0,60,744,744,8.027246430084846,13.126258601125459,-0.08543853344739796,0.0625,0.5,1,15,16,8.027246430084846,0.0625,13,0.07692307692307693
5,lgb_F0,75,744,744,8.366145015636913,14.725589637518668,0.6335237585605861,0.125,1.0,0,7,8,8.366145015636913,0.125,7,0.14285714285714285
5,lgb_F0,90,744,744,9.20074273264673,16.156432579878157,0.42562108750129685,0.0,0.0,1,13,13,9.20074273264673,0.0,12,0.0
5,lgb_F0,105,744,744,9.723366444162505,17.592409802447673,0.11761442611550373,0.0625,0.5,1,15,16,9.723366444162505,0.0625,13,0.07692307692307693
5,lgb_F0,120,744,744,10.101900327994448,18.62333302711744,0.18555774266351685,0.0,,0,16,16,10.101900327994448,0.0,13,0.0
5,lgb_F1,15,744,744,6.75425203379331,9.636524311689604,0.020132250613709754,0.125,0.5,1,7,8,6.75425203379331,0.125,5,0.0
5,lgb_F1,30,744,744,7.695991209689018,10.930614172390525,0.21772672004847257,0.23076923076923078,0.3333333333333333,6,10,13,7.695991209689018,0.23076923076923078,11,0.18181818181818182
5,lgb_F1,45,744,744,7.964048533650458,12.607785701833164,-0.4150418014966245,0.1875,0.375,5,13,16,7.964048533650458,0.1875,13,0.15384615384615385
5,lgb_F1,60,744,744,8.295275340242465,13.555476230576224,-0.5000935520667307,0.3125,0.625,3,11,16,8.295275340242465,0.3125,13,0.23076923076923078
5,lgb_F1,75,744,744,8.60901562568162,15.397556669210445,-0.09237148516343366,0.125,0.25,3,7,8,8.60901562568162,0.125,7,0.14285714285714285
5,lgb_F1,90,744,744,9.385864172907871,16.837605313640445,-0.019188074439948962,0.0,0.0,4,13,13,9.385864172907871,0.0,12,0.0
5,lgb_F1,105,744,744,9.93208399174835,18.595044325683396,-0.5534410333844093,0.125,0.25,6,14,16,9.93208399174835,0.125,13,0.07692307692307693
5,lgb_F1,120,744,744,10.649837413924944,19.694315083496967,-0.6295671859306926,0.1875,0.6,2,13,16,10.649837413924944,0.1875,13,0.15384615384615385
5,lgb_F2,15,744,744,6.671686604653034,9.468085042618485,-0.09357816242652477,0.25,0.5,2,6,8,6.671686604653034,0.25,5,0.0
5,lgb_F2,30,744,744,7.73714272043162,10.98539971723665,0.0572075862576753,0.23076923076923078,0.3333333333333333,6,10,13,7.73714272043162,0.23076923076923078,11,0.18181818181818182
5,lgb_F2,45,744,744,7.994167574015816,12.713569973789372,-0.5051634129686208,0.1875,0.3333333333333333,6,13,16,7.994167574015816,0.1875,13,0.15384615384615385
5,lgb_F2,60,744,744,8.306060981174598,13.686542703577016,-0.5351067686212841,0.375,0.6666666666666666,3,10,16,8.306060981174598,0.375,13,0.3076923076923077
5,lgb_F2,75,744,744,8.555569536385738,15.435837497736173,-0.2207292814419347,0.25,0.4,3,6,8,8.555569536385738,0.25,7,0.2857142857142857
5,lgb_F2,90,744,744,9.418351028797522,17.039057110981968,-0.09062299331850523,0.07692307692307693,0.16666666666666666,5,12,13,9.418351028797522,0.07692307692307693,12,0.08333333333333333
5,lgb_F2,105,744,744,10.001892483239867,18.86972241708525,-0.5842885115033252,0.125,0.2857142857142857,5,14,16,10.001892483239867,0.125,13,0.07692307692307693
5,lgb_F2,120,744,744,10.601810733205284,19.984936172840406,-0.6574719358821259,0.1875,0.75,1,13,16,10.601810733205284,0.1875,13,0.15384615384615385
5,ridge_F0,15,744,744,12.670562598958332,17.38932546296527,0.41992173103734004,0.0,,0,8,8,12.670562598958332,0.0,5,0.0
5,ridge_F0,30,744,744,14.042325546299779,20.02416408110941,-0.7033977184179033,0.0,,0,13,13,14.042325546299779,0.0,11,0.0
5,ridge_F0,45,744,744,14.435882032531183,20.878289573362967,-1.7187132385081483,0.0,,0,16,16,14.435882032531183,0.0,13,0.0
5,ridge_F0,60,744,744,14.985375377931783,21.62329928753297,-2.082362458199353,0.0,0.0,1,16,16,14.985375377931783,0.0,13,0.0
5,ridge_F0,75,744,744,16.304601176594506,23.700451025153548,1.6169882703979208,0.0,,0,8,8,16.304601176594506,0.0,7,0.0
5,ridge_F0,90,744,744,17.556095306390162,26.02881006382427,0.4835378611462133,0.0,0.0,1,13,13,17.556095306390162,0.0,12,0.0
5,ridge_F0,105,744,744,17.91652969767848,26.685531251332954,-0.528272788621797,0.0,0.0,1,16,16,17.91652969767848,0.0,13,0.0
5,ridge_F0,120,744,744,18.551722610991526,27.481593148661975,-0.9014017368755292,0.0,,0,16,16,18.551722610991526,0.0,13,0.0
5,ridge_F1,15,744,744,10.869172553836089,14.752354898333111,1.2474839716053994,0.25,0.5,2,6,8,10.869172553836089,0.25,5,0.0
5,ridge_F1,30,744,744,12.385520783448655,17.112885075218013,0.4336167061332902,0.15384615384615385,0.6666666666666666,1,11,13,12.385520783448655,0.15384615384615385,11,0.09090909090909091
5,ridge_F1,45,744,744,13.056343941178913,18.251649993493203,-0.3411419722503108,0.125,0.3333333333333333,4,14,16,13.056343941178913,0.125,13,0.07692307692307693
5,ridge_F1,60,744,744,13.586450056910811,19.41669461193403,-0.6197062502526187,0.125,0.5,2,14,16,13.586450056910811,0.125,13,0.07692307692307693
5,ridge_F1,75,744,744,14.870900794694847,22.110569387096607,2.1422044788073804,0.0,0.0,4,8,8,14.870900794694847,0.0,7,0.0
5,ridge_F1,90,744,744,15.821430115454067,23.956452132287403,1.3280212234171032,0.0,0.0,6,13,13,15.821430115454067,0.0,12,0.0
5,ridge_F1,105,744,744,16.445170943782156,24.866426310798165,0.5563390485146815,0.125,0.25,6,14,16,16.445170943782156,0.125,13,0.0
5,ridge_F1,120,744,744,16.913051110529665,25.98299281275866,0.2600591259919969,0.125,0.2857142857142857,5,14,16,16.913051110529665,0.125,13,0.0
5,ridge_F2,15,744,744,11.018282122586262,14.918649166481186,1.1716678053745249,0.375,0.6,2,5,8,11.018282122586262,0.375,5,0.2
5,ridge_F2,30,744,744,12.538584243347264,17.247321184081834,0.37266322954720055,0.15384615384615385,0.5,2,11,13,12.538584243347264,0.15384615384615385,11,0.09090909090909091
5,ridge_F2,45,744,744,13.163422094197028,18.36574611677234,-0.3920988521603624,0.125,0.4,3,14,16,13.163422094197028,0.125,13,0.07692307692307693
5,ridge_F2,60,744,744,13.693907354405729,19.485077639110113,-0.6674109146771989,0.125,0.4,3,14,16,13.693907354405729,0.125,13,0.07692307692307693
5,ridge_F2,75,744,744,14.943564402463677,22.06413519140543,2.053850255193701,0.0,0.0,4,8,8,14.943564402463677,0.0,7,0.0
5,ridge_F2,90,744,744,15.9438402571152,23.91652420118527,1.2513858582597148,0.0,0.0,6,13,13,15.9438402571152,0.0,12,0.0
5,ridge_F2,105,744,744,16.496848789414553,24.814914023596792,0.4895771868784374,0.125,0.25,6,14,16,16.496848789414553,0.125,13,0.0
5,ridge_F2,120,744,744,16.95466717918965,25.878459188985495,0.20059241523618113,0.125,0.3333333333333333,4,14,16,16.95466717918965,0.125,13,0.0
5,week,15,744,744,23.827956989247312,44.99333881403345,0.5026881720430108,0.125,0.125,7,7,8,23.827956989247312,0.125,5,0.2
5,week,30,744,744,25.036290322580644,47.16245374247138,0.5846774193548387,0.15384615384615385,0.15384615384615385,11,11,13,25.036290322580644,0.15384615384615385,11,0.18181818181818182
5,week,45,744,744,26.00537634408602,48.5966225208101,0.521505376344086,0.0625,0.0625,15,15,16,26.00537634408602,0.0625,13,0.07692307692307693
5,week,60,744,744,26.013440860215052,48.689161099798696,0.6639784946236559,0.125,0.125,14,14,16,26.013440860215052,0.125,13,0.15384615384615385
5,week,75,744,744,23.802419354838708,44.98794641435242,0.5282258064516129,0.125,0.125,7,7,8,23.802419354838708,0.125,7,0.14285714285714285
5,week,90,744,744,25.024193548387096,47.16053001608283,0.5967741935483871,0.15384615384615385,0.15384615384615385,11,11,13,25.024193548387096,0.15384615384615385,12,0.16666666666666666
5,week,105,744,744,25.995967741935484,48.59497684116691,0.5309139784946236,0.0625,0.0625,15,15,16,25.995967741935484,0.0625,13,0.07692307692307693
5,week,120,744,744,26.013440860215052,48.689161099798696,0.6639784946236559,0.125,0.125,14,14,16,26.013440860215052,0.125,13,0.15384615384615385
6,cat_F0,15,720,720,6.355380729843316,8.592662507917119,-1.0915194300604247,0.21212121212121213,0.875,1,26,33,6.355380729843316,0.21212121212121213,13,0.0
6,cat_F0,30,720,720,6.572280601130203,8.992942703329236,-1.6483121661068272,0.2,0.6666666666666666,6,48,60,6.572280601130203,0.2,33,0.09090909090909091
6,cat_F0,45,720,720,6.974513789153333,9.799924828226535,-2.0912400334308154,0.208955223880597,0.7368421052631579,5,53,67,6.974513789153333,0.208955223880597,41,0.14634146341463414
6,cat_F0,60,720,720,7.078346084608139,10.03847016961083,-2.002799856407316,0.23076923076923078,0.8823529411764706,2,50,65,7.078346084608139,0.23076923076923078,39,0.20512820512820512
6,cat_F0,75,720,720,7.281496923081528,9.949866346454185,-1.155261957331492,0.12121212121212122,0.6666666666666666,2,29,33,7.281496923081528,0.12121212121212122,24,0.08333333333333333
6,cat_F0,90,720,720,7.18773142987475,10.169566948449539,-1.7021093661794686,0.15,0.5625,7,51,60,7.18773142987475,0.15,36,0.08333333333333333
6,cat_F0,105,720,720,7.6594164721108315,11.041970985416237,-1.9962233244553662,0.14925373134328357,0.7142857142857143,4,57,67,7.6594164721108315,0.14925373134328357,43,0.11627906976744186
6,cat_F0,120,720,720,8.123905751960157,11.81479684251357,-1.878993053669362,0.15384615384615385,0.8333333333333334,2,55,65,8.123905751960157,0.15384615384615385,45,0.13333333333333333
6,cat_F1,15,720,720,6.331025389755986,8.664122478418644,-0.0839646200503723,0.15151515151515152,0.625,3,28,33,6.331025389755986,0.15151515151515152,13,0.0
6,cat_F1,30,720,720,6.670058473130909,9.096116891712093,-0.9750010373021126,0.23333333333333334,0.6363636363636364,8,46,60,6.670058473130909,0.23333333333333334,33,0.15151515151515152
6,cat_F1,45,720,720,7.022160546837783,9.78937205571098,-1.5592707268179355,0.2835820895522388,0.7037037037037037,8,48,67,7.022160546837783,0.2835820895522388,41,0.2682926829268293
6,cat_F1,60,720,720,7.070421479039014,9.976555444898727,-1.3582525429147374,0.24615384615384617,0.7272727272727273,6,49,65,7.070421479039014,0.24615384615384617,39,0.23076923076923078
6,cat_F1,75,720,720,7.43554466641299,10.289123716087252,0.07592731842611573,0.21212121212121213,0.6363636363636364,4,26,33,7.43554466641299,0.21212121212121213,24,0.20833333333333334
6,cat_F1,90,720,720,7.400942892299994,10.493956933543938,-0.7590002545925725,0.26666666666666666,0.8,4,44,60,7.400942892299994,0.26666666666666666,36,0.2222222222222222
6,cat_F1,105,720,720,7.855960498359289,11.294420174260422,-1.251244013417998,0.29850746268656714,0.9090909090909091,2,47,67,7.855960498359289,0.29850746268656714,43,0.23255813953488372
6,cat_F1,120,720,720,7.959036479537522,11.449995502037611,-0.9677940703389072,0.2153846153846154,0.7777777777777778,4,51,65,7.959036479537522,0.2153846153846154,45,0.17777777777777778
6,cat_F2,15,720,720,6.414818497660755,8.78626704194562,-0.2490350486785474,0.3333333333333333,0.7333333333333333,4,22,33,6.414818497660755,0.3333333333333333,13,0.23076923076923078
6,cat_F2,30,720,720,6.732164437289819,9.298058675997654,-1.1043808790304823,0.3,0.6923076923076923,8,42,60,6.732164437289819,0.3,33,0.21212121212121213
6,cat_F2,45,720,720,7.150263981897287,10.026171025971555,-1.669859525844634,0.31343283582089554,0.7,9,46,67,7.150263981897287,0.31343283582089554,41,0.24390243902439024
6,cat_F2,60,720,720,7.164842850903084,10.170998416154934,-1.6357947967386899,0.26153846153846155,0.7083333333333334,7,48,65,7.164842850903084,0.26153846153846155,39,0.1794871794871795
6,cat_F2,75,720,720,7.571961827766145,10.545464457807023,-0.21387284201000953,0.12121212121212122,0.36363636363636365,7,29,33,7.571961827766145,0.12121212121212122,24,0.125
6,cat_F2,90,720,720,7.558424762588865,10.794317593805806,-1.013805550091879,0.25,0.7894736842105263,4,45,60,7.558424762588865,0.25,36,0.1388888888888889
6,cat_F2,105,720,720,8.002681947209236,11.564141832906158,-1.4531886118726431,0.2537313432835821,0.8095238095238095,4,50,67,8.002681947209236,0.2537313432835821,43,0.16279069767441862
6,cat_F2,120,720,720,8.252837553220045,11.802449491679166,-1.1832293609711626,0.2153846153846154,0.7368421052631579,5,51,65,8.252837553220045,0.2153846153846154,45,0.17777777777777778
6,day,15,720,720,34.797222222222224,57.405864973305064,-1.0055555555555555,0.21212121212121213,0.22580645161290322,24,26,33,34.797222222222224,0.21212121212121213,13,0.23076923076923078
6,day,30,720,720,35.75416666666667,59.44594883869996,-1.0875,0.26666666666666666,0.27586206896551724,42,44,60,35.75416666666667,0.26666666666666666,33,0.2727272727272727
6,day,45,720,720,36.734722222222224,61.22906671762286,-1.051388888888889,0.31343283582089554,0.328125,43,46,67,36.734722222222224,0.31343283582089554,41,0.34146341463414637
6,day,60,720,720,36.7125,61.32217969236108,-0.9708333333333333,0.3384615384615385,0.3492063492063492,41,43,65,36.7125,0.3384615384615385,39,0.38461538461538464
6,day,75,720,720,34.74027777777778,57.38552614650415,-0.9486111111111111,0.21212121212121213,0.22580645161290322,24,26,33,34.74027777777778,0.21212121212121213,24,0.16666666666666666
6,day,90,720,720,35.701388888888886,59.427301526038235,-1.0347222222222223,0.26666666666666666,0.27586206896551724,42,44,60,35.701388888888886,0.26666666666666666,36,0.19444444444444445
6,day,105,720,720,36.67916666666667,61.21091723613435,-0.9958333333333333,0.31343283582089554,0.328125,43,46,67,36.67916666666667,0.31343283582089554,43,0.27906976744186046
6,day,120,720,720,36.65972222222222,61.3041030890719,-0.9180555555555555,0.3384615384615385,0.3492063492063492,41,43,65,36.65972222222222,0.3384615384615385,45,0.37777777777777777
6,hour_mean,15,720,720,16.26701388888889,24.039303393378287,3.218402777777778,0.36363636363636365,0.2608695652173913,34,21,33,16.26701388888889,0.36363636363636365,13,0.07692307692307693
6,hour_mean,30,720,720,16.509375,27.032514822688785,0.6225694444444444,0.3333333333333333,0.43478260869565216,26,40,60,16.509375,0.3333333333333333,33,0.06060606060606061
6,hour_mean,45,720,720,16.471875,27.24781942090861,-1.934375,0.3283582089552239,0.4782608695652174,24,45,67,16.471875,0.3283582089552239,41,0.04878048780487805
6,hour_mean,60,720,720,16.493402777777778,26.826097303330908,-1.9357638888888888,0.3384615384615385,0.4782608695652174,24,43,65,16.493402777777778,0.3384615384615385,39,0.07692307692307693
6,hour_mean,75,720,720,20.151041666666668,30.307954985723907,3.2086805555555555,0.2727272727272727,0.1956521739130435,37,24,33,20.151041666666668,0.2727272727272727,24,0.041666666666666664
6,hour_mean,90,720,720,19.832291666666666,31.82380829356467,0.6114583333333333,0.35,0.45652173913043476,25,39,60,19.832291666666666,0.35,36,0.1111111111111111
6,hour_mean,105,720,720,19.76215277777778,32.039850132729676,-1.9427083333333333,0.34328358208955223,0.5,23,44,67,19.76215277777778,0.34328358208955223,43,0.11627906976744186
6,hour_mean,120,720,720,20.12326388888889,32.35249512745844,-1.9440972222222221,0.2923076923076923,0.41304347826086957,27,46,65,20.12326388888889,0.2923076923076923,45,0.08888888888888889
6,last,15,720,720,12.640277777777778,19.67468057061043,5.145833333333333,0.6060606060606061,0.3076923076923077,45,13,33,12.640277777777778,0.6060606060606061,13,0.0
6,last,30,720,720,13.872222222222222,23.14135307673737,2.55,0.45,0.4153846153846154,38,33,60,13.872222222222222,0.45,33,0.0
6,last,45,720,720,14.265277777777778,23.562358163439885,-0.006944444444444444,0.3880597014925373,0.4,39,41,67,14.265277777777778,0.3880597014925373,41,0.0
6,last,60,720,720,14.691666666666666,23.349994051866954,-0.008333333333333333,0.4,0.4,39,39,65,14.691666666666666,0.4,39,0.0
6,last,75,720,720,19.969444444444445,29.592510313703816,5.136111111111111,0.2727272727272727,0.13846153846153847,56,24,33,19.969444444444445,0.2727272727272727,24,0.0
6,last,90,720,720,19.483333333333334,31.191166840772226,2.5388888888888888,0.4,0.36923076923076925,41,36,60,19.483333333333334,0.4,36,0.0
6,last,105,720,720,19.46527777777778,31.023266358582482,-0.015277777777777777,0.3582089552238806,0.36923076923076925,41,43,67,19.46527777777778,0.3582089552238806,43,0.0
6,last,120,720,720,20.291666666666668,31.444527875821784,-0.016666666666666666,0.3076923076923077,0.3076923076923077,45,45,65,20.291666666666668,0.3076923076923077,45,0.0
6,lgb_F0,15,720,720,5.7893618022294175,7.817132941148254,-0.5015676270954013,0.36363636363636365,0.8,3,21,33,5.7893618022294175,0.36363636363636365,13,0.15384615384615385
6,lgb_F0,30,720,720,6.093636084149896,8.384449277445635,-1.0008527060968369,0.38333333333333336,0.6764705882352942,11,37,60,6.093636084149896,0.38333333333333336,33,0.30303030303030304
6,lgb_F0,45,720,720,6.274101376201518,8.643436791414503,-1.0425864456238474,0.5223880597014925,0.813953488372093,8,32,67,6.274101376201518,0.5223880597014925,41,0.43902439024390244
6,lgb_F0,60,720,720,6.4269464051300975,8.673245836925476,-1.0282202292378122,0.4307692307692308,0.8484848484848485,5,37,65,6.4269464051300975,0.4307692307692308,39,0.3333333333333333
6,lgb_F0,75,720,720,6.577444990928962,8.907103854706614,-0.38547791211933313,0.3333333333333333,0.6470588235294118,6,22,33,6.577444990928962,0.3333333333333333,24,0.3333333333333333
6,lgb_F0,90,720,720,6.459493421518113,9.136481404364382,-0.988306484766177,0.4166666666666667,0.6944444444444444,11,35,60,6.459493421518113,0.4166666666666667,36,0.3611111111111111
6,lgb_F0,105,720,720,6.874945071363317,9.882332093487449,-1.0748838443150683,0.43283582089552236,0.7435897435897436,10,38,67,6.874945071363317,0.43283582089552236,43,0.3023255813953488
6,lgb_F0,120,720,720,7.298424289049156,10.424550998754142,-0.8689308345530454,0.2923076923076923,0.7307692307692307,7,46,65,7.298424289049156,0.2923076923076923,45,0.26666666666666666
6,lgb_F1,15,720,720,5.936349027462867,7.8316099524363,0.003209201991404598,0.48484848484848486,0.6153846153846154,10,17,33,5.936349027462867,0.48484848484848486,13,0.46153846153846156
6,lgb_F1,30,720,720,5.905861891252599,7.906366215086357,-0.5653429661906807,0.5333333333333333,0.7441860465116279,11,28,60,5.905861891252599,0.5333333333333333,33,0.5151515151515151
6,lgb_F1,45,720,720,6.154750120244471,8.26467996188015,-0.7164839436236493,0.5223880597014925,0.813953488372093,8,32,67,6.154750120244471,0.5223880597014925,41,0.4634146341463415
6,lgb_F1,60,720,720,6.379128294149284,8.55784600127665,-0.6287847126349579,0.47692307692307695,0.8157894736842105,7,34,65,6.379128294149284,0.47692307692307695,39,0.41025641025641024
6,lgb_F1,75,720,720,6.573095426844574,8.747035902865052,0.2735877465019274,0.5151515151515151,0.6296296296296297,10,16,33,6.573095426844574,0.5151515151515151,24,0.4583333333333333
6,lgb_F1,90,720,720,6.392587128345104,8.942437064639924,-0.34791512737405406,0.4666666666666667,0.7,12,32,60,6.392587128345104,0.4666666666666667,36,0.4166666666666667
6,lgb_F1,105,720,720,6.932874437207094,9.717230742657955,-0.471976983499052,0.5223880597014925,0.7777777777777778,10,32,67,6.932874437207094,0.5223880597014925,43,0.4418604651162791
6,lgb_F1,120,720,720,7.216512858659149,10.029723296384807,-0.3002797620993548,0.46153846153846156,0.7894736842105263,8,35,65,7.216512858659149,0.46153846153846156,45,0.4
6,lgb_F2,15,720,720,5.97290748499726,8.041106284342241,-1.2417620383508667,0.48484848484848486,0.64,9,17,33,5.97290748499726,0.48484848484848486,13,0.46153846153846156
6,lgb_F2,30,720,720,6.042899618886655,8.268069417646206,-1.7877659258697236,0.5,0.75,10,30,60,6.042899618886655,0.5,33,0.45454545454545453
6,lgb_F2,45,720,720,6.309679695447914,8.652300756289906,-1.9739674987317721,0.47761194029850745,0.8205128205128205,7,35,67,6.309679695447914,0.47761194029850745,41,0.36585365853658536
6,lgb_F2,60,720,720,6.390891430852475,8.838980600800344,-1.8223865312135128,0.4307692307692308,0.7567567567567568,9,37,65,6.390891430852475,0.4307692307692308,39,0.358974358974359
6,lgb_F2,75,720,720,6.607548071237479,8.875708772552295,-1.003209109410022,0.36363636363636365,0.5714285714285714,9,21,33,6.607548071237479,0.36363636363636365,24,0.2916666666666667
6,lgb_F2,90,720,720,6.475957898613319,9.142381612400548,-1.627308856051126,0.5,0.75,10,30,60,6.475957898613319,0.5,36,0.3333333333333333
6,lgb_F2,105,720,720,6.918091726082184,9.893177151396237,-1.8004406853232449,0.5223880597014925,0.8333333333333334,7,32,67,6.918091726082184,0.5223880597014925,43,0.3953488372093023
6,lgb_F2,120,720,720,7.134193520912929,10.122045945766848,-1.5877535378912784,0.4,0.7647058823529411,8,39,65,7.134193520912929,0.4,45,0.3333333333333333
6,ridge_F0,15,720,720,9.615880579814663,13.001857663033835,0.049487168918273775,0.09090909090909091,0.25,9,30,33,9.615880579814663,0.09090909090909091,13,0.0
6,ridge_F0,30,720,720,11.02136145653417,15.94491937290947,-1.313709398574335,0.16666666666666666,0.5,10,50,60,11.02136145653417,0.16666666666666666,33,0.0
6,ridge_F0,45,720,720,11.629172218051488,16.959619415192655,-2.659386138741509,0.13432835820895522,0.375,15,58,67,11.629172218051488,0.13432835820895522,41,0.0
6,ridge_F0,60,720,720,12.40946300035924,17.60185759432721,-2.945259437233143,0.15384615384615385,0.47619047619047616,11,55,65,12.40946300035924,0.15384615384615385,39,0.0
6,ridge_F0,75,720,720,14.04224554549645,20.046440280957334,1.2419854763179379,0.15151515151515152,0.38461538461538464,8,28,33,14.04224554549645,0.15151515151515152,24,0.0
6,ridge_F0,90,720,720,14.550683986277383,21.734974037126793,-0.12240173715886947,0.15,0.391304347826087,14,51,60,14.550683986277383,0.15,36,0.0
6,ridge_F0,105,720,720,14.726409222102527,22.13065696281202,-1.4649765935940438,0.13432835820895522,0.375,15,58,67,14.726409222102527,0.13432835820895522,43,0.0
6,ridge_F0,120,720,720,15.715237489253894,23.200823609952455,-1.751299861089432,0.12307692307692308,0.4,12,57,65,15.715237489253894,0.12307692307692308,45,0.0
6,ridge_F1,15,720,720,8.237258112090583,10.85617522418305,0.5000419077071855,0.3939393939393939,0.65,7,20,33,8.237258112090583,0.3939393939393939,13,0.23076923076923078
6,ridge_F1,30,720,720,9.739523228493157,13.276327716101973,-0.5435978485273791,0.35,0.65625,11,39,60,9.739523228493157,0.35,33,0.21212121212121213
6,ridge_F1,45,720,720,10.628339404206308,14.76352788088487,-1.5499910089517535,0.29850746268656714,0.5555555555555556,16,47,67,10.628339404206308,0.29850746268656714,41,0.1951219512195122
6,ridge_F1,60,720,720,11.303210595385163,15.63220251207806,-1.7395392678588855,0.2923076923076923,0.5588235294117647,15,46,65,11.303210595385163,0.2923076923076923,39,0.15384615384615385
6,ridge_F1,75,720,720,12.279256770310713,17.794571058679676,1.4188217376617414,0.18181818181818182,0.3,14,27,33,12.279256770310713,0.18181818181818182,24,0.08333333333333333
6,ridge_F1,90,720,720,12.74715581723744,19.027548177970104,0.37754737604267535,0.3333333333333333,0.6060606060606061,13,40,60,12.74715581723744,0.3333333333333333,36,0.08333333333333333
6,ridge_F1,105,720,720,13.274455761809426,20.04136709332849,-0.6360063301496373,0.2835820895522388,0.5757575757575758,14,48,67,13.274455761809426,0.2835820895522388,43,0.11627906976744186
6,ridge_F1,120,720,720,14.138945257870102,21.292320890746154,-0.8260254057808815,0.2,0.40625,19,52,65,14.138945257870102,0.2,45,0.08888888888888889
6,ridge_F2,15,720,720,8.22501035734968,10.781607093371596,0.11442205767063472,0.30303030303030304,0.6666666666666666,5,23,33,8.22501035734968,0.30303030303030304,13,0.0
6,ridge_F2,30,720,720,9.77017128675471,13.28341998633373,-0.9188105356943329,0.31666666666666665,0.6333333333333333,11,41,60,9.77017128675471,0.31666666666666665,33,0.18181818181818182
6,ridge_F2,45,720,720,10.604742052857665,14.77324430892322,-1.9162759761355979,0.2835820895522388,0.5428571428571428,16,48,67,10.604742052857665,0.2835820895522388,41,0.1951219512195122
6,ridge_F2,60,720,720,11.258192627322371,15.625621395116609,-2.102623606551856,0.2923076923076923,0.59375,13,46,65,11.258192627322371,0.2923076923076923,39,0.15384615384615385
6,ridge_F2,75,720,720,12.198776144229353,17.693230279567906,1.0255949487855955,0.15151515151515152,0.2631578947368421,14,28,33,12.198776144229353,0.15151515151515152,24,0.041666666666666664
6,ridge_F2,90,720,720,12.697951544359457,18.963841568865828,-0.006061037728093608,0.3,0.6,12,42,60,12.697951544359457,0.3,36,0.05555555555555555
6,ridge_F2,105,720,720,13.241365501420775,19.981993590771978,-1.010809257606199,0.26865671641791045,0.5454545454545454,15,49,67,13.241365501420775,0.26865671641791045,43,0.09302325581395349
6,ridge_F2,120,720,720,14.105111870499801,21.220595502512758,-1.1968354268476322,0.2,0.40625,19,52,65,14.105111870499801,0.2,45,0.08888888888888889
6,week,15,720,720,8.093055555555555,11.36936673698232,-2.6430555555555557,0.15151515151515152,0.2631578947368421,14,28,33,8.093055555555555,0.15151515151515152,13,0.0
6,week,30,720,720,8.208333333333334,12.082931027785527,-2.6416666666666666,0.2833333333333333,0.4146341463414634,24,43,60,8.208333333333334,0.2833333333333333,33,0.2727272727272727
6,week,45,720,720,8.225,11.870247587046268,-2.7083333333333335,0.34328358208955223,0.48936170212765956,24,44,67,8.225,0.34328358208955223,41,0.36585365853658536
6,week,60,720,720,8.019444444444444,11.411008330165705,-2.477777777777778,0.27692307692307694,0.4186046511627907,25,47,65,8.019444444444444,0.27692307692307694,39,0.3333333333333333
6,week,75,720,720,8.098611111111111,11.370343979942833,-2.6375,0.15151515151515152,0.2631578947368421,14,28,33,8.098611111111111,0.15151515151515152,24,0.20833333333333334
6,week,90,720,720,8.205555555555556,12.082471233614054,-2.636111111111111,0.2833333333333333,0.4146341463414634,24,43,60,8.205555555555556,0.2833333333333333,36,0.3055555555555556
6,week,105,720,720,8.220833333333333,11.869018961612248,-2.698611111111111,0.34328358208955223,0.48936170212765956,24,44,67,8.220833333333333,0.34328358208955223,43,0.3023255813953488
6,week,120,720,720,8.016666666666667,11.41027801784183,-2.4694444444444446,0.27692307692307694,0.4186046511627907,25,47,65,8.016666666666667,0.27692307692307694,45,0.3333333333333333
7,day,15,693,693,38.63203463203463,62.5092431837523,4.842712842712842,0.4722222222222222,0.4358974358974359,44,38,72,38.63203463203463,0.4722222222222222,24,0.3333333333333333
7,day,30,693,693,39.77489177489178,64.57638630420308,4.744588744588745,0.580952380952381,0.5648148148148148,47,44,105,39.77489177489178,0.580952380952381,48,0.4583333333333333
7,day,45,693,693,41.61616161616162,67.92241563323955,4.536796536796537,0.6141732283464567,0.6046511627906976,51,49,127,41.61616161616162,0.6141732283464567,54,0.5370370370370371
7,day,60,693,693,41.668109668109665,67.52740879043812,4.528138528138528,0.55,0.5454545454545454,55,54,120,41.668109668109665,0.55,52,0.4423076923076923
7,day,75,693,693,39.44011544011544,62.985007034302306,4.761904761904762,0.4722222222222222,0.4358974358974359,44,38,72,39.44011544011544,0.4722222222222222,44,0.4090909090909091
7,day,90,693,693,40.27994227994228,64.89645432186403,4.640692640692641,0.5904761904761905,0.5740740740740741,46,43,105,40.27994227994228,0.5904761904761905,57,0.5263157894736842
7,day,105,693,693,42.20634920634921,68.24380155161677,4.434343434343434,0.6141732283464567,0.6046511627906976,51,49,127,42.20634920634921,0.6141732283464567,68,0.5
7,day,120,693,693,42.268398268398265,67.82785272008546,4.476190476190476,0.5416666666666666,0.5371900826446281,56,55,120,42.268398268398265,0.5416666666666666,64,0.484375
7,hour_mean,15,693,693,16.192640692640694,24.569074667443825,3.39033189033189,0.4583333333333333,0.3402061855670103,64,39,72,16.192640692640694,0.4583333333333333,24,0.041666666666666664
7,hour_mean,30,693,693,18.23953823953824,29.998884659401604,1.1796536796536796,0.4666666666666667,0.5051546391752577,48,56,105,18.23953823953824,0.4666666666666667,48,0.10416666666666667
7,hour_mean,45,693,693,16.88816738816739,28.61867080951383,-2.463924963924964,0.5118110236220472,0.6701030927835051,32,62,127,16.88816738816739,0.5118110236220472,54,0.12962962962962962
7,hour_mean,60,693,693,17.637085137085137,29.582975121299363,-1.994949494949495,0.5166666666666667,0.6391752577319587,35,58,120,17.637085137085137,0.5166666666666667,52,0.11538461538461539
7,hour_mean,75,693,693,21.017316017316016,31.70636893699484,3.3455988455988455,0.4444444444444444,0.32989690721649484,65,40,72,21.017316017316016,0.4444444444444444,44,0.11363636363636363
7,hour_mean,90,693,693,21.504329004329005,34.73009982788466,1.1176046176046177,0.5047619047619047,0.5463917525773195,44,52,105,21.504329004329005,0.5047619047619047,57,0.10526315789473684
7,hour_mean,105,693,693,20.818181818181817,34.54371981480249,-2.512987012987013,0.5039370078740157,0.6597938144329897,33,63,127,20.818181818181817,0.5039370078740157,68,0.11764705882352941
7,hour_mean,120,693,693,21.451659451659452,35.04844359266754,-1.9646464646464648,0.4666666666666667,0.5773195876288659,41,64,120,21.451659451659452,0.4666666666666667,64,0.09375
7,last,15,693,693,12.887445887445887,20.96616528075858,5.375180375180375,0.6666666666666666,0.4,72,24,72,12.887445887445887,0.6666666666666666,24,0.0
7,last,30,693,693,15.86002886002886,26.915264394604364,3.1645021645021645,0.5428571428571428,0.475,63,48,105,15.86002886002886,0.5428571428571428,48,0.0
7,last,45,693,693,14.75036075036075,25.722124827232015,-0.4790764790764791,0.5748031496062992,0.6083333333333333,47,54,127,14.75036075036075,0.5748031496062992,54,0.0
7,last,60,693,693,16.085137085137085,27.13142084583845,-0.010101010101010102,0.5666666666666667,0.5666666666666667,52,52,120,16.085137085137085,0.5666666666666667,52,0.0
7,last,75,693,693,21.26984126984127,32.08821714669856,5.33044733044733,0.3888888888888889,0.23333333333333334,92,44,72,21.26984126984127,0.3888888888888889,44,0.0
7,last,90,693,693,21.873015873015873,35.55618686308227,3.1024531024531026,0.45714285714285713,0.4,72,57,105,21.873015873015873,0.45714285714285713,57,0.0
7,last,105,693,693,20.966810966810968,34.166006751097164,-0.5281385281385281,0.4645669291338583,0.49166666666666664,61,68,127,20.966810966810968,0.4645669291338583,68,0.0
7,last,120,693,693,21.40836940836941,34.79695795365283,0.020202020202020204,0.4666666666666667,0.4666666666666667,64,64,120,21.40836940836941,0.4666666666666667,64,0.0
7,lgb_F0,15,693,693,6.594939073054921,9.50347716773123,-0.6597516940037476,0.4444444444444444,0.8648648648648649,5,40,72,6.594939073054921,0.4444444444444444,24,0.16666666666666666
7,lgb_F0,30,693,693,7.652809609531429,11.21014455284445,-1.574078598612622,0.5142857142857142,0.9152542372881356,5,51,105,7.652809609531429,0.5142857142857142,48,0.4166666666666667
7,lgb_F0,45,693,693,7.892358838223499,11.408601118880378,-2.5132118445779286,0.5511811023622047,0.8974358974358975,8,57,127,7.892358838223499,0.5511811023622047,54,0.46296296296296297
7,lgb_F0,60,693,693,8.208824103152377,11.960431651473863,-2.3177108812275287,0.425,0.796875,13,69,120,8.208824103152377,0.425,52,0.3076923076923077
7,lgb_F0,75,693,693,7.885391945107589,12.17791610596995,-0.748980408711861,0.2361111111111111,0.8095238095238095,4,55,72,7.885391945107589,0.2361111111111111,44,0.20454545454545456
7,lgb_F0,90,693,693,8.739066206785276,13.55925296340953,-1.7523543599052325,0.37142857142857144,0.8478260869565217,7,66,105,8.739066206785276,0.37142857142857144,57,0.24561403508771928
7,lgb_F0,105,693,693,8.779392427700504,13.630630282027468,-2.6179380124118214,0.4094488188976378,0.9285714285714286,4,75,127,8.779392427700504,0.4094488188976378,68,0.25
7,lgb_F0,120,693,693,9.099765613702958,13.97991002185828,-2.4278673686950243,0.3416666666666667,0.803921568627451,10,79,120,9.099765613702958,0.3416666666666667,64,0.203125
7,week,15,693,693,8.89033189033189,14.162069536766635,0.5411255411255411,0.5833333333333334,0.6,28,30,72,8.89033189033189,0.5833333333333334,24,0.25
7,week,30,693,693,9.712842712842713,15.949279274610166,0.4401154401154401,0.6190476190476191,0.6842105263157895,30,40,105,9.712842712842713,0.6190476190476191,48,0.5208333333333334
7,week,45,693,693,9.336219336219337,15.540479191662447,-0.24242424242424243,0.6850393700787402,0.7767857142857143,25,40,127,9.336219336219337,0.6850393700787402,54,0.6666666666666666
7,week,60,693,693,9.213564213564213,15.235287890748802,-0.32756132756132755,0.65,0.7428571428571429,27,42,120,9.213564213564213,0.65,52,0.6153846153846154
7,week,75,693,693,9.666666666666666,15.980191562259895,0.5007215007215007,0.5555555555555556,0.5714285714285714,30,32,72,9.666666666666666,0.5555555555555556,44,0.4772727272727273
7,week,90,693,693,10.316017316017316,17.44895668703689,0.4025974025974026,0.6095238095238096,0.6736842105263158,31,41,105,10.316017316017316,0.6095238095238096,57,0.47368421052631576
7,week,105,693,693,9.922077922077921,16.787355235870116,-0.2886002886002886,0.6771653543307087,0.7678571428571429,26,41,127,9.922077922077921,0.6771653543307087,68,0.5882352941176471
7,week,120,693,693,9.658008658008658,16.437866747344778,-0.30447330447330445,0.6333333333333333,0.7238095238095238,29,44,120,9.658008658008658,0.6333333333333333,64,0.59375
