period,model,n,origins,MAE,RMSE,bias,recall,precision,FP,FN,positive_slots,window_max_MAE,window_recall,onset_events,onset_recall
4~6월,cat_F0,17472,2184,9.99808668379889,16.281813616434007,0.2642844199400415,0.14660493827160495,0.7307692307692307,35,553,648,11.658942517751136,0.16030534351145037,191,0.11518324607329843
4~6월,cat_F1,17472,2184,10.54926678261677,18.55185041411356,1.2484594037807997,0.2037037037037037,0.6470588235294118,72,516,648,12.098033859866645,0.17938931297709923,191,0.1256544502617801
4~6월,cat_F2,17472,2184,10.312199348697506,18.781753525468346,0.5772404007700314,0.20833333333333334,0.6887755102040817,61,513,648,11.967754140508704,0.18702290076335878,191,0.10471204188481675
4~6월,day,17472,2184,40.684237637362635,64.3479405414274,-1.2059867216117217,0.29012345679012347,0.2984126984126984,442,460,648,45.272893772893774,0.5,191,0.5445026178010471
4~6월,hour_mean,17472,2184,18.064474587912088,29.83363277342716,-0.046989468864468864,0.24845679012345678,0.3530701754385965,295,487,648,17.594322344322343,0.17557251908396945,191,0.031413612565445025
4~6월,last,17472,2184,16.453468406593405,27.23232930939593,1.9257669413919414,0.31790123456790126,0.2627551020408163,578,442,648,15.090659340659341,0.27099236641221375,191,0.0
4~6월,lgb_F0,17472,2184,9.2195093426406,15.229657217088189,0.8386785084739153,0.2932098765432099,0.7251908396946565,72,458,648,10.263094139662202,0.2633587786259542,191,0.193717277486911
4~6월,lgb_F1,17472,2184,9.768376238862249,17.874679855043006,1.141985523776988,0.3888888888888889,0.6494845360824743,136,396,648,11.100837551447528,0.30916030534351147,191,0.23036649214659685
4~6월,lgb_F2,17472,2184,9.703102686576214,17.788649206123925,0.596750431861195,0.37037037037037035,0.6593406593406593,124,408,648,11.108728700334996,0.3053435114503817,191,0.2094240837696335
4~6월,ridge_F0,17472,2184,14.884585828195464,21.837495719873075,-1.3202589298379448,0.09722222222222222,0.3888888888888889,99,585,648,16.900918155587025,0.09541984732824428,191,0.0
4~6월,ridge_F1,17472,2184,13.484613223112708,19.774653773527213,-0.7199798928864106,0.22067901234567902,0.5035211267605634,141,505,648,15.536611750362624,0.16793893129770993,191,0.06806282722513089
4~6월,ridge_F2,17472,2184,13.677289730100691,19.954561759114323,-0.7890643456511518,0.20833333333333334,0.4963235294117647,137,513,648,15.805599667028831,0.16412213740458015,191,0.06806282722513089
4~6월,week,17472,2184,19.072802197802197,37.97137953669071,-1.346382783882784,0.25925925925925924,0.27906976744186046,434,480,648,20.23305860805861,0.4351145038167939,191,0.44502617801047123
7월,day,5544,693,40.73575036075036,65.84775583155395,4.620670995670996,0.5636792452830188,0.5481651376146789,394,370,848,45.42568542568542,0.6923076923076923,103,0.6116504854368932
7월,hour_mean,5544,693,19.21861471861472,31.28675616153121,0.012085137085137086,0.4882075471698113,0.5335051546391752,362,434,848,19.02020202020202,0.4423076923076923,103,0.10679611650485436
7월,last,5544,693,18.137626262626263,30.070321021718513,1.996933621933622,0.5153301886792453,0.4552083333333333,523,411,848,16.353535353535353,0.5048076923076923,103,0.0
7월,lgb_F0,5544,693,8.10656847715732,12.260599861277708,-1.8264866460182207,0.419811320754717,0.8640776699029126,56,492,848,9.777867749266164,0.5144230769230769,103,0.3592233009708738
7월,week,5544,693,9.58946608946609,15.970345896440316,0.09018759018759019,0.6344339622641509,0.7041884816753927,226,310,848,8.897546897546897,0.8365384615384616,103,0.8058252427184466
