month,fraction,policy,days,mean_reduction,worst_reduction,worse_days,period_max,mean_delay
4,0.05,immediate,30,0.0,0.0,0,199.0,0.0
4,0.05,last,30,0.0,0.0,0,199.0,0.0
4,0.05,lgb_F0,30,1.173333333333335,-7.900000000000006,1,199.0,26.2
4,0.05,oracle,30,1.5633333333333355,0.0,0,199.0,13.4
4,0.05,week,30,-0.13666666666666646,-7.900000000000006,3,199.0,13.2
4,0.1,immediate,30,0.0,0.0,0,204.8,0.0
4,0.1,last,30,0.0,0.0,0,204.8,0.0
4,0.1,lgb_F0,30,4.526666666666671,-12.0,2,199.0,29.0
4,0.1,oracle,30,5.966666666666672,0.0,0,199.0,18.0
4,0.1,week,30,1.926666666666669,-12.0,4,204.8,18.4
5,0.05,immediate,31,0.0,0.0,0,199.0,0.0
5,0.05,last,31,0.0,0.0,0,199.0,0.0
5,0.05,lgb_F0,31,0.07096774193548454,-7.800000000000011,4,199.0,21.870967741935484
5,0.05,oracle,31,0.9483870967741954,0.0,0,199.0,14.129032258064516
5,0.05,week,31,-0.2709677419354829,-7.800000000000011,5,199.0,13.548387096774194
5,0.1,immediate,31,0.0,0.0,0,204.6,0.0
5,0.1,last,31,0.0,0.0,0,204.6,0.0
5,0.1,lgb_F0,31,1.5935483870967726,-12.0,8,199.0,24.774193548387096
5,0.1,oracle,31,4.167741935483868,0.0,0,199.0,18.193548387096776
5,0.1,week,31,1.7548387096774176,-12.0,8,199.0,17.612903225806452
6,0.05,immediate,30,0.0,0.0,0,222.0,0.0
6,0.05,last,30,0.0,0.0,0,222.0,0.0
6,0.05,lgb_F0,30,1.1833333333333333,-8.0,5,222.0,19.0
6,0.05,oracle,30,2.216666666666667,0.0,0,222.0,14.2
6,0.05,week,30,1.0833333333333333,0.0,0,222.0,13.6
6,0.1,immediate,30,0.0,0.0,0,222.0,0.0
6,0.1,last,30,0.0,0.0,0,222.0,0.0
6,0.1,lgb_F0,30,3.45,-11.5,6,222.0,21.2
6,0.1,oracle,30,5.65,0.0,0,222.0,18.2
6,0.1,week,30,3.183333333333333,-4.0,3,222.0,17.0
7,0.05,immediate,29,0.0,0.0,0,222.8,0.0
7,0.05,last,29,0.0,0.0,0,222.8,0.0
7,0.05,lgb_F0,29,1.3241379310344858,-1.0,3,222.0,22.551724137931036
7,0.05,oracle,29,2.117241379310349,0.0,0,222.0,17.17241379310345
7,0.05,week,29,1.1241379310344854,-1.0,1,222.0,15.931034482758621
7,0.1,immediate,29,0.0,0.0,0,231.6,0.0
7,0.1,last,29,0.0,0.0,0,231.6,0.0
7,0.1,lgb_F0,29,4.434482758620688,-2.0,3,222.0,24.20689655172414
7,0.1,oracle,29,6.1999999999999975,0.0,0,222.0,21.724137931034484
7,0.1,week,29,3.117241379310344,-2.0,5,222.0,20.896551724137932
