month,model,policy,alpha,total_entries,evaluable_entries,detected_entries,missed_entries,coverage,episode_recall
4,F0,monthly,0.01,29,29,21,8,1.0,0.7241379310344828
4,F0,monthly,0.05,29,29,27,2,1.0,0.9310344827586207
4,F0,weekly,0.01,29,29,13,16,1.0,0.4482758620689655
4,F0,weekly,0.05,29,29,21,8,1.0,0.7241379310344828
4,week,monthly,0.01,29,29,4,25,1.0,0.13793103448275862
4,week,monthly,0.05,29,29,5,24,1.0,0.1724137931034483
4,week,weekly,0.01,29,29,4,25,1.0,0.13793103448275862
4,week,weekly,0.05,29,29,5,24,1.0,0.1724137931034483
5,F0,monthly,0.01,30,24,12,12,0.8,0.5
5,F0,monthly,0.05,30,24,20,4,0.8,0.8333333333333334
5,F0,weekly,0.01,30,24,10,14,0.8,0.4166666666666667
5,F0,weekly,0.05,30,24,23,1,0.8,0.9583333333333334
5,week,monthly,0.01,30,24,3,21,0.8,0.125
5,week,monthly,0.05,30,24,5,19,0.8,0.20833333333333334
5,week,weekly,0.01,30,24,4,20,0.8,0.16666666666666666
5,week,weekly,0.05,30,24,8,16,0.8,0.3333333333333333
6,F0,monthly,0.01,94,61,50,11,0.648936170212766,0.819672131147541
6,F0,monthly,0.05,94,61,61,0,0.648936170212766,1.0
6,F0,weekly,0.01,94,61,57,4,0.648936170212766,0.9344262295081968
6,F0,weekly,0.05,94,61,61,0,0.648936170212766,1.0
6,week,monthly,0.01,94,61,12,49,0.648936170212766,0.19672131147540983
6,week,monthly,0.05,94,61,25,36,0.648936170212766,0.4098360655737705
6,week,weekly,0.01,94,61,15,46,0.648936170212766,0.2459016393442623
6,week,weekly,0.05,94,61,30,31,0.648936170212766,0.4918032786885246
7,F0,monthly,0.01,117,73,69,4,0.6239316239316239,0.9452054794520548
7,F0,monthly,0.05,117,73,73,0,0.6239316239316239,1.0
7,F0,weekly,0.01,117,73,58,15,0.6239316239316239,0.7945205479452054
7,F0,weekly,0.05,117,73,72,1,0.6239316239316239,0.9863013698630136
7,week,monthly,0.01,117,73,24,49,0.6239316239316239,0.3287671232876712
7,week,monthly,0.05,117,73,55,18,0.6239316239316239,0.7534246575342466
7,week,weekly,0.01,117,73,34,39,0.6239316239316239,0.4657534246575342
7,week,weekly,0.05,117,73,60,13,0.6239316239316239,0.821917808219178
