month,model,policy,alpha,update_at,valid_until,threshold,calibration_n,negatives,fallback,latest_calibration_target,calibration_FPR
4,F0,monthly,0.01,2021-04-01,2021-05-01,0.42565391318979123,309,266,False,2021-03-31 23:00:00,0.007518796992481203
4,F0,weekly,0.01,2021-04-01,2021-04-08,0.42565391318979123,309,266,False,2021-03-31 23:00:00,0.007518796992481203
4,F0,weekly,0.01,2021-04-08,2021-04-15,0.8112362949773457,310,264,False,2021-04-07 23:00:00,0.007575757575757576
4,F0,weekly,0.01,2021-04-15,2021-04-22,0.911413530354502,319,276,False,2021-04-14 23:00:00,0.007246376811594203
4,F0,weekly,0.01,2021-04-22,2021-04-29,0.911413530354502,327,293,False,2021-04-21 23:00:00,0.006825938566552901
4,F0,weekly,0.01,2021-04-29,2021-05-01,0.6862921773046666,332,320,False,2021-04-28 23:00:00,0.009375
4,F0,monthly,0.05,2021-04-01,2021-05-01,0.16353266907615177,309,266,False,2021-03-31 23:00:00,0.04887218045112782
4,F0,weekly,0.05,2021-04-01,2021-04-08,0.16353266907615177,309,266,False,2021-03-31 23:00:00,0.04887218045112782
4,F0,weekly,0.05,2021-04-08,2021-04-15,0.3290095387675259,310,264,False,2021-04-07 23:00:00,0.04924242424242424
4,F0,weekly,0.05,2021-04-15,2021-04-22,0.6094183605661576,319,276,False,2021-04-14 23:00:00,0.04710144927536232
4,F0,weekly,0.05,2021-04-22,2021-04-29,0.5647063772281946,327,293,False,2021-04-21 23:00:00,0.04778156996587031
4,F0,weekly,0.05,2021-04-29,2021-05-01,0.4787959298044706,332,320,False,2021-04-28 23:00:00,0.046875
4,week,monthly,0.01,2021-04-01,2021-05-01,0.3675215392490604,309,266,False,2021-03-31 23:00:00,0.007518796992481203
4,week,weekly,0.01,2021-04-01,2021-04-08,0.3675215392490604,309,266,False,2021-03-31 23:00:00,0.007518796992481203
4,week,weekly,0.01,2021-04-08,2021-04-15,0.43265739446344315,310,264,False,2021-04-07 23:00:00,0.007575757575757576
4,week,weekly,0.01,2021-04-15,2021-04-22,0.43265739446344315,319,276,False,2021-04-14 23:00:00,0.007246376811594203
4,week,weekly,0.01,2021-04-22,2021-04-29,0.215111889433683,327,293,False,2021-04-21 23:00:00,0.0
4,week,weekly,0.01,2021-04-29,2021-05-01,0.215111889433683,332,320,False,2021-04-28 23:00:00,0.0
4,week,monthly,0.05,2021-04-01,2021-05-01,0.23399614797030058,309,266,False,2021-03-31 23:00:00,0.04887218045112782
4,week,weekly,0.05,2021-04-01,2021-04-08,0.23399614797030058,309,266,False,2021-03-31 23:00:00,0.04887218045112782
4,week,weekly,0.05,2021-04-08,2021-04-15,0.24181248707142078,310,264,False,2021-04-07 23:00:00,0.04924242424242424
4,week,weekly,0.05,2021-04-15,2021-04-22,0.22704092520268215,319,276,False,2021-04-14 23:00:00,0.04710144927536232
4,week,weekly,0.05,2021-04-22,2021-04-29,0.20073849860353832,327,293,False,2021-04-21 23:00:00,0.034129692832764506
4,week,weekly,0.05,2021-04-29,2021-05-01,0.20073849860353832,332,320,False,2021-04-28 23:00:00,0.03125
5,F0,monthly,0.01,2021-05-01,2021-06-01,0.6870637787352183,334,334,False,2021-04-30 23:00:00,0.005988023952095809
5,F0,weekly,0.01,2021-05-01,2021-05-08,0.6870637787352183,334,334,False,2021-04-30 23:00:00,0.005988023952095809
5,F0,weekly,0.01,2021-05-08,2021-05-15,0.6829596074687534,326,310,False,2021-05-07 23:00:00,0.00967741935483871
5,F0,weekly,0.01,2021-05-15,2021-05-22,0.7684429465202626,322,291,False,2021-05-14 23:00:00,0.006872852233676976
5,F0,weekly,0.01,2021-05-22,2021-05-29,0.7794528216115162,326,298,False,2021-05-21 23:00:00,0.006711409395973154
5,F0,weekly,0.01,2021-05-29,2021-06-01,0.7124792457322946,330,317,False,2021-05-28 23:00:00,0.00946372239747634
5,F0,monthly,0.05,2021-05-01,2021-06-01,0.48668875593268296,334,334,False,2021-04-30 23:00:00,0.04790419161676647
5,F0,weekly,0.05,2021-05-01,2021-05-08,0.48668875593268296,334,334,False,2021-04-30 23:00:00,0.04790419161676647
5,F0,weekly,0.05,2021-05-08,2021-05-15,0.41704148178688616,326,310,False,2021-05-07 23:00:00,0.04838709677419355
5,F0,weekly,0.05,2021-05-15,2021-05-22,0.41013126276112355,322,291,False,2021-05-14 23:00:00,0.048109965635738834
5,F0,weekly,0.05,2021-05-22,2021-05-29,0.45439050787523466,326,298,False,2021-05-21 23:00:00,0.04697986577181208
5,F0,weekly,0.05,2021-05-29,2021-06-01,0.38768524173758534,330,317,False,2021-05-28 23:00:00,0.0473186119873817
5,week,monthly,0.01,2021-05-01,2021-06-01,0.39384284106043305,334,334,False,2021-04-30 23:00:00,0.0
5,week,weekly,0.01,2021-05-01,2021-05-08,0.39384284106043305,334,334,False,2021-04-30 23:00:00,0.0
5,week,weekly,0.01,2021-05-08,2021-05-15,0.31425150706357696,326,310,False,2021-05-07 23:00:00,0.0064516129032258064
5,week,weekly,0.01,2021-05-15,2021-05-22,0.45402344378622883,322,291,False,2021-05-14 23:00:00,0.006872852233676976
5,week,weekly,0.01,2021-05-22,2021-05-29,0.45402344378622883,326,298,False,2021-05-21 23:00:00,0.006711409395973154
5,week,weekly,0.01,2021-05-29,2021-06-01,0.44128728163296077,330,317,False,2021-05-28 23:00:00,0.006309148264984227
5,week,monthly,0.05,2021-05-01,2021-06-01,0.3617407628838368,334,334,False,2021-04-30 23:00:00,0.029940119760479042
5,week,weekly,0.05,2021-05-01,2021-05-08,0.3617407628838368,334,334,False,2021-04-30 23:00:00,0.029940119760479042
5,week,weekly,0.05,2021-05-08,2021-05-15,0.29717510867731767,326,310,False,2021-05-07 23:00:00,0.04838709677419355
5,week,weekly,0.05,2021-05-15,2021-05-22,0.32318514912626883,322,291,False,2021-05-14 23:00:00,0.048109965635738834
5,week,weekly,0.05,2021-05-22,2021-05-29,0.3617407628838368,326,298,False,2021-05-21 23:00:00,0.04697986577181208
5,week,weekly,0.05,2021-05-29,2021-06-01,0.3617407628838368,330,317,False,2021-05-28 23:00:00,0.0473186119873817
6,F0,monthly,0.01,2021-06-01,2021-07-01,0.7724204616806762,333,319,False,2021-05-31 23:00:00,0.009404388714733543
6,F0,weekly,0.01,2021-06-01,2021-06-08,0.7724204616806762,333,319,False,2021-05-31 23:00:00,0.009404388714733543
6,F0,weekly,0.01,2021-06-08,2021-06-15,0.6512720932526986,324,306,False,2021-06-07 23:00:00,0.00980392156862745
6,F0,weekly,0.01,2021-06-15,2021-06-22,0.49780325580043183,315,283,False,2021-06-14 23:00:00,0.007067137809187279
6,F0,weekly,0.01,2021-06-22,2021-06-29,0.33280977821877744,304,262,False,2021-06-21 23:00:00,0.007633587786259542
6,F0,weekly,0.01,2021-06-29,2021-07-01,0.3226708482740652,295,248,False,2021-06-28 23:00:00,0.008064516129032258
6,F0,monthly,0.05,2021-06-01,2021-07-01,0.337798486603088,333,319,False,2021-05-31 23:00:00,0.047021943573667714
6,F0,weekly,0.05,2021-06-01,2021-06-08,0.337798486603088,333,319,False,2021-05-31 23:00:00,0.047021943573667714
6,F0,weekly,0.05,2021-06-08,2021-06-15,0.30510151701529153,324,306,False,2021-06-07 23:00:00,0.049019607843137254
6,F0,weekly,0.05,2021-06-15,2021-06-22,0.2537193262523205,315,283,False,2021-06-14 23:00:00,0.04946996466431095
6,F0,weekly,0.05,2021-06-22,2021-06-29,0.19559593657170934,304,262,False,2021-06-21 23:00:00,0.04961832061068702
6,F0,weekly,0.05,2021-06-29,2021-07-01,0.1810410115679377,295,248,False,2021-06-28 23:00:00,0.04838709677419355
6,week,monthly,0.01,2021-06-01,2021-07-01,0.26172653753149916,333,319,False,2021-05-31 23:00:00,0.006269592476489028
6,week,weekly,0.01,2021-06-01,2021-06-08,0.26172653753149916,333,319,False,2021-05-31 23:00:00,0.006269592476489028
6,week,weekly,0.01,2021-06-08,2021-06-15,0.22425953983449495,324,306,False,2021-06-07 23:00:00,0.006535947712418301
6,week,weekly,0.01,2021-06-15,2021-06-22,0.2713838987118475,315,283,False,2021-06-14 23:00:00,0.007067137809187279
6,week,weekly,0.01,2021-06-22,2021-06-29,0.2713838987118475,304,262,False,2021-06-21 23:00:00,0.007633587786259542
6,week,weekly,0.01,2021-06-29,2021-07-01,0.3406111619066104,295,248,False,2021-06-28 23:00:00,0.008064516129032258
6,week,monthly,0.05,2021-06-01,2021-07-01,0.2127570562675561,333,319,False,2021-05-31 23:00:00,0.04075235109717868
6,week,weekly,0.05,2021-06-01,2021-06-08,0.2127570562675561,333,319,False,2021-05-31 23:00:00,0.04075235109717868
6,week,weekly,0.05,2021-06-08,2021-06-15,0.18167302889025336,324,306,False,2021-06-07 23:00:00,0.042483660130718956
6,week,weekly,0.05,2021-06-15,2021-06-22,0.18167302889025336,315,283,False,2021-06-14 23:00:00,0.045936395759717315
6,week,weekly,0.05,2021-06-22,2021-06-29,0.20261715561933172,304,262,False,2021-06-21 23:00:00,0.04580152671755725
6,week,weekly,0.05,2021-06-29,2021-07-01,0.22425953983449495,295,248,False,2021-06-28 23:00:00,0.036290322580645164
7,F0,monthly,0.01,2021-07-01,2021-08-01,0.2776013212395869,297,248,False,2021-06-30 23:00:00,0.008064516129032258
7,F0,weekly,0.01,2021-07-01,2021-07-08,0.2776013212395869,297,248,False,2021-06-30 23:00:00,0.008064516129032258
7,F0,weekly,0.01,2021-07-08,2021-07-15,0.616318091785526,299,234,False,2021-07-07 23:00:00,0.008547008547008548
7,F0,weekly,0.01,2021-07-15,2021-07-22,0.9400052990663408,272,218,False,2021-07-14 23:00:00,0.009174311926605505
7,F0,weekly,0.01,2021-07-22,2021-07-29,0.9942954258181795,233,195,False,2021-07-21 23:00:00,0.005128205128205128
7,F0,weekly,0.01,2021-07-29,2021-08-01,0.4625523529771762,242,202,False,2021-07-28 23:00:00,0.009900990099009901
7,F0,monthly,0.05,2021-07-01,2021-08-01,0.01704555140447065,297,248,False,2021-06-30 23:00:00,0.04838709677419355
7,F0,weekly,0.05,2021-07-01,2021-07-08,0.01704555140447065,297,248,False,2021-06-30 23:00:00,0.04838709677419355
7,F0,weekly,0.05,2021-07-08,2021-07-15,0.018374052773911024,299,234,False,2021-07-07 23:00:00,0.04700854700854701
7,F0,weekly,0.05,2021-07-15,2021-07-22,0.1329693730305052,272,218,False,2021-07-14 23:00:00,0.045871559633027525
7,F0,weekly,0.05,2021-07-22,2021-07-29,0.2765426706665573,233,195,False,2021-07-21 23:00:00,0.046153846153846156
7,F0,weekly,0.05,2021-07-29,2021-08-01,0.09367352000493753,242,202,False,2021-07-28 23:00:00,0.04950495049504951
7,week,monthly,0.01,2021-07-01,2021-08-01,0.6565797780247125,297,248,False,2021-06-30 23:00:00,0.008064516129032258
7,week,weekly,0.01,2021-07-01,2021-07-08,0.6565797780247125,297,248,False,2021-06-30 23:00:00,0.008064516129032258
7,week,weekly,0.01,2021-07-08,2021-07-15,0.5540508998553512,299,234,False,2021-07-07 23:00:00,0.004273504273504274
7,week,weekly,0.01,2021-07-15,2021-07-22,0.4288470510993353,272,218,False,2021-07-14 23:00:00,0.0045871559633027525
7,week,weekly,0.01,2021-07-22,2021-07-29,0.4288470510993353,233,195,False,2021-07-21 23:00:00,0.0
7,week,weekly,0.01,2021-07-29,2021-08-01,0.260707522965264,242,202,False,2021-07-28 23:00:00,0.0049504950495049506
7,week,monthly,0.05,2021-07-01,2021-08-01,0.3238688211392562,297,248,False,2021-06-30 23:00:00,0.04435483870967742
7,week,weekly,0.05,2021-07-01,2021-07-08,0.3238688211392562,297,248,False,2021-06-30 23:00:00,0.04435483870967742
7,week,weekly,0.05,2021-07-08,2021-07-15,0.288906803420447,299,234,False,2021-07-07 23:00:00,0.029914529914529916
7,week,weekly,0.05,2021-07-15,2021-07-22,0.26948962494256296,272,218,False,2021-07-14 23:00:00,0.04128440366972477
7,week,weekly,0.05,2021-07-22,2021-07-29,0.2239146012387524,233,195,False,2021-07-21 23:00:00,0.041025641025641026
7,week,weekly,0.05,2021-07-29,2021-08-01,0.1549276900401041,242,202,False,2021-07-28 23:00:00,0.04950495049504951
